AREA,AREA_TITLE,AREA_TYPE,PRIM_STATE,NAICS,NAICS_TITLE,I_GROUP,OWN_CODE,OCC_CODE,OCC_TITLE,O_GROUP,TOT_EMP,EMP_PRSE,JOBS_1000,LOC_QUOTIENT,PCT_TOTAL,PCT_RPT,H_MEAN,A_MEAN,MEAN_PRSE,H_PCT10,H_PCT25,H_MEDIAN,H_PCT75,H_PCT90,A_PCT10,A_PCT25,A_MEDIAN,A_PCT75,A_PCT90,ANNUAL,HOURLY
99,U.S.,1,US,611000,Educational Services,"3-digit, ownership",2,00-0000,All Occupations,total,2068090,0,,,100,100,37.55,78100,0.3,16.79,23.04,30.74,44.35,63.61,34920,47930,63940,92250,132300,,
99,U.S.,1,US,611000,Educational Services,"3-digit, ownership",2,11-0000,Management Occupations,major,162110,0.2,,,7.84,71,61.04,126960,0.3,31.74,39.79,51.04,68.13,102.18,66020,82760,106170,141710,212520,,
99,U.S.,1,US,611000,Educational Services,"3-digit, ownership",2,11-1000,Top Executives,minor,9930,1.1,,,0.48,22,75.85,157770,0.5,31.53,40.64,59.26,88.71,#,65590,84540,123270,184510,#,,
99,U.S.,1,US,611000,Educational Services,"3-digit, ownership",2,11-1010,Chief Executives,broad,1230,1.2,,,0.06,8,150.35,312730,0.8,67.43,87.51,#,#,#,140250,182010,#,#,#,,
99,U.S.,1,US,611000,Educational Services,"3-digit, ownership",2,11-1011,Chief Executives,detailed,1230,1.2,,,0.06,8,150.35,312730,0.8,67.43,87.51,#,#,#,140250,182010,#,#,#,,
99,U.S.,1,US,611000,Educational Services,"3-digit, ownership",2,11-1020,General and Operations Managers,broad,8700,1.2,,,0.42,19,65.33,135890,0.6,31.26,39.66,51.73,78.41,111.29,65010,82490,107590,163090,231490,,
99,U.S.,1,US,611000,Educational Services,"3-digit, ownership",2,11-1021,General and Operations Managers,detailed,8700,1.2,,,0.42,19,65.33,135890,0.6,31.26,39.66,51.73,78.41,111.29,65010,82490,107590,163090,231490,,
99,U.S.,1,US,611000,Educational Services,"3-digit, ownership",2,11-2000,"Advertising, Marketing, Promotions, Public Relations, and Sales Managers",minor,8760,0.9,,,0.42,22,60.84,126550,0.5,33.53,40.88,52.66,71.74,97.1,69740,85030,109530,149220,201960,,
99,U.S.,1,US,611000,Educational Services,"3-digit, ownership",2,11-2010,Advertising and Promotions Managers,broad,110,4.2,,,0.01,~,60.17,125160,1.2,26.79,31.79,48.64,81.39,110.21,55720,66130,101170,169290,229230,,
99,U.S.,1,US,611000,Educational Services,"3-digit, ownership",2,11-2011,Advertising and Promotions Managers,detailed,110,4.2,,,0.01,~,60.17,125160,1.2,26.79,31.79,48.64,81.39,110.21,55720,66130,101170,169290,229230,,
99,U.S.,1,US,611000,Educational Services,"3-digit, ownership",2,11-2020,Marketing and Sales Managers,broad,2450,1.4,,,0.12,9,54.8,113990,0.5,32.58,39.36,49.25,63.12,83.89,67760,81870,102440,131300,174500,,
99,U.S.,1,US,611000,Educational Services,"3-digit, ownership",2,11-2021,Marketing Managers,detailed,2210,1.5,,,0.11,8,54.79,113960,0.6,32.58,39.32,49.22,63.12,83.89,67760,81790,102380,131300,174500,,
99,U.S.,1,US,611000,Educational Services,"3-digit, ownership",2,11-2022,Sales Managers,detailed,240,1.1,,,0.01,1,54.94,114270,0.8,32.79,40.37,51.4,63.91,81.99,68190,83980,106920,132920,170550,,
99,U.S.,1,US,611000,Educational Services,"3-digit, ownership",2,11-2030,Public Relations and Fundraising Managers,broad,6200,1,,,0.3,18,63.24,131540,0.6,35.06,41.99,57.71,77.9,101.74,72930,87340,120040,162020,211620,,
99,U.S.,1,US,611000,Educational Services,"3-digit, ownership",2,11-2032,Public Relations Managers,detailed,2880,0.9,,,0.14,8,57.37,119330,0.5,32.67,40.31,50.8,66.52,85.53,67960,83850,105670,138360,177890,,
99,U.S.,1,US,611000,Educational Services,"3-digit, ownership",2,11-2033,Fundraising Managers,detailed,3320,1.4,,,0.16,15,68.34,142140,1.1,37.83,48.04,61.39,83.99,108.11,78690,99920,127700,174710,224870,,
99,U.S.,1,US,611000,Educational Services,"3-digit, ownership",2,11-3000,Operations Specialties Managers,minor,37110,0.4,,,1.79,38,60.14,125080,0.3,34.41,41.7,53.05,68.01,87.29,71560,86740,110350,141470,181570,,
99,U.S.,1,US,611000,Educational Services,"3-digit, ownership",2,11-3010,Administrative Services and Facilities Managers,broad,13430,0.8,,,0.65,21,53.99,112290,0.4,31.7,38.72,49.58,64.22,82.24,65930,80540,103130,133580,171050,,
99,U.S.,1,US,611000,Educational Services,"3-digit, ownership",2,11-3012,Administrative Services Managers,detailed,9320,1.2,,,0.45,17,54.12,112580,0.5,31.49,38.44,49.26,64.34,82.78,65500,79960,102460,133830,172190,,
99,U.S.,1,US,611000,Educational Services,"3-digit, ownership",2,11-3013,Facilities Managers,detailed,4110,0.5,,,0.2,11,53.68,111650,0.3,31.82,39.45,49.9,63.18,81.16,66190,82060,103790,131400,168800,,
99,U.S.,1,US,611000,Educational Services,"3-digit, ownership",2,11-3020,Computer and Information Systems Managers,broad,9410,0.7,,,0.45,19,63.72,132540,0.3,39.05,49.12,60.45,75.58,89.59,81220,102160,125740,157210,186350,,
99,U.S.,1,US,611000,Educational Services,"3-digit, ownership",2,11-3021,Computer and Information Systems Managers,detailed,9410,0.7,,,0.45,19,63.72,132540,0.3,39.05,49.12,60.45,75.58,89.59,81220,102160,125740,157210,186350,,
99,U.S.,1,US,611000,Educational Services,"3-digit, ownership",2,11-3030,Financial Managers,broad,8000,0.6,,,0.39,23,68.21,141880,0.4,39.83,49.52,62.01,80.78,104.82,82850,103000,128970,168010,218020,,
99,U.S.,1,US,611000,Educational Services,"3-digit, ownership",2,11-3031,Financial Managers,detailed,8000,0.6,,,0.39,23,68.21,141880,0.4,39.83,49.52,62.01,80.78,104.82,82850,103000,128970,168010,218020,,
99,U.S.,1,US,611000,Educational Services,"3-digit, ownership",2,11-3050,Industrial Production Managers,broad,60,2.1,,,0,1,47.22,98220,0.7,36.57,37.79,42.24,51.18,63.47,76070,78610,87860,106460,132010,,
99,U.S.,1,US,611000,Educational Services,"3-digit, ownership",2,11-3051,Industrial Production Managers,detailed,60,2.1,,,0,1,47.22,98220,0.7,36.57,37.79,42.24,51.18,63.47,76070,78610,87860,106460,132010,,
99,U.S.,1,US,611000,Educational Services,"3-digit, ownership",2,11-3060,Purchasing Managers,broad,790,1.1,,,0.04,4,55.79,116050,1.2,33.55,42.1,51.5,63.67,81.49,69790,87580,107120,132440,169500,,
99,U.S.,1,US,611000,Educational Services,"3-digit, ownership",2,11-3061,Purchasing Managers,detailed,790,1.1,,,0.04,4,55.79,116050,1.2,33.55,42.1,51.5,63.67,81.49,69790,87580,107120,132440,169500,,
99,U.S.,1,US,611000,Educational Services,"3-digit, ownership",2,11-3070,"Transportation, Storage, and Distribution Managers",broad,450,0.7,,,0.02,2,51.05,106190,0.5,31.65,37.87,50.84,60.22,75.83,65830,78770,105750,125250,157720,,
99,U.S.,1,US,611000,Educational Services,"3-digit, ownership",2,11-3071,"Transportation, Storage, and Distribution Managers",detailed,450,0.7,,,0.02,2,51.05,106190,0.5,31.65,37.87,50.84,60.22,75.83,65830,78770,105750,125250,157720,,
99,U.S.,1,US,611000,Educational Services,"3-digit, ownership",2,11-3110,Compensation and Benefits Managers,broad,310,1.3,,,0.02,2,57.28,119140,0.6,37.46,42.46,51.04,67.15,84.61,77910,88310,106150,139670,175980,,
99,U.S.,1,US,611000,Educational Services,"3-digit, ownership",2,11-3111,Compensation and Benefits Managers,detailed,310,1.3,,,0.02,2,57.28,119140,0.6,37.46,42.46,51.04,67.15,84.61,77910,88310,106150,139670,175980,,
99,U.S.,1,US,611000,Educational Services,"3-digit, ownership",2,11-3120,Human Resources Managers,broad,3820,1.1,,,0.18,13,60.59,126030,0.4,38.38,44.78,52.4,69.11,88.75,79830,93150,108990,143740,184600,,
99,U.S.,1,US,611000,Educational Services,"3-digit, ownership",2,11-3121,Human Resources Managers,detailed,3820,1.1,,,0.18,13,60.59,126030,0.4,38.38,44.78,52.4,69.11,88.75,79830,93150,108990,143740,184600,,
99,U.S.,1,US,611000,Educational Services,"3-digit, ownership",2,11-3130,Training and Development Managers,broad,850,5.1,,,0.04,3,50.17,104340,0.5,33.81,35.33,46.5,57.67,71.21,70330,73480,96720,119950,148110,,
99,U.S.,1,US,611000,Educational Services,"3-digit, ownership",2,11-3131,Training and Development Managers,detailed,850,5.1,,,0.04,3,50.17,104340,0.5,33.81,35.33,46.5,57.67,71.21,70330,73480,96720,119950,148110,,
99,U.S.,1,US,611000,Educational Services,"3-digit, ownership",2,11-9000,Other Management Occupations,minor,106300,0.3,,,5.14,64,59.99,124770,0.3,31.18,39.23,50.38,67.23,102.77,64860,81590,104790,139840,213770,,
99,U.S.,1,US,611000,Educational Services,"3-digit, ownership",2,11-9010,"Farmers, Ranchers, and Other Agricultural Managers",broad,210,7.4,,,0.01,1,38.2,79460,0.7,25.93,32.66,37.46,41.16,51.84,53930,67930,77910,85610,107820,,
99,U.S.,1,US,611000,Educational Services,"3-digit, ownership",2,11-9013,"Farmers, Ranchers, and Other Agricultural Managers",detailed,210,7.4,,,0.01,1,38.2,79460,0.7,25.93,32.66,37.46,41.16,51.84,53930,67930,77910,85610,107820,,
99,U.S.,1,US,611000,Educational Services,"3-digit, ownership",2,11-9020,Construction Managers,broad,860,1,,,0.04,3,57.55,119700,0.4,38.48,41.83,53.05,65.85,82.66,80030,87010,110350,136960,171930,,
99,U.S.,1,US,611000,Educational Services,"3-digit, ownership",2,11-9021,Construction Managers,detailed,860,1,,,0.04,3,57.55,119700,0.4,38.48,41.83,53.05,65.85,82.66,80030,87010,110350,136960,171930,,
99,U.S.,1,US,611000,Educational Services,"3-digit, ownership",2,11-9030,Education and Childcare Administrators,broad,84280,0.3,,,4.08,60,61.76,128460,0.3,31.62,39.52,50.8,68.32,105.38,65770,82210,105670,142100,219200,,
99,U.S.,1,US,611000,Educational Services,"3-digit, ownership",2,11-9031,"Education and Childcare Administrators, Preschool and Daycare",detailed,270,1.9,,,0.01,2,36.29,75490,0.6,23.5,30.42,34.1,42.42,50.05,48880,63270,70940,88220,104100,,
99,U.S.,1,US,611000,Educational Services,"3-digit, ownership",2,11-9032,"Education Administrators, Kindergarten through Secondary",detailed,3380,0.8,,,0.16,5,*,118490,0.4,*,*,*,*,*,77840,102020,110350,133720,162730,TRUE,
99,U.S.,1,US,611000,Educational Services,"3-digit, ownership",2,11-9033,"Education Administrators, Postsecondary",detailed,79360,0.3,,,3.84,53,62.22,129410,0.3,31.62,39.5,50.83,70.72,106.45,65770,82150,105720,147100,221410,,
99,U.S.,1,US,611000,Educational Services,"3-digit, ownership",2,11-9039,"Education Administrators, All Other",detailed,1270,3.6,,,0.06,6,51.32,106750,0.8,30.35,37.49,44.74,59.42,77.1,63120,77980,93070,123590,160370,,
99,U.S.,1,US,611000,Educational Services,"3-digit, ownership",2,11-9040,Architectural and Engineering Managers,broad,380,4.5,,,0.02,1,70.38,146390,0.9,47.16,54.35,67.87,82.18,99.92,98100,113040,141170,170930,207820,,
99,U.S.,1,US,611000,Educational Services,"3-digit, ownership",2,11-9041,Architectural and Engineering Managers,detailed,380,4.5,,,0.02,1,70.38,146390,0.9,47.16,54.35,67.87,82.18,99.92,98100,113040,141170,170930,207820,,
99,U.S.,1,US,611000,Educational Services,"3-digit, ownership",2,11-9050,Food Service Managers,broad,1030,2.1,,,0.05,2,39.62,82420,0.4,24.78,30.8,37.9,47.37,57.9,51540,64060,78840,98520,120430,,
99,U.S.,1,US,611000,Educational Services,"3-digit, ownership",2,11-9051,Food Service Managers,detailed,1030,2.1,,,0.05,2,39.62,82420,0.4,24.78,30.8,37.9,47.37,57.9,51540,64060,78840,98520,120430,,
99,U.S.,1,US,611000,Educational Services,"3-digit, ownership",2,11-9070,Entertainment and Recreation Managers,broad,480,2.4,,,0.02,2,52.03,108220,0.9,25.12,31.4,40.27,52.01,75.79,52260,65310,83760,108180,157640,,
99,U.S.,1,US,611000,Educational Services,"3-digit, ownership",2,11-9072,"Entertainment and Recreation Managers, Except Gambling",detailed,480,2.4,,,0.02,2,52.03,108220,0.9,25.12,31.4,40.27,52.01,75.79,52260,65310,83760,108180,157640,,
99,U.S.,1,US,611000,Educational Services,"3-digit, ownership",2,11-9080,Lodging Managers,broad,130,1.7,,,0.01,1,36.28,75460,0.5,19.93,19.93,31.64,46.72,58.08,41450,41450,65810,97180,120800,,
99,U.S.,1,US,611000,Educational Services,"3-digit, ownership",2,11-9081,Lodging Managers,detailed,130,1.7,,,0.01,1,36.28,75460,0.5,19.93,19.93,31.64,46.72,58.08,41450,41450,65810,97180,120800,,
99,U.S.,1,US,611000,Educational Services,"3-digit, ownership",2,11-9110,Medical and Health Services Managers,broad,4200,0.8,,,0.2,7,65.58,136410,0.3,37.53,46.24,58.79,78.69,103.48,78050,96180,122280,163660,215240,,
99,U.S.,1,US,611000,Educational Services,"3-digit, ownership",2,11-9111,Medical and Health Services Managers,detailed,4200,0.8,,,0.2,7,65.58,136410,0.3,37.53,46.24,58.79,78.69,103.48,78050,96180,122280,163660,215240,,
99,U.S.,1,US,611000,Educational Services,"3-digit, ownership",2,11-9120,Natural Sciences Managers,broad,2390,1.1,,,0.12,4,51.31,106720,0.5,30.65,38.01,47.27,61.06,80.34,63750,79060,98330,126990,167100,,
99,U.S.,1,US,611000,Educational Services,"3-digit, ownership",2,11-9121,Natural Sciences Managers,detailed,2390,1.1,,,0.12,4,51.31,106720,0.5,30.65,38.01,47.27,61.06,80.34,63750,79060,98330,126990,167100,,
99,U.S.,1,US,611000,Educational Services,"3-digit, ownership",2,11-9140,"Property, Real Estate, and Community Association Managers",broad,440,2,,,0.02,2,53.81,111920,2.3,25.24,32.15,46.43,64.21,97.44,52500,66870,96570,133570,202680,,
99,U.S.,1,US,611000,Educational Services,"3-digit, ownership",2,11-9141,"Property, Real Estate, and Community Association Managers",detailed,440,2,,,0.02,2,53.81,111920,2.3,25.24,32.15,46.43,64.21,97.44,52500,66870,96570,133570,202680,,
99,U.S.,1,US,611000,Educational Services,"3-digit, ownership",2,11-9150,Social and Community Service Managers,broad,1300,3.4,,,0.06,5,43.32,90100,0.3,30.17,32.05,40.04,48.59,61.25,62760,66670,83290,101070,127390,,
99,U.S.,1,US,611000,Educational Services,"3-digit, ownership",2,11-9151,Social and Community Service Managers,detailed,1300,3.4,,,0.06,5,43.32,90100,0.3,30.17,32.05,40.04,48.59,61.25,62760,66670,83290,101070,127390,,
99,U.S.,1,US,611000,Educational Services,"3-digit, ownership",2,11-9160,Emergency Management Directors,broad,230,1.9,,,0.01,2,47.36,98510,1,29.33,36.05,43.97,55.78,69.13,61010,74980,91450,116010,143780,,
99,U.S.,1,US,611000,Educational Services,"3-digit, ownership",2,11-9161,Emergency Management Directors,detailed,230,1.9,,,0.01,2,47.36,98510,1,29.33,36.05,43.97,55.78,69.13,61010,74980,91450,116010,143780,,
99,U.S.,1,US,611000,Educational Services,"3-digit, ownership",2,11-9170,Personal Service Managers,broad,70,5.2,,,0,1,36.68,76300,1.2,21.41,24.82,31.6,38.17,55.67,44520,51620,65720,79400,115780,,
99,U.S.,1,US,611000,Educational Services,"3-digit, ownership",2,11-9179,"Personal Service Managers, All Other",detailed,70,5.2,,,0,1,36.68,76300,1.2,21.41,24.82,31.6,38.17,55.67,44520,51620,65720,79400,115780,,
99,U.S.,1,US,611000,Educational Services,"3-digit, ownership",2,11-9190,Miscellaneous Managers,broad,10310,1.1,,,0.5,15,50.98,106050,0.7,27.31,34.34,47.37,61.5,82.55,56810,71420,98530,127920,171710,,
99,U.S.,1,US,611000,Educational Services,"3-digit, ownership",2,11-9199,"Managers, All Other",detailed,10310,1.1,,,0.5,15,50.98,106050,0.7,27.31,34.34,47.37,61.5,82.55,56810,71420,98530,127920,171710,,
99,U.S.,1,US,611000,Educational Services,"3-digit, ownership",2,13-0000,Business and Financial Operations Occupations,major,133440,0.3,,,6.45,57,36.1,75100,0.3,23.12,26.18,32.02,40.55,51.52,48090,54450,66610,84340,107160,,
99,U.S.,1,US,611000,Educational Services,"3-digit, ownership",2,13-1000,Business Operations Specialists,minor,100530,0.3,,,4.86,52,36.5,75920,0.3,23.16,26.05,32.11,40.8,52.03,48180,54180,66800,84860,108230,,
99,U.S.,1,US,611000,Educational Services,"3-digit, ownership",2,13-1020,Buyers and Purchasing Agents,broad,4370,1.5,,,0.21,12,33.2,69060,0.3,23.19,26.14,31.29,38.46,46.8,48240,54370,65080,79990,97350,,
99,U.S.,1,US,611000,Educational Services,"3-digit, ownership",2,13-1020,Buyers and Purchasing Agents,detailed,4370,1.5,,,0.21,12,33.2,69060,0.3,23.19,26.14,31.29,38.46,46.8,48240,54370,65080,79990,97350,,
99,U.S.,1,US,611000,Educational Services,"3-digit, ownership",2,13-1030,"Claims Adjusters, Appraisers, Examiners, and Investigators",broad,50,1.6,,,0,~,33.14,68930,1.3,25.32,26.11,32.18,39.46,42.25,52670,54320,66940,82080,87880,,
99,U.S.,1,US,611000,Educational Services,"3-digit, ownership",2,13-1031,"Claims Adjusters, Examiners, and Investigators",detailed,50,1.6,,,0,~,33.14,68930,1.3,25.32,26.11,32.18,39.46,42.25,52670,54320,66940,82080,87880,,
99,U.S.,1,US,611000,Educational Services,"3-digit, ownership",2,13-1040,Compliance Officers,broad,4470,0.6,,,0.22,8,38.1,79240,0.4,24.55,30.22,37.23,43.12,52.07,51060,62860,77430,89680,108310,,
99,U.S.,1,US,611000,Educational Services,"3-digit, ownership",2,13-1041,Compliance Officers,detailed,4470,0.6,,,0.22,8,38.1,79240,0.4,24.55,30.22,37.23,43.12,52.07,51060,62860,77430,89680,108310,,
99,U.S.,1,US,611000,Educational Services,"3-digit, ownership",2,13-1050,Cost Estimators,broad,90,1.8,,,0,1,38.41,79900,1.4,25.62,28.13,31.85,42.53,61.95,53300,58520,66250,88450,128850,,
99,U.S.,1,US,611000,Educational Services,"3-digit, ownership",2,13-1051,Cost Estimators,detailed,90,1.8,,,0,1,38.41,79900,1.4,25.62,28.13,31.85,42.53,61.95,53300,58520,66250,88450,128850,,
99,U.S.,1,US,611000,Educational Services,"3-digit, ownership",2,13-1070,Human Resources Workers,broad,14170,0.4,,,0.69,23,34.39,71540,0.3,22.94,25.74,31.77,39.43,49.76,47710,53540,66080,82010,103510,,
99,U.S.,1,US,611000,Educational Services,"3-digit, ownership",2,13-1071,Human Resources Specialists,detailed,13560,0.4,,,0.66,23,34.21,71150,0.3,22.85,25.96,31.76,39.4,49.67,47530,53990,66060,81950,103320,,
99,U.S.,1,US,611000,Educational Services,"3-digit, ownership",2,13-1075,Labor Relations Specialists,detailed,620,1.3,,,0.03,2,38.46,79990,0.7,24.29,24.82,33.63,48.78,61.48,50530,51620,69960,101460,127880,,
99,U.S.,1,US,611000,Educational Services,"3-digit, ownership",2,13-1080,Logisticians and Project Management Specialists,broad,12450,1.1,,,0.6,13,41.63,86590,0.4,24.1,30.75,38.98,50.37,63.87,50120,63950,81070,104780,132840,,
99,U.S.,1,US,611000,Educational Services,"3-digit, ownership",2,13-1081,Logisticians,detailed,390,2.5,,,0.02,1,46.11,95900,0.9,23.96,31.72,45.11,57.84,66.17,49840,65980,93840,120300,137640,,
99,U.S.,1,US,611000,Educational Services,"3-digit, ownership",2,13-1082,Project Management Specialists,detailed,12060,1.1,,,0.58,13,41.48,86280,0.4,24.12,30.75,38.81,50.32,63.75,50170,63950,80730,104660,132590,,
99,U.S.,1,US,611000,Educational Services,"3-digit, ownership",2,13-1110,Management Analysts,broad,9750,0.7,,,0.47,25,44.81,93210,0.3,28.41,31.98,38.89,50.86,64.06,59090,66520,80880,105790,133240,,
99,U.S.,1,US,611000,Educational Services,"3-digit, ownership",2,13-1111,Management Analysts,detailed,9750,0.7,,,0.47,25,44.81,93210,0.3,28.41,31.98,38.89,50.86,64.06,59090,66520,80880,105790,133240,,
99,U.S.,1,US,611000,Educational Services,"3-digit, ownership",2,13-1120,"Meeting, Convention, and Event Planners",broad,4430,0.5,,,0.21,10,29.53,61420,0.3,19.23,23.02,28.75,33.74,40.72,40000,47890,59800,70170,84690,,
99,U.S.,1,US,611000,Educational Services,"3-digit, ownership",2,13-1121,"Meeting, Convention, and Event Planners",detailed,4430,0.5,,,0.21,10,29.53,61420,0.3,19.23,23.02,28.75,33.74,40.72,40000,47890,59800,70170,84690,,
99,U.S.,1,US,611000,Educational Services,"3-digit, ownership",2,13-1130,Fundraisers,broad,6900,0.7,,,0.33,12,39.08,81290,0.4,23.33,29.3,36.54,48.59,62.45,48530,60940,75990,101060,129900,,
99,U.S.,1,US,611000,Educational Services,"3-digit, ownership",2,13-1131,Fundraisers,detailed,6900,0.7,,,0.33,12,39.08,81290,0.4,23.33,29.3,36.54,48.59,62.45,48530,60940,75990,101060,129900,,
99,U.S.,1,US,611000,Educational Services,"3-digit, ownership",2,13-1140,"Compensation, Benefits, and Job Analysis Specialists",broad,1710,0.5,,,0.08,6,32.51,67620,0.3,20.33,23.93,30.47,38.57,48.66,42280,49780,63370,80230,101220,,
99,U.S.,1,US,611000,Educational Services,"3-digit, ownership",2,13-1141,"Compensation, Benefits, and Job Analysis Specialists",detailed,1710,0.5,,,0.08,6,32.51,67620,0.3,20.33,23.93,30.47,38.57,48.66,42280,49780,63370,80230,101220,,
99,U.S.,1,US,611000,Educational Services,"3-digit, ownership",2,13-1150,Training and Development Specialists,broad,5180,1.6,,,0.25,11,33.17,69000,0.6,23.11,25.53,30.99,38.93,47.32,48070,53110,64450,80970,98430,,
99,U.S.,1,US,611000,Educational Services,"3-digit, ownership",2,13-1151,Training and Development Specialists,detailed,5180,1.6,,,0.25,11,33.17,69000,0.6,23.11,25.53,30.99,38.93,47.32,48070,53110,64450,80970,98430,,
99,U.S.,1,US,611000,Educational Services,"3-digit, ownership",2,13-1160,Market Research Analysts and Marketing Specialists,broad,5600,0.6,,,0.27,11,33.58,69850,0.3,21.16,25.2,31.11,39.26,48.87,44000,52410,64720,81670,101640,,
99,U.S.,1,US,611000,Educational Services,"3-digit, ownership",2,13-1161,Market Research Analysts and Marketing Specialists,detailed,5600,0.6,,,0.27,11,33.58,69850,0.3,21.16,25.2,31.11,39.26,48.87,44000,52410,64720,81670,101640,,
99,U.S.,1,US,611000,Educational Services,"3-digit, ownership",2,13-1190,Miscellaneous Business Operations Specialists,broad,31360,0.5,,,1.52,17,34.77,72320,0.3,22.65,24.78,31.14,39.68,50.43,47110,51540,64760,82530,104890,,
99,U.S.,1,US,611000,Educational Services,"3-digit, ownership",2,13-1199,"Business Operations Specialists, All Other",detailed,31360,0.5,,,1.52,17,34.77,72320,0.3,22.65,24.78,31.14,39.68,50.43,47110,51540,64760,82530,104890,,
99,U.S.,1,US,611000,Educational Services,"3-digit, ownership",2,13-2000,Financial Specialists,minor,32910,0.4,,,1.59,34,34.9,72580,0.2,22.96,26.41,31.79,39.91,49.82,47770,54930,66130,83020,103620,,
99,U.S.,1,US,611000,Educational Services,"3-digit, ownership",2,13-2010,Accountants and Auditors,broad,14710,0.7,,,0.71,21,35.51,73860,0.3,24.28,29.09,32.08,39.91,49.55,50510,60510,66730,83020,103060,,
99,U.S.,1,US,611000,Educational Services,"3-digit, ownership",2,13-2011,Accountants and Auditors,detailed,14710,0.7,,,0.71,21,35.51,73860,0.3,24.28,29.09,32.08,39.91,49.55,50510,60510,66730,83020,103060,,
99,U.S.,1,US,611000,Educational Services,"3-digit, ownership",2,13-2020,Property Appraisers and Assessors,broad,430,0.1,,,0.02,~,36.81,76560,2,24.16,30.98,31.09,39.66,49.08,50260,64430,64670,82490,102090,,
99,U.S.,1,US,611000,Educational Services,"3-digit, ownership",2,13-2020,Property Appraisers and Assessors,detailed,430,0.1,,,0.02,~,36.81,76560,2,24.16,30.98,31.09,39.66,49.08,50260,64430,64670,82490,102090,,
99,U.S.,1,US,611000,Educational Services,"3-digit, ownership",2,13-2030,Budget Analysts,broad,3100,1.4,,,0.15,6,35.93,74730,0.4,24.92,30.24,35.46,39.85,48.61,51840,62890,73750,82900,101110,,
99,U.S.,1,US,611000,Educational Services,"3-digit, ownership",2,13-2031,Budget Analysts,detailed,3100,1.4,,,0.15,6,35.93,74730,0.4,24.92,30.24,35.46,39.85,48.61,51840,62890,73750,82900,101110,,
99,U.S.,1,US,611000,Educational Services,"3-digit, ownership",2,13-2050,Financial Analysts and Advisors,broad,5630,1.2,,,0.27,16,42.03,87430,0.3,29.15,31.96,39.44,49.24,60.26,60640,66470,82030,102410,125340,,
99,U.S.,1,US,611000,Educational Services,"3-digit, ownership",2,13-2051,Financial and Investment Analysts,detailed,5280,1.3,,,0.26,15,42.17,87710,0.3,30.09,31.98,39.47,49.24,59.65,62580,66520,82110,102410,124070,,
99,U.S.,1,US,611000,Educational Services,"3-digit, ownership",2,13-2054,Financial Risk Specialists,detailed,320,8.9,,,0.02,2,40.63,84500,1,22.45,26.27,35.9,52.29,61.2,46700,54650,74680,108760,127290,,
99,U.S.,1,US,611000,Educational Services,"3-digit, ownership",2,13-2070,Credit Counselors and Loan Officers,broad,5460,0.5,,,0.26,12,26.51,55140,0.3,18.69,22.06,24.52,29.78,36.78,38880,45880,51000,61950,76510,,
99,U.S.,1,US,611000,Educational Services,"3-digit, ownership",2,13-2071,Credit Counselors,detailed,4570,0.7,,,0.22,10,26.39,54900,0.3,19.22,22.11,24.52,29.59,36.05,39980,45980,51000,61550,74990,,
99,U.S.,1,US,611000,Educational Services,"3-digit, ownership",2,13-2072,Loan Officers,detailed,890,0.7,,,0.04,2,27.13,56430,0.4,17.56,19.63,24.19,31.17,40.01,36520,40820,50320,64840,83220,,
99,U.S.,1,US,611000,Educational Services,"3-digit, ownership",2,13-2090,Miscellaneous Financial Specialists,broad,3530,0.6,,,0.17,6,32.79,68200,0.3,20.78,25.33,31.22,39.17,47.15,43230,52680,64940,81470,98070,,
99,U.S.,1,US,611000,Educational Services,"3-digit, ownership",2,13-2099,"Financial Specialists, All Other",detailed,3530,0.6,,,0.17,6,32.79,68200,0.3,20.78,25.33,31.22,39.17,47.15,43230,52680,64940,81470,98070,,
99,U.S.,1,US,611000,Educational Services,"3-digit, ownership",2,15-0000,Computer and Mathematical Occupations,major,83380,0.2,,,4.03,43,39.14,81420,0.4,23.51,29.88,38.22,48.12,56.54,48890,62140,79490,100080,117610,,
99,U.S.,1,US,611000,Educational Services,"3-digit, ownership",2,15-1200,Computer Occupations,minor,74510,0.2,,,3.6,42,39.36,81860,0.4,23.42,29.93,38.47,48.46,56.87,48710,62250,80020,100790,118300,,
99,U.S.,1,US,611000,Educational Services,"3-digit, ownership",2,15-1210,Computer and Information Analysts,broad,12320,0.7,,,0.6,14,44.4,92350,0.5,30.4,35.76,41.74,51.34,61.62,63230,74390,86830,106790,128170,,
99,U.S.,1,US,611000,Educational Services,"3-digit, ownership",2,15-1211,Computer Systems Analysts,detailed,10090,0.9,,,0.49,12,44.11,91760,0.5,30.52,35.75,41.07,51.24,61.48,63470,74360,85420,106580,127870,,
99,U.S.,1,US,611000,Educational Services,"3-digit, ownership",2,15-1212,Information Security Analysts,detailed,2230,0.4,,,0.11,6,45.69,95040,0.5,29.11,36.14,44.16,51.82,63.82,60560,75170,91840,107780,132740,,
99,U.S.,1,US,611000,Educational Services,"3-digit, ownership",2,15-1220,Computer and Information Research Scientists,broad,1910,0.3,,,0.09,1,45.58,94800,0.5,27.1,31.78,41,53.9,70.69,56360,66100,85290,112110,147040,,
99,U.S.,1,US,611000,Educational Services,"3-digit, ownership",2,15-1221,Computer and Information Research Scientists,detailed,1910,0.3,,,0.09,1,45.58,94800,0.5,27.1,31.78,41,53.9,70.69,56360,66100,85290,112110,147040,,
99,U.S.,1,US,611000,Educational Services,"3-digit, ownership",2,15-1230,Computer Support Specialists,broad,23180,0.2,,,1.12,28,29.97,62330,0.4,18.98,23.46,29.08,34.75,41.7,39480,48790,60490,72280,86740,,
99,U.S.,1,US,611000,Educational Services,"3-digit, ownership",2,15-1231,Computer Network Support Specialists,detailed,4610,0.8,,,0.22,9,34.14,71000,0.4,23.07,25.91,31.9,39.29,48.38,47990,53900,66350,81730,100630,,
99,U.S.,1,US,611000,Educational Services,"3-digit, ownership",2,15-1232,Computer User Support Specialists,detailed,18570,0.3,,,0.9,26,28.93,60170,0.4,18.64,22.85,28.48,33.67,40.35,38760,47540,59240,70040,83940,,
99,U.S.,1,US,611000,Educational Services,"3-digit, ownership",2,15-1240,Database and Network Administrators and Architects,broad,14780,0.6,,,0.71,22,44.82,93230,0.3,30.32,35.32,42.38,51.3,62.42,63060,73470,88160,106700,129830,,
99,U.S.,1,US,611000,Educational Services,"3-digit, ownership",2,15-1241,Computer Network Architects,detailed,1710,1.2,,,0.08,6,52.61,109420,0.3,32.7,40.44,50.24,62.25,76.14,68020,84100,104490,129470,158360,,
99,U.S.,1,US,611000,Educational Services,"3-digit, ownership",2,15-1242,Database Administrators,detailed,2070,1.1,,,0.1,7,44.36,92260,0.4,29.22,34.44,42.3,51.51,62.46,60780,71630,87980,107140,129920,,
99,U.S.,1,US,611000,Educational Services,"3-digit, ownership",2,15-1243,Database Architects,detailed,480,1.1,,,0.02,2,50.72,105500,0.5,35.73,40.81,49.14,59.13,68.42,74320,84890,102210,122980,142310,,
99,U.S.,1,US,611000,Educational Services,"3-digit, ownership",2,15-1244,Network and Computer Systems Administrators,detailed,10520,0.7,,,0.51,18,43.38,90230,0.4,30.14,34.12,41.43,50.58,60,62690,70980,86160,105200,124800,,
99,U.S.,1,US,611000,Educational Services,"3-digit, ownership",2,15-1250,"Software and Web Developers, Programmers, and Testers",broad,16130,0.4,,,0.78,17,42.59,88590,0.4,27.98,33.69,40.99,50.53,58.99,58190,70070,85260,105100,122710,,
99,U.S.,1,US,611000,Educational Services,"3-digit, ownership",2,15-1251,Computer Programmers,detailed,5820,0.4,,,0.28,7,44.31,92160,0.4,31.05,35.54,42.16,51.35,60.04,64590,73910,87690,106800,124880,,
99,U.S.,1,US,611000,Educational Services,"3-digit, ownership",2,15-1252,Software Developers,detailed,6590,0.8,,,0.32,6,44.06,91640,0.4,28.59,36.65,42.93,51.06,60.11,59470,76240,89280,106200,125030,,
99,U.S.,1,US,611000,Educational Services,"3-digit, ownership",2,15-1253,Software Quality Assurance Analysts and Testers,detailed,330,15.7,,,0.02,2,41.78,86900,1.5,29.88,35.93,40.1,47.85,58.37,62150,74730,83400,99520,121420,,
99,U.S.,1,US,611000,Educational Services,"3-digit, ownership",2,15-1254,Web Developers,detailed,2090,1.4,,,0.1,7,38.16,79370,0.5,25.95,30.87,37.03,44.3,52.08,53980,64220,77020,92150,108330,,
99,U.S.,1,US,611000,Educational Services,"3-digit, ownership",2,15-1255,Web and Digital Interface Designers,detailed,1300,0.5,,,0.06,5,34.79,72350,0.4,23.42,27.46,32.05,40.21,49.15,48710,57110,66660,83630,102240,,
99,U.S.,1,US,611000,Educational Services,"3-digit, ownership",2,15-1290,Miscellaneous Computer Occupations,broad,6200,0.5,,,0.3,8,41.07,85430,0.4,23.23,31.22,39.65,50.96,61.48,48320,64940,82480,106010,127880,,
99,U.S.,1,US,611000,Educational Services,"3-digit, ownership",2,15-1299,"Computer Occupations, All Other",detailed,6200,0.5,,,0.3,8,41.07,85430,0.4,23.23,31.22,39.65,50.96,61.48,48320,64940,82480,106010,127880,,
99,U.S.,1,US,611000,Educational Services,"3-digit, ownership",2,15-2000,Mathematical Science Occupations,minor,8870,0.3,,,0.43,10,37.37,77730,0.4,24.81,28.75,34.1,42.74,52.54,51610,59790,70920,88900,109270,,
99,U.S.,1,US,611000,Educational Services,"3-digit, ownership",2,15-2010,Actuaries,broad,150,0.5,,,0.01,~,38.35,79770,0.8,31.52,31.52,39.35,41.09,51.22,65560,65560,81840,85460,106530,,
99,U.S.,1,US,611000,Educational Services,"3-digit, ownership",2,15-2011,Actuaries,detailed,150,0.5,,,0.01,~,38.35,79770,0.8,31.52,31.52,39.35,41.09,51.22,65560,65560,81840,85460,106530,,
99,U.S.,1,US,611000,Educational Services,"3-digit, ownership",2,15-2020,Mathematicians,broad,330,0.1,,,0.02,~,26.25,54610,0.4,12.62,12.62,29.85,31.91,39.54,26250,26250,62090,66370,82240,,
99,U.S.,1,US,611000,Educational Services,"3-digit, ownership",2,15-2021,Mathematicians,detailed,330,0.1,,,0.02,~,26.25,54610,0.4,12.62,12.62,29.85,31.91,39.54,26250,26250,62090,66370,82240,,
99,U.S.,1,US,611000,Educational Services,"3-digit, ownership",2,15-2030,Operations Research Analysts,broad,3810,0.5,,,0.18,5,35.97,74820,0.4,24.67,26.3,32.64,42.14,50.99,51320,54700,67890,87650,106070,,
99,U.S.,1,US,611000,Educational Services,"3-digit, ownership",2,15-2031,Operations Research Analysts,detailed,3810,0.5,,,0.18,5,35.97,74820,0.4,24.67,26.3,32.64,42.14,50.99,51320,54700,67890,87650,106070,,
99,U.S.,1,US,611000,Educational Services,"3-digit, ownership",2,15-2040,Statisticians,broad,1540,1.6,,,0.07,4,39.31,81770,0.4,26.17,31.09,39.24,43.77,54.11,54430,64660,81610,91040,112540,,
99,U.S.,1,US,611000,Educational Services,"3-digit, ownership",2,15-2041,Statisticians,detailed,1540,1.6,,,0.07,4,39.31,81770,0.4,26.17,31.09,39.24,43.77,54.11,54430,64660,81610,91040,112540,,
99,U.S.,1,US,611000,Educational Services,"3-digit, ownership",2,15-2050,Data Scientists,broad,2890,0.5,,,0.14,5,39.5,82160,0.4,25.37,30.97,37.3,46.9,56.36,52780,64420,77570,97540,117220,,
99,U.S.,1,US,611000,Educational Services,"3-digit, ownership",2,15-2051,Data Scientists,detailed,2890,0.5,,,0.14,5,39.5,82160,0.4,25.37,30.97,37.3,46.9,56.36,52780,64420,77570,97540,117220,,
99,U.S.,1,US,611000,Educational Services,"3-digit, ownership",2,15-2090,Miscellaneous Mathematical Science Occupations,broad,150,0.5,,,0.01,~,35.32,73470,0.7,22.16,28.29,37.08,38.71,50.77,46100,58840,77130,80510,105600,,
99,U.S.,1,US,611000,Educational Services,"3-digit, ownership",2,15-2099,"Mathematical Science Occupations, All Other",detailed,150,0.5,,,0.01,~,35.32,73470,0.7,22.16,28.29,37.08,38.71,50.77,46100,58840,77130,80510,105600,,
99,U.S.,1,US,611000,Educational Services,"3-digit, ownership",2,17-0000,Architecture and Engineering Occupations,major,12810,0.8,,,0.62,9,43.45,90370,0.5,25.01,29.87,39.35,51.46,67.75,52020,62140,81840,107030,140920,,
99,U.S.,1,US,611000,Educational Services,"3-digit, ownership",2,17-1000,"Architects, Surveyors, and Cartographers",minor,670,0.5,,,0.03,2,45.89,95440,0.5,27.83,35.07,44.37,53.16,65.34,57880,72940,92300,110580,135900,,
99,U.S.,1,US,611000,Educational Services,"3-digit, ownership",2,17-1010,"Architects, Except Naval",broad,560,0.2,,,0.03,2,48.29,100440,0.4,31.32,40.24,47.78,54.41,66.35,65140,83690,99390,113170,138000,,
99,U.S.,1,US,611000,Educational Services,"3-digit, ownership",2,17-1011,"Architects, Except Landscape and Naval",detailed,500,0.2,,,0.02,2,48.51,100900,0.4,32.55,40.68,47.91,54.41,65.48,67700,84620,99660,113170,136200,,
99,U.S.,1,US,611000,Educational Services,"3-digit, ownership",2,17-1012,Landscape Architects,detailed,60,1.4,,,0,~,46.45,96620,0.7,26.81,32.86,41.51,62,70.05,55770,68350,86340,128960,145690,,
99,U.S.,1,US,611000,Educational Services,"3-digit, ownership",2,17-1020,"Surveyors, Cartographers, and Photogrammetrists",broad,110,2.3,,,0.01,1,33.7,70100,1.1,24.22,28.82,33.07,38.16,41.79,50380,59940,68790,79370,86930,,
99,U.S.,1,US,611000,Educational Services,"3-digit, ownership",2,17-1021,Cartographers and Photogrammetrists,detailed,100,1.5,,,0,1,34.57,71910,0.5,24.91,30.55,33.42,38.57,42.4,51820,63550,69510,80220,88200,,
99,U.S.,1,US,611000,Educational Services,"3-digit, ownership",2,17-2000,Engineers,minor,8750,0.6,,,0.42,6,47.1,97980,0.5,27.77,32.02,41.88,55.13,71.44,57770,66590,87100,114660,148590,,
99,U.S.,1,US,611000,Educational Services,"3-digit, ownership",2,17-2010,Aerospace Engineers,broad,360,1.6,,,0.02,1,48.34,100550,1.4,28.55,34.66,41.85,59.89,72.19,59390,72100,87040,124580,150160,,
99,U.S.,1,US,611000,Educational Services,"3-digit, ownership",2,17-2011,Aerospace Engineers,detailed,360,1.6,,,0.02,1,48.34,100550,1.4,28.55,34.66,41.85,59.89,72.19,59390,72100,87040,124580,150160,,
99,U.S.,1,US,611000,Educational Services,"3-digit, ownership",2,17-2020,Agricultural Engineers,broad,200,1.9,,,0.01,~,43.21,89880,0.6,25.62,31.84,40.69,50.16,65.51,53290,66230,84630,104330,136250,,
99,U.S.,1,US,611000,Educational Services,"3-digit, ownership",2,17-2021,Agricultural Engineers,detailed,200,1.9,,,0.01,~,43.21,89880,0.6,25.62,31.84,40.69,50.16,65.51,53290,66230,84630,104330,136250,,
99,U.S.,1,US,611000,Educational Services,"3-digit, ownership",2,17-2030,Bioengineers and Biomedical Engineers,broad,620,1.6,,,0.03,1,41.66,86650,0.5,22.82,29.15,35.97,49.23,65.87,47460,60620,74820,102390,137010,,
99,U.S.,1,US,611000,Educational Services,"3-digit, ownership",2,17-2031,Bioengineers and Biomedical Engineers,detailed,620,1.6,,,0.03,1,41.66,86650,0.5,22.82,29.15,35.97,49.23,65.87,47460,60620,74820,102390,137010,,
99,U.S.,1,US,611000,Educational Services,"3-digit, ownership",2,17-2040,Chemical Engineers,broad,390,3.3,,,0.02,1,37.93,78890,1.3,22.9,27.38,30.99,44.3,59.06,47640,56960,64450,92140,122850,,
99,U.S.,1,US,611000,Educational Services,"3-digit, ownership",2,17-2041,Chemical Engineers,detailed,390,3.3,,,0.02,1,37.93,78890,1.3,22.9,27.38,30.99,44.3,59.06,47640,56960,64450,92140,122850,,
99,U.S.,1,US,611000,Educational Services,"3-digit, ownership",2,17-2050,Civil Engineers,broad,1820,0.3,,,0.09,2,52.55,109300,0.4,30.01,37.71,49.04,61.77,77.43,62420,78440,102000,128480,161050,,
99,U.S.,1,US,611000,Educational Services,"3-digit, ownership",2,17-2051,Civil Engineers,detailed,1820,0.3,,,0.09,2,52.55,109300,0.4,30.01,37.71,49.04,61.77,77.43,62420,78440,102000,128480,161050,,
99,U.S.,1,US,611000,Educational Services,"3-digit, ownership",2,17-2060,Computer Hardware Engineers,broad,150,0.5,,,0.01,~,43.44,90350,0.6,28.88,32.71,41.52,52.41,60.36,60070,68030,86360,109020,125540,,
99,U.S.,1,US,611000,Educational Services,"3-digit, ownership",2,17-2061,Computer Hardware Engineers,detailed,150,0.5,,,0.01,~,43.44,90350,0.6,28.88,32.71,41.52,52.41,60.36,60070,68030,86360,109020,125540,,
99,U.S.,1,US,611000,Educational Services,"3-digit, ownership",2,17-2070,Electrical and Electronics Engineers,broad,870,1.3,,,0.04,2,44.81,93210,1.3,26.99,31.15,40.12,51.65,67.76,56130,64780,83460,107440,140950,,
99,U.S.,1,US,611000,Educational Services,"3-digit, ownership",2,17-2071,Electrical Engineers,detailed,660,1,,,0.03,1,41.05,85380,0.5,25.51,31.15,38.71,49.83,60.61,53060,64780,80520,103650,126060,,
99,U.S.,1,US,611000,Educational Services,"3-digit, ownership",2,17-2072,"Electronics Engineers, Except Computer",detailed,210,3.6,,,0.01,1,56.53,117570,3.5,30.08,37.78,47.74,69.09,105.17,62560,78590,99290,143720,218740,,
99,U.S.,1,US,611000,Educational Services,"3-digit, ownership",2,17-2080,Environmental Engineers,broad,220,2.1,,,0.01,1,45.97,95610,0.9,28.91,33.06,41.34,51.58,66.95,60120,68760,85980,107290,139260,,
99,U.S.,1,US,611000,Educational Services,"3-digit, ownership",2,17-2081,Environmental Engineers,detailed,220,2.1,,,0.01,1,45.97,95610,0.9,28.91,33.06,41.34,51.58,66.95,60120,68760,85980,107290,139260,,
99,U.S.,1,US,611000,Educational Services,"3-digit, ownership",2,17-2110,"Industrial Engineers, Including Health and Safety",broad,340,11,,,0.02,1,49.71,103410,6,25.36,33.64,45,57.86,82.14,52760,69970,93600,120350,170850,,
99,U.S.,1,US,611000,Educational Services,"3-digit, ownership",2,17-2111,"Health and Safety Engineers, Except Mining Safety Engineers and Inspectors",detailed,130,1.8,,,0.01,1,43.24,89940,0.6,24.1,30.01,40.59,50.31,67.08,50120,62420,84430,104650,139520,,
99,U.S.,1,US,611000,Educational Services,"3-digit, ownership",2,17-2112,Industrial Engineers,detailed,210,18.3,,,0.01,~,53.76,111820,8.8,26.11,38.2,50.72,74.88,89.6,54310,79450,105500,155740,186360,,
99,U.S.,1,US,611000,Educational Services,"3-digit, ownership",2,17-2130,Materials Engineers,broad,310,1.9,,,0.01,1,37.59,78180,0.4,27.18,29.03,30.61,40.69,53.84,56530,60380,63680,84620,111990,,
99,U.S.,1,US,611000,Educational Services,"3-digit, ownership",2,17-2131,Materials Engineers,detailed,310,1.9,,,0.01,1,37.59,78180,0.4,27.18,29.03,30.61,40.69,53.84,56530,60380,63680,84620,111990,,
99,U.S.,1,US,611000,Educational Services,"3-digit, ownership",2,17-2140,Mechanical Engineers,broad,1150,0.7,,,0.06,2,44.92,93430,0.4,26.05,29.97,40.73,50.99,65.51,54190,62330,84710,106070,136260,,
99,U.S.,1,US,611000,Educational Services,"3-digit, ownership",2,17-2141,Mechanical Engineers,detailed,1150,0.7,,,0.06,2,44.92,93430,0.4,26.05,29.97,40.73,50.99,65.51,54190,62330,84710,106070,136260,,
99,U.S.,1,US,611000,Educational Services,"3-digit, ownership",2,17-2160,Nuclear Engineers,broad,90,3.5,,,0,~,43.66,90810,0.9,31.63,32.61,41.15,50.84,64.22,65780,67830,85580,105740,133570,,
99,U.S.,1,US,611000,Educational Services,"3-digit, ownership",2,17-2161,Nuclear Engineers,detailed,90,3.5,,,0,~,43.66,90810,0.9,31.63,32.61,41.15,50.84,64.22,65780,67830,85580,105740,133570,,
99,U.S.,1,US,611000,Educational Services,"3-digit, ownership",2,17-2190,Miscellaneous Engineers,broad,2150,0.7,,,0.1,3,49.47,102890,0.7,31.74,39.46,45.35,55.39,67.75,66010,82070,94330,115220,140920,,
99,U.S.,1,US,611000,Educational Services,"3-digit, ownership",2,17-2199,"Engineers, All Other",detailed,2150,0.7,,,0.1,3,49.47,102890,0.7,31.74,39.46,45.35,55.39,67.75,66010,82070,94330,115220,140920,,
99,U.S.,1,US,611000,Educational Services,"3-digit, ownership",2,17-3000,"Drafters, Engineering Technicians, and Mapping Technicians",minor,3390,2.7,,,0.16,5,33.53,69750,0.6,21.27,25.32,29.81,36.43,45.78,44240,52660,62000,75770,95230,,
99,U.S.,1,US,611000,Educational Services,"3-digit, ownership",2,17-3010,Drafters,broad,410,21.4,,,0.02,2,28.78,59870,2.7,21.83,25.84,28.32,30.65,35.97,45410,53750,58910,63760,74810,,
99,U.S.,1,US,611000,Educational Services,"3-digit, ownership",2,17-3011,Architectural and Civil Drafters,detailed,200,1.5,,,0.01,1,28.29,58830,0.5,19.29,24.33,28,30.65,37.55,40110,50610,58240,63760,78100,,
99,U.S.,1,US,611000,Educational Services,"3-digit, ownership",2,17-3013,Mechanical Drafters,detailed,30,28.2,,,0,~,31.75,66030,3.8,27.57,28.87,29.07,34.03,41.67,57340,60050,60460,70770,86680,,
99,U.S.,1,US,611000,Educational Services,"3-digit, ownership",2,17-3019,"Drafters, All Other",detailed,**,**,,,**,**,28.75,59800,7.3,25.84,27.54,28.21,29.56,30.75,53740,57270,58670,61470,63970,,
99,U.S.,1,US,611000,Educational Services,"3-digit, ownership",2,17-3020,"Engineering Technologists and Technicians, Except Drafters",broad,2910,0.6,,,0.14,3,34.33,71400,0.4,21.05,25.32,30.29,37.57,48.19,43790,52660,63010,78150,100230,,
99,U.S.,1,US,611000,Educational Services,"3-digit, ownership",2,17-3021,Aerospace Engineering and Operations Technologists and Technicians,detailed,230,4,,,0.01,~,*,*,*,*,*,*,*,*,*,*,*,*,*,,
99,U.S.,1,US,611000,Educational Services,"3-digit, ownership",2,17-3022,Civil Engineering Technologists and Technicians,detailed,430,0.8,,,0.02,1,32.43,67450,0.5,24.85,26.33,31.72,37.12,41.27,51680,54770,65970,77210,85840,,
99,U.S.,1,US,611000,Educational Services,"3-digit, ownership",2,17-3023,Electrical and Electronic Engineering Technologists and Technicians,detailed,650,0.5,,,0.03,1,30.36,63150,0.4,19.95,25.01,28.21,33.37,40.13,41490,52030,58690,69400,83480,,
99,U.S.,1,US,611000,Educational Services,"3-digit, ownership",2,17-3024,Electro-Mechanical and Mechatronics Technologists and Technicians,detailed,40,3.2,,,0,~,39.4,81950,1.7,30.1,35.52,36.36,47.51,47.84,62600,73880,75640,98820,99500,,
99,U.S.,1,US,611000,Educational Services,"3-digit, ownership",2,17-3025,Environmental Engineering Technologists and Technicians,detailed,60,5.7,,,0,~,32.35,67280,0.5,24.61,25.25,32.12,36.19,43.3,51190,52510,66800,75280,90060,,
99,U.S.,1,US,611000,Educational Services,"3-digit, ownership",2,17-3026,Industrial Engineering Technologists and Technicians,detailed,50,0.6,,,0,~,31.61,65760,1.2,24.01,26.74,31.99,35.7,38.1,49950,55630,66550,74250,79250,,
99,U.S.,1,US,611000,Educational Services,"3-digit, ownership",2,17-3027,Mechanical Engineering Technologists and Technicians,detailed,340,1.1,,,0.02,1,29.28,60900,0.4,23.07,25.32,25.32,30.94,42.15,47980,52660,52660,64350,87670,,
99,U.S.,1,US,611000,Educational Services,"3-digit, ownership",2,17-3028,Calibration Technologists and Technicians,detailed,50,2.3,,,0,~,27.94,58120,0.8,19.26,23.47,29.01,30.6,36.96,40060,48820,60330,63650,76880,,
99,U.S.,1,US,611000,Educational Services,"3-digit, ownership",2,17-3029,"Engineering Technologists and Technicians, Except Drafters, All Other",detailed,1050,1.2,,,0.05,2,31.65,65840,0.5,20.41,23.75,30.75,36.41,42.18,42450,49410,63970,75730,87720,,
99,U.S.,1,US,611000,Educational Services,"3-digit, ownership",2,17-3030,Surveying and Mapping Technicians,broad,70,1.3,,,0,~,28.79,59880,0.4,21.89,25.78,29.63,31.06,35.51,45530,53610,61630,64610,73850,,
99,U.S.,1,US,611000,Educational Services,"3-digit, ownership",2,17-3031,Surveying and Mapping Technicians,detailed,70,1.3,,,0,~,28.79,59880,0.4,21.89,25.78,29.63,31.06,35.51,45530,53610,61630,64610,73850,,
99,U.S.,1,US,611000,Educational Services,"3-digit, ownership",2,19-0000,"Life, Physical, and Social Science Occupations",major,93730,0.7,,,4.53,46,34.2,71130,0.7,19.02,24.06,30.32,39.11,51.75,39550,50050,63070,81360,107640,,
99,U.S.,1,US,611000,Educational Services,"3-digit, ownership",2,19-1000,Life Scientists,minor,26340,2.1,,,1.27,9,36.65,76240,0.8,23.8,28.92,31.57,40.53,51.98,49500,60150,65670,84310,108120,,
99,U.S.,1,US,611000,Educational Services,"3-digit, ownership",2,19-1010,Agricultural and Food Scientists,broad,3460,2.2,,,0.17,4,33.85,70410,0.7,23.84,25.61,30.49,38.37,47.89,49590,53270,63420,79810,99600,,
99,U.S.,1,US,611000,Educational Services,"3-digit, ownership",2,19-1011,Animal Scientists,detailed,590,0.8,,,0.03,1,35.4,73630,0.7,24.28,25.61,31.79,39.66,49.68,50500,53270,66130,82480,103340,,
99,U.S.,1,US,611000,Educational Services,"3-digit, ownership",2,19-1012,Food Scientists and Technologists,detailed,480,6.3,,,0.02,1,35.54,73920,1.6,23.68,26.28,31.02,39.61,48.98,49240,54660,64520,82380,101880,,
99,U.S.,1,US,611000,Educational Services,"3-digit, ownership",2,19-1013,Soil and Plant Scientists,detailed,2400,2.8,,,0.12,4,33.14,68920,0.9,23.84,25.31,30.06,37.8,46.79,49590,52640,62530,78620,97320,,
99,U.S.,1,US,611000,Educational Services,"3-digit, ownership",2,19-1020,Biological Scientists,broad,5220,0.4,,,0.25,3,35.46,73750,0.5,23.68,26.47,30.9,39.14,51.83,49250,55060,64280,81420,107810,,
99,U.S.,1,US,611000,Educational Services,"3-digit, ownership",2,19-1021,Biochemists and Biophysicists,detailed,1080,1.8,,,0.05,1,33.57,69820,0.7,23.95,26.02,30.56,38.43,47.7,49810,54120,63570,79920,99220,,
99,U.S.,1,US,611000,Educational Services,"3-digit, ownership",2,19-1022,Microbiologists,detailed,1110,0.1,,,0.05,1,35.7,74260,0.5,23.83,26.87,30.52,38.84,53.64,49560,55890,63470,80780,111560,,
99,U.S.,1,US,611000,Educational Services,"3-digit, ownership",2,19-1023,Zoologists and Wildlife Biologists,detailed,420,0.9,,,0.02,1,36.35,75600,0.6,24.32,28.89,32.23,40.37,53.89,50590,60080,67040,83970,112090,,
99,U.S.,1,US,611000,Educational Services,"3-digit, ownership",2,19-1029,"Biological Scientists, All Other",detailed,2610,0.2,,,0.13,2,35.99,74860,0.6,23.08,26.47,31.23,40.14,51.83,48000,55060,64970,83500,107810,,
99,U.S.,1,US,611000,Educational Services,"3-digit, ownership",2,19-1030,Conservation Scientists and Foresters,broad,1280,19.8,,,0.06,2,32.08,66730,5.2,22.95,24.08,30.81,38.58,49.36,47730,50090,64080,80240,102670,,
99,U.S.,1,US,611000,Educational Services,"3-digit, ownership",2,19-1031,Conservation Scientists,detailed,770,0.2,,,0.04,1,35.54,73910,0.7,24.19,28.35,30.82,38.58,49.36,50320,58970,64110,80240,102670,,
99,U.S.,1,US,611000,Educational Services,"3-digit, ownership",2,19-1032,Foresters,detailed,510,49.3,,,0.02,2,26.94,56040,8.7,22.15,23.41,24.08,30.04,37.66,46070,48690,50090,62490,78320,,
99,U.S.,1,US,611000,Educational Services,"3-digit, ownership",2,19-1040,Medical Scientists,broad,15490,3.4,,,0.75,3,38.27,79610,1.1,24.3,29.33,32.34,40.87,60.62,50550,61010,67280,85010,126100,,
99,U.S.,1,US,611000,Educational Services,"3-digit, ownership",2,19-1041,Epidemiologists,detailed,460,0.3,,,0.02,1,40.39,84000,0.6,29.25,30.85,38.77,47.25,52.7,60850,64160,80640,98290,109620,,
99,U.S.,1,US,611000,Educational Services,"3-digit, ownership",2,19-1042,"Medical Scientists, Except Epidemiologists",detailed,15030,3.6,,,0.73,3,38.21,79470,1.1,24.3,29.33,32.34,40.87,60.62,50550,61010,67280,85010,126100,,
99,U.S.,1,US,611000,Educational Services,"3-digit, ownership",2,19-1090,Miscellaneous Life Scientists,broad,890,2.2,,,0.04,2,32.97,68580,0.9,22.55,25.17,30.76,37.83,47.37,46900,52360,63990,78680,98530,,
99,U.S.,1,US,611000,Educational Services,"3-digit, ownership",2,19-1099,"Life Scientists, All Other",detailed,890,2.2,,,0.04,2,32.97,68580,0.9,22.55,25.17,30.76,37.83,47.37,46900,52360,63990,78680,98530,,
99,U.S.,1,US,611000,Educational Services,"3-digit, ownership",2,19-2000,Physical Scientists,minor,12030,0.5,,,0.58,6,44.81,93210,0.7,24.33,30.42,39.05,52.29,74.95,50600,63280,81230,108760,155900,,
99,U.S.,1,US,611000,Educational Services,"3-digit, ownership",2,19-2010,Astronomers and Physicists,broad,2330,0.8,,,0.11,2,55.53,115500,1,29.28,35.12,52.26,69.55,88.06,60900,73060,108700,144670,183170,,
99,U.S.,1,US,611000,Educational Services,"3-digit, ownership",2,19-2011,Astronomers,detailed,340,4,,,0.02,~,49.99,103980,0.8,28.81,33.95,45.89,63.08,80.06,59920,70610,95450,131210,166520,,
99,U.S.,1,US,611000,Educational Services,"3-digit, ownership",2,19-2012,Physicists,detailed,1990,0.4,,,0.1,2,56.49,117490,1,29.56,35.12,52.53,69.55,88.06,61490,73060,109250,144670,183170,,
99,U.S.,1,US,611000,Educational Services,"3-digit, ownership",2,19-2020,Atmospheric and Space Scientists,broad,1220,0.1,,,0.06,1,47.61,99030,0.6,25.22,32.11,43.95,61.4,77.51,52460,66800,91410,127700,161230,,
99,U.S.,1,US,611000,Educational Services,"3-digit, ownership",2,19-2021,Atmospheric and Space Scientists,detailed,1220,0.1,,,0.06,1,47.61,99030,0.6,25.22,32.11,43.95,61.4,77.51,52460,66800,91410,127700,161230,,
99,U.S.,1,US,611000,Educational Services,"3-digit, ownership",2,19-2030,Chemists and Materials Scientists,broad,1860,1.2,,,0.09,2,40.16,83520,0.6,23.67,25.82,31.89,46,61.25,49240,53710,66320,95680,127390,,
99,U.S.,1,US,611000,Educational Services,"3-digit, ownership",2,19-2031,Chemists,detailed,1380,0.5,,,0.07,2,40.96,85190,0.6,23.71,25.82,31.62,43.74,64.06,49320,53710,65780,90970,133240,,
99,U.S.,1,US,611000,Educational Services,"3-digit, ownership",2,19-2032,Materials Scientists,detailed,480,3.5,,,0.02,1,37.83,78680,1.3,23.59,25.29,32.36,47.8,54.6,49070,52590,67300,99420,113570,,
99,U.S.,1,US,611000,Educational Services,"3-digit, ownership",2,19-2040,Environmental Scientists and Geoscientists,broad,3250,0.4,,,0.16,3,42.35,88100,0.7,25.84,31.39,39.6,49.75,61.81,53750,65290,82360,103470,128570,,
99,U.S.,1,US,611000,Educational Services,"3-digit, ownership",2,19-2041,"Environmental Scientists and Specialists, Including Health",detailed,2020,0.4,,,0.1,2,40.35,83930,0.8,25.78,30.31,39.6,41.69,52.74,53610,63040,82360,86720,109710,,
99,U.S.,1,US,611000,Educational Services,"3-digit, ownership",2,19-2042,"Geoscientists, Except Hydrologists and Geographers",detailed,1090,0.6,,,0.05,1,46.57,96860,0.6,27.1,32.2,39.74,54.35,72.09,56370,66970,82660,113040,149940,,
99,U.S.,1,US,611000,Educational Services,"3-digit, ownership",2,19-2043,Hydrologists,detailed,150,3,,,0.01,~,38.78,80660,0.6,24.28,30.74,38.07,48.2,52.29,50500,63930,79190,100250,108770,,
99,U.S.,1,US,611000,Educational Services,"3-digit, ownership",2,19-2090,Miscellaneous Physical Scientists,broad,3360,1.3,,,0.16,3,41.32,85940,0.8,23.2,29.56,37.98,49.01,66.41,48260,61480,78990,101930,138140,,
99,U.S.,1,US,611000,Educational Services,"3-digit, ownership",2,19-2099,"Physical Scientists, All Other",detailed,3360,1.3,,,0.16,3,41.32,85940,0.8,23.2,29.56,37.98,49.01,66.41,48260,61480,78990,101930,138140,,
99,U.S.,1,US,611000,Educational Services,"3-digit, ownership",2,19-3000,Social Scientists and Related Workers,minor,8220,0.7,,,0.4,9,41.65,86630,0.6,24.12,30.49,38.82,49.07,62.05,50170,63420,80750,102060,129060,,
99,U.S.,1,US,611000,Educational Services,"3-digit, ownership",2,19-3010,Economists,broad,230,1.3,,,0.01,1,48.2,100260,0.6,28.07,31.86,41.26,57.94,68.38,58380,66260,85820,120520,142240,,
99,U.S.,1,US,611000,Educational Services,"3-digit, ownership",2,19-3011,Economists,detailed,230,1.3,,,0.01,1,48.2,100260,0.6,28.07,31.86,41.26,57.94,68.38,58380,66260,85820,120520,142240,,
99,U.S.,1,US,611000,Educational Services,"3-digit, ownership",2,19-3020,Survey Researchers,broad,760,1.3,,,0.04,1,33.24,69130,0.8,23.04,26.33,31.37,37.96,46.91,47920,54760,65240,78950,97560,,
99,U.S.,1,US,611000,Educational Services,"3-digit, ownership",2,19-3022,Survey Researchers,detailed,760,1.3,,,0.04,1,33.24,69130,0.8,23.04,26.33,31.37,37.96,46.91,47920,54760,65240,78950,97560,,
99,U.S.,1,US,611000,Educational Services,"3-digit, ownership",2,19-3030,Psychologists,broad,2760,0.6,,,0.13,5,41.99,87330,0.7,22.98,31.31,39.06,50.68,63.01,47790,65120,81240,105400,131060,,
99,U.S.,1,US,611000,Educational Services,"3-digit, ownership",2,19-3033,Clinical and Counseling Psychologists,detailed,1340,1.3,,,0.06,3,40.74,84750,0.8,19.17,30.02,38.82,50.46,61.53,39870,62440,80740,104950,127980,,
99,U.S.,1,US,611000,Educational Services,"3-digit, ownership",2,19-3034,School Psychologists,detailed,950,1.5,,,0.05,3,45.06,93720,0.9,27.29,36.49,41.64,52.21,64.58,56750,75900,86620,108600,134320,,
99,U.S.,1,US,611000,Educational Services,"3-digit, ownership",2,19-3039,"Psychologists, All Other",detailed,450,0.8,,,0.02,1,38.89,80890,0.6,23.36,27.93,37.24,48.37,67.46,48590,58090,77450,100610,140310,,
99,U.S.,1,US,611000,Educational Services,"3-digit, ownership",2,19-3040,Sociologists,broad,490,2,,,0.02,1,45.58,94800,0.9,28.59,32.1,39.7,50.68,66.46,59460,66770,82570,105420,138230,,
99,U.S.,1,US,611000,Educational Services,"3-digit, ownership",2,19-3041,Sociologists,detailed,490,2,,,0.02,1,45.58,94800,0.9,28.59,32.1,39.7,50.68,66.46,59460,66770,82570,105420,138230,,
99,U.S.,1,US,611000,Educational Services,"3-digit, ownership",2,19-3050,Urban and Regional Planners,broad,120,3.3,,,0.01,~,40.26,83740,0.8,29.03,31.14,37.22,48.72,58.5,60380,64760,77410,101330,121690,,
99,U.S.,1,US,611000,Educational Services,"3-digit, ownership",2,19-3051,Urban and Regional Planners,detailed,120,3.3,,,0.01,~,40.26,83740,0.8,29.03,31.14,37.22,48.72,58.5,60380,64760,77410,101330,121690,,
99,U.S.,1,US,611000,Educational Services,"3-digit, ownership",2,19-3090,Miscellaneous Social Scientists and Related Workers,broad,3860,1.2,,,0.19,5,42.23,87840,0.6,25.14,30.66,39.11,48.74,61.2,52280,63780,81350,101370,127300,,
99,U.S.,1,US,611000,Educational Services,"3-digit, ownership",2,19-3091,Anthropologists and Archeologists,detailed,280,1.6,,,0.01,1,29.76,61910,1.4,18.31,23.14,27.41,34.12,44.06,38080,48120,57010,70960,91640,,
99,U.S.,1,US,611000,Educational Services,"3-digit, ownership",2,19-3092,Geographers,detailed,140,1,,,0.01,~,36.24,75380,0.5,25.39,28.83,31.32,37.69,47.73,52800,59960,65150,78390,99280,,
99,U.S.,1,US,611000,Educational Services,"3-digit, ownership",2,19-3093,Historians,detailed,60,0.3,,,0,~,32.15,66860,0.6,24.01,25.69,28.61,36.08,41.33,49940,53440,59520,75050,85970,,
99,U.S.,1,US,611000,Educational Services,"3-digit, ownership",2,19-3094,Political Scientists,detailed,300,4.8,,,0.01,1,43.8,91110,0.7,27.47,31.16,39.24,49.05,65.85,57150,64820,81620,102010,136970,,
99,U.S.,1,US,611000,Educational Services,"3-digit, ownership",2,19-3099,"Social Scientists and Related Workers, All Other",detailed,3090,1.2,,,0.15,4,43.69,90870,0.6,26.1,31.64,39.56,49.69,61.97,54280,65810,82290,103340,128900,,
99,U.S.,1,US,611000,Educational Services,"3-digit, ownership",2,19-4000,"Life, Physical, and Social Science Technicians",minor,44150,0.5,,,2.13,38,28.22,58690,0.7,17.4,19.99,25.4,31.4,39.71,36200,41580,52820,65310,82600,,
99,U.S.,1,US,611000,Educational Services,"3-digit, ownership",2,19-4010,Agricultural and Food Science Technicians,broad,4380,3.3,,,0.21,18,25.52,53080,0.9,18.43,21.02,24.35,29.34,33.86,38330,43720,50650,61030,70430,,
99,U.S.,1,US,611000,Educational Services,"3-digit, ownership",2,19-4012,Agricultural Technicians,detailed,3800,3.7,,,0.18,17,25.45,52940,1,18.46,21.02,24.57,29.34,33.68,38390,43720,51100,61030,70060,,
99,U.S.,1,US,611000,Educational Services,"3-digit, ownership",2,19-4013,Food Science Technicians,detailed,580,4.4,,,0.03,1,25.94,53960,0.9,18.43,18.43,23.53,29.73,36.69,38330,38330,48940,61850,76320,,
99,U.S.,1,US,611000,Educational Services,"3-digit, ownership",2,19-4020,Biological Technicians,broad,8350,0.3,,,0.4,4,27.1,56370,0.7,18.18,20.06,24.66,30.65,37.67,37810,41720,51300,63760,78350,,
99,U.S.,1,US,611000,Educational Services,"3-digit, ownership",2,19-4021,Biological Technicians,detailed,8350,0.3,,,0.4,4,27.1,56370,0.7,18.18,20.06,24.66,30.65,37.67,37810,41720,51300,63760,78350,,
99,U.S.,1,US,611000,Educational Services,"3-digit, ownership",2,19-4030,Chemical Technicians,broad,1560,0.2,,,0.08,2,27.81,57840,0.7,18.1,23.17,28.45,33.49,37.72,37640,48190,59170,69660,78460,,
99,U.S.,1,US,611000,Educational Services,"3-digit, ownership",2,19-4031,Chemical Technicians,detailed,1560,0.2,,,0.08,2,27.81,57840,0.7,18.1,23.17,28.45,33.49,37.72,37640,48190,59170,69660,78460,,
99,U.S.,1,US,611000,Educational Services,"3-digit, ownership",2,19-4040,Environmental Science and Geoscience Technicians,broad,1190,1.3,,,0.06,1,27.43,57060,0.6,19.48,23.18,25.35,30.4,37.5,40510,48210,52720,63240,78000,,
99,U.S.,1,US,611000,Educational Services,"3-digit, ownership",2,19-4042,"Environmental Science and Protection Technicians, Including Health",detailed,990,1.6,,,0.05,1,27.57,57340,0.6,19.67,23.18,25.35,30.4,37.56,40920,48210,52720,63240,78120,,
99,U.S.,1,US,611000,Educational Services,"3-digit, ownership",2,19-4043,"Geological Technicians, Except Hydrologic Technicians",detailed,140,1.5,,,0.01,~,27.08,56330,0.8,17.15,22.75,25.62,29.4,37.19,35680,47310,53290,61150,77360,,
99,U.S.,1,US,611000,Educational Services,"3-digit, ownership",2,19-4044,Hydrologic Technicians,detailed,70,0.5,,,0,~,26.16,54410,0.7,16.56,18.42,24.42,31.88,34.07,34440,38320,50790,66310,70870,,
99,U.S.,1,US,611000,Educational Services,"3-digit, ownership",2,19-4050,Nuclear Technicians,broad,30,1.8,,,0,~,30.88,64230,0.7,24.35,24.35,31.49,39.29,39.29,50650,50650,65490,81730,81730,,
99,U.S.,1,US,611000,Educational Services,"3-digit, ownership",2,19-4051,Nuclear Technicians,detailed,30,1.8,,,0,~,30.88,64230,0.7,24.35,24.35,31.49,39.29,39.29,50650,50650,65490,81730,81730,,
99,U.S.,1,US,611000,Educational Services,"3-digit, ownership",2,19-4060,Social Science Research Assistants,broad,11020,1.2,,,0.53,23,27.1,56370,0.7,17.47,19.36,24.47,30.13,38.88,36340,40270,50900,62670,80870,,
99,U.S.,1,US,611000,Educational Services,"3-digit, ownership",2,19-4061,Social Science Research Assistants,detailed,11020,1.2,,,0.53,23,27.1,56370,0.7,17.47,19.36,24.47,30.13,38.88,36340,40270,50900,62670,80870,,
99,U.S.,1,US,611000,Educational Services,"3-digit, ownership",2,19-4070,Forest and Conservation Technicians,broad,330,0.9,,,0.02,~,23.02,47880,0.6,14.18,18.89,23.61,26.07,30.41,29500,39280,49120,54230,63250,,
99,U.S.,1,US,611000,Educational Services,"3-digit, ownership",2,19-4071,Forest and Conservation Technicians,detailed,330,0.9,,,0.02,~,23.02,47880,0.6,14.18,18.89,23.61,26.07,30.41,29500,39280,49120,54230,63250,,
99,U.S.,1,US,611000,Educational Services,"3-digit, ownership",2,19-4090,"Miscellaneous Life, Physical, and Social Science Technicians",broad,17280,0.5,,,0.84,8,30.34,63100,0.9,15.16,19.87,28.91,37.98,49.01,31530,41320,60130,78990,101940,,
99,U.S.,1,US,611000,Educational Services,"3-digit, ownership",2,19-4092,Forensic Science Technicians,detailed,**,**,,,**,**,29.54,61440,0.5,21.34,23.47,28.92,36.28,40.45,44390,48810,60150,75450,84130,,
99,U.S.,1,US,611000,Educational Services,"3-digit, ownership",2,19-4099,"Life, Physical, and Social Science Technicians, All Other",detailed,17020,0.4,,,0.82,8,30.35,63120,0.9,15.13,19.71,28.91,37.98,49.01,31480,41000,60130,78990,101940,,
99,U.S.,1,US,611000,Educational Services,"3-digit, ownership",2,19-5000,Occupational Health and Safety Specialists and Technicians,minor,3010,0.9,,,0.15,9,37.68,78360,0.6,24.39,30.17,37.19,45.19,52.03,50740,62750,77360,94000,108230,,
99,U.S.,1,US,611000,Educational Services,"3-digit, ownership",2,19-5010,Occupational Health and Safety Specialists and Technicians,broad,3010,0.9,,,0.15,9,37.68,78360,0.6,24.39,30.17,37.19,45.19,52.03,50740,62750,77360,94000,108230,,
99,U.S.,1,US,611000,Educational Services,"3-digit, ownership",2,19-5011,Occupational Health and Safety Specialists,detailed,2460,0.9,,,0.12,8,39.58,82320,0.6,27.23,31.27,38.56,46.96,55.99,56640,65030,80210,97670,116450,,
99,U.S.,1,US,611000,Educational Services,"3-digit, ownership",2,19-5012,Occupational Health and Safety Technicians,detailed,550,1.1,,,0.03,2,29.2,60730,0.6,20.03,23.86,28.9,31.78,38.67,41660,49630,60100,66090,80430,,
99,U.S.,1,US,611000,Educational Services,"3-digit, ownership",2,21-0000,Community and Social Service Occupations,major,82890,0.3,,,4.01,63,30.83,64120,0.5,20.05,23.57,28.33,35.25,46.27,41710,49030,58920,73320,96250,,
99,U.S.,1,US,611000,Educational Services,"3-digit, ownership",2,21-1000,"Counselors, Social Workers, and Other Community and Social Service Specialists",minor,82810,0.3,,,4,63,30.83,64120,0.5,20.05,23.57,28.33,35.25,46.29,41710,49030,58920,73310,96290,,
99,U.S.,1,US,611000,Educational Services,"3-digit, ownership",2,21-1010,Counselors,broad,64750,0.2,,,3.13,51,31.48,65470,0.5,20.81,24.08,28.48,36.1,47.26,43280,50080,59230,75090,98290,,
99,U.S.,1,US,611000,Educational Services,"3-digit, ownership",2,21-1012,"Educational, Guidance, and Career Counselors and Advisors",detailed,60170,0.2,,,2.91,50,31.43,65380,0.5,20.83,23.99,28.33,36.18,47.32,43320,49900,58920,75260,98420,,
99,U.S.,1,US,611000,Educational Services,"3-digit, ownership",2,21-1015,Rehabilitation Counselors,detailed,260,1.9,,,0.01,1,29.73,61830,1,22.19,24.47,27.65,32.69,40.13,46160,50890,57520,68000,83470,,
99,U.S.,1,US,611000,Educational Services,"3-digit, ownership",2,21-1018,"Substance Abuse, Behavioral Disorder, and Mental Health Counselors",detailed,3970,1.4,,,0.19,6,32.25,67070,0.6,20.18,25.09,31.45,36.02,44.02,41980,52180,65420,74920,91560,,
99,U.S.,1,US,611000,Educational Services,"3-digit, ownership",2,21-1019,"Counselors, All Other",detailed,330,1.4,,,0.02,1,30.99,64450,0.7,21.02,24.51,29.95,34.62,41.27,43720,50970,62290,72010,85850,,
99,U.S.,1,US,611000,Educational Services,"3-digit, ownership",2,21-1020,Social Workers,broad,4500,0.8,,,0.22,8,33.56,69800,0.6,19.79,25.33,32.02,39.69,50.2,41160,52690,66600,82560,104410,,
99,U.S.,1,US,611000,Educational Services,"3-digit, ownership",2,21-1021,"Child, Family, and School Social Workers",detailed,2300,1.3,,,0.11,6,33.11,68870,0.5,18.78,23.36,31.78,39.79,50.2,39070,48590,66100,82760,104410,,
99,U.S.,1,US,611000,Educational Services,"3-digit, ownership",2,21-1022,Healthcare Social Workers,detailed,1330,1.2,,,0.06,2,35.23,73290,0.8,22.69,27.78,33.18,40.84,54.21,47190,57770,69020,84940,112760,,
99,U.S.,1,US,611000,Educational Services,"3-digit, ownership",2,21-1023,Mental Health and Substance Abuse Social Workers,detailed,520,3.9,,,0.03,1,33.79,70290,0.9,24.65,26.22,33.31,40.1,43.38,51270,54530,69270,83410,90240,,
99,U.S.,1,US,611000,Educational Services,"3-digit, ownership",2,21-1029,"Social Workers, All Other",detailed,350,1.7,,,0.02,1,29.78,61940,0.8,20.78,24.41,28.05,33.47,40.9,43220,50780,58350,69610,85070,,
99,U.S.,1,US,611000,Educational Services,"3-digit, ownership",2,21-1090,Miscellaneous Community and Social Service Specialists,broad,13560,1.1,,,0.66,39,26.81,55760,0.5,16.69,20.42,26.56,30.71,36.82,34720,42470,55240,63880,76580,,
99,U.S.,1,US,611000,Educational Services,"3-digit, ownership",2,21-1091,Health Education Specialists,detailed,7120,0.4,,,0.34,31,29.19,60710,0.5,23.19,23.49,28.8,33.5,36.76,48230,48860,59900,69680,76450,,
99,U.S.,1,US,611000,Educational Services,"3-digit, ownership",2,21-1093,Social and Human Service Assistants,detailed,3610,0.8,,,0.17,3,19.26,40060,0.5,15.13,16.68,18.37,20.1,25.09,31470,34700,38210,41810,52200,,
99,U.S.,1,US,611000,Educational Services,"3-digit, ownership",2,21-1094,Community Health Workers,detailed,770,3.6,,,0.04,2,24.73,51430,0.7,16.96,18.62,23.1,29.01,34.89,35280,38720,48040,60330,72580,,
99,U.S.,1,US,611000,Educational Services,"3-digit, ownership",2,21-1099,"Community and Social Service Specialists, All Other",detailed,2060,3.8,,,0.1,7,32.6,67800,0.8,20.89,26.24,31.79,37.8,46.58,43460,54580,66110,78630,96890,,
99,U.S.,1,US,611000,Educational Services,"3-digit, ownership",2,21-2000,Religious Workers,minor,80,4.1,,,0,1,30.99,64460,2.1,20.02,22.98,29.78,36.74,39.38,41630,47810,61950,76420,81920,,
99,U.S.,1,US,611000,Educational Services,"3-digit, ownership",2,21-2010,Clergy,broad,50,6.1,,,0,~,30.98,64440,1.1,20.02,27.45,31.42,36.74,37.82,41630,57100,65360,76420,78670,,
99,U.S.,1,US,611000,Educational Services,"3-digit, ownership",2,21-2011,Clergy,detailed,50,6.1,,,0,~,30.98,64440,1.1,20.02,27.45,31.42,36.74,37.82,41630,57100,65360,76420,78670,,
99,U.S.,1,US,611000,Educational Services,"3-digit, ownership",2,23-0000,Legal Occupations,major,3580,0.6,,,0.17,18,60.49,125810,1.4,29.53,39.35,49.23,76.89,106.58,61420,81850,102400,159930,221690,,
99,U.S.,1,US,611000,Educational Services,"3-digit, ownership",2,23-1000,"Lawyers, Judges, and Related Workers",minor,1840,1.6,,,0.09,7,78.6,163480,1.5,40.12,52.85,72.73,95.63,#,83450,109940,151270,198900,#,,
99,U.S.,1,US,611000,Educational Services,"3-digit, ownership",2,23-1010,Lawyers and Judicial Law Clerks,broad,1720,2.1,,,0.08,7,80.52,167480,1.5,41.4,55.78,74.62,98.44,#,86100,116030,155200,204760,#,,
99,U.S.,1,US,611000,Educational Services,"3-digit, ownership",2,23-1011,Lawyers,detailed,1720,2.1,,,0.08,7,80.52,167480,1.5,41.4,55.78,74.62,98.44,#,86100,116030,155200,204760,#,,
99,U.S.,1,US,611000,Educational Services,"3-digit, ownership",2,23-1020,"Judges, Magistrates, and Other Judicial Workers",broad,120,6.4,,,0.01,1,49.79,103560,2.6,26.48,36.12,46.67,60.43,77.74,55080,75130,97070,125690,161690,,
99,U.S.,1,US,611000,Educational Services,"3-digit, ownership",2,23-1022,"Arbitrators, Mediators, and Conciliators",detailed,110,6.6,,,0.01,1,50.08,104160,2.7,26.04,36.12,46.67,60.56,77.74,54170,75130,97070,125970,161690,,
99,U.S.,1,US,611000,Educational Services,"3-digit, ownership",2,23-2000,Legal Support Workers,minor,**,**,,,**,**,41.33,85970,1.5,23.3,33.32,42.44,46.66,57.06,48460,69300,88270,97060,118680,,
99,U.S.,1,US,611000,Educational Services,"3-digit, ownership",2,23-2010,Paralegals and Legal Assistants,broad,370,0.7,,,0.02,2,32,66560,1.4,20.23,23.84,30.32,37.02,46.5,42080,49580,63060,77010,96730,,
99,U.S.,1,US,611000,Educational Services,"3-digit, ownership",2,23-2011,Paralegals and Legal Assistants,detailed,370,0.7,,,0.02,2,32,66560,1.4,20.23,23.84,30.32,37.02,46.5,42080,49580,63060,77010,96730,,
99,U.S.,1,US,611000,Educational Services,"3-digit, ownership",2,23-2090,Miscellaneous Legal Support Workers,broad,1360,0.9,,,0.07,12,43.88,91270,1.5,25.41,38.14,44.28,48.39,62.12,52860,79320,92110,100650,129220,,
99,U.S.,1,US,611000,Educational Services,"3-digit, ownership",2,23-2099,"Legal Support Workers, All Other",detailed,**,**,,,**,**,44.01,91530,1.5,27.98,38.76,44.28,48.39,62.12,58200,80610,92110,100650,129220,,
99,U.S.,1,US,611000,Educational Services,"3-digit, ownership",2,25-0000,Educational Instruction and Library Occupations,major,878250,0.2,,,42.47,90,41.37,86040,0.6,17.19,24.28,35.22,49.09,74.83,35760,50490,73260,102110,155650,,
99,U.S.,1,US,611000,Educational Services,"3-digit, ownership",2,25-1000,Postsecondary Teachers,minor,626940,0.2,,,30.32,76,*,98630,0.7,*,*,*,*,*,48040,61610,80960,121430,170280,TRUE,
99,U.S.,1,US,611000,Educational Services,"3-digit, ownership",2,25-1010,"Business Teachers, Postsecondary",broad,35830,0.4,,,1.73,19,*,120230,0.7,*,*,*,*,*,49510,64920,102800,161050,216920,TRUE,
99,U.S.,1,US,611000,Educational Services,"3-digit, ownership",2,25-1011,"Business Teachers, Postsecondary",detailed,35830,0.4,,,1.73,19,*,120230,0.7,*,*,*,*,*,49510,64920,102800,161050,216920,TRUE,
99,U.S.,1,US,611000,Educational Services,"3-digit, ownership",2,25-1020,"Math and Computer Science Teachers, Postsecondary",broad,45460,0.3,,,2.2,24,*,97020,0.8,*,*,*,*,*,49400,62200,82140,122850,164340,TRUE,
99,U.S.,1,US,611000,Educational Services,"3-digit, ownership",2,25-1021,"Computer Science Teachers, Postsecondary",detailed,19530,0.6,,,0.94,18,*,108440,0.9,*,*,*,*,*,50150,66360,100280,133770,172160,TRUE,
99,U.S.,1,US,611000,Educational Services,"3-digit, ownership",2,25-1022,"Mathematical Science Teachers, Postsecondary",detailed,25930,0.4,,,1.25,20,*,88430,0.7,*,*,*,*,*,49150,60610,78480,102090,136340,TRUE,
99,U.S.,1,US,611000,Educational Services,"3-digit, ownership",2,25-1030,"Engineering and Architecture Teachers, Postsecondary",broad,31320,0.6,,,1.51,14,*,115230,0.7,*,*,*,*,*,60010,79710,104690,134590,172900,TRUE,
99,U.S.,1,US,611000,Educational Services,"3-digit, ownership",2,25-1031,"Architecture Teachers, Postsecondary",detailed,4390,2.3,,,0.21,4,*,92540,1.1,*,*,*,*,*,51120,67530,84000,105650,134420,TRUE,
99,U.S.,1,US,611000,Educational Services,"3-digit, ownership",2,25-1032,"Engineering Teachers, Postsecondary",detailed,26940,0.5,,,1.3,14,*,118920,0.6,*,*,*,*,*,60810,81510,106660,135850,175770,TRUE,
99,U.S.,1,US,611000,Educational Services,"3-digit, ownership",2,25-1040,"Life Sciences Teachers, Postsecondary",broad,35200,0.7,,,1.7,22,*,99920,0.6,*,*,*,*,*,50790,65070,85230,124450,162560,TRUE,
99,U.S.,1,US,611000,Educational Services,"3-digit, ownership",2,25-1041,"Agricultural Sciences Teachers, Postsecondary",detailed,7340,2.1,,,0.35,7,*,99570,0.7,*,*,*,*,*,49440,64810,95980,124680,162760,TRUE,
99,U.S.,1,US,611000,Educational Services,"3-digit, ownership",2,25-1042,"Biological Science Teachers, Postsecondary",detailed,26840,0.4,,,1.3,20,*,99850,0.7,*,*,*,*,*,51070,64950,84080,124540,162690,TRUE,
99,U.S.,1,US,611000,Educational Services,"3-digit, ownership",2,25-1043,"Forestry and Conservation Science Teachers, Postsecondary",detailed,1020,3.1,,,0.05,1,*,104220,0.8,*,*,*,*,*,61930,81480,101490,121520,154630,TRUE,
99,U.S.,1,US,611000,Educational Services,"3-digit, ownership",2,25-1050,"Physical Sciences Teachers, Postsecondary",broad,29510,0.2,,,1.43,19,*,102380,0.6,*,*,*,*,*,51910,64880,92800,127620,166060,TRUE,
99,U.S.,1,US,611000,Educational Services,"3-digit, ownership",2,25-1051,"Atmospheric, Earth, Marine, and Space Sciences Teachers, Postsecondary",detailed,6430,0.5,,,0.31,8,*,99520,0.6,*,*,*,*,*,51760,64340,86680,124410,163490,TRUE,
99,U.S.,1,US,611000,Educational Services,"3-digit, ownership",2,25-1052,"Chemistry Teachers, Postsecondary",detailed,10510,0.4,,,0.51,13,*,103030,0.6,*,*,*,*,*,51330,64180,85920,127620,172010,TRUE,
99,U.S.,1,US,611000,Educational Services,"3-digit, ownership",2,25-1053,"Environmental Science Teachers, Postsecondary",detailed,4650,0.6,,,0.22,7,*,101150,0.6,*,*,*,*,*,51190,65080,94960,124680,161400,TRUE,
99,U.S.,1,US,611000,Educational Services,"3-digit, ownership",2,25-1054,"Physics Teachers, Postsecondary",detailed,7930,0.7,,,0.38,11,*,104550,0.8,*,*,*,*,*,54340,66160,98040,130610,165910,TRUE,
99,U.S.,1,US,611000,Educational Services,"3-digit, ownership",2,25-1060,"Social Sciences Teachers, Postsecondary",broad,57030,0.4,,,2.76,27,*,95000,0.7,*,*,*,*,*,49330,63030,81750,107710,158370,TRUE,
99,U.S.,1,US,611000,Educational Services,"3-digit, ownership",2,25-1061,"Anthropology and Archeology Teachers, Postsecondary",detailed,3050,1.5,,,0.15,5,*,92020,0.6,*,*,*,*,*,50490,65270,83840,106930,136280,TRUE,
99,U.S.,1,US,611000,Educational Services,"3-digit, ownership",2,25-1062,"Area, Ethnic, and Cultural Studies Teachers, Postsecondary",detailed,6150,0.8,,,0.3,7,*,88990,0.6,*,*,*,*,*,49760,61490,80360,103080,134740,TRUE,
99,U.S.,1,US,611000,Educational Services,"3-digit, ownership",2,25-1063,"Economics Teachers, Postsecondary",detailed,6270,0.4,,,0.3,10,*,125890,0.7,*,*,*,*,*,54280,79170,109890,152850,212550,TRUE,
99,U.S.,1,US,611000,Educational Services,"3-digit, ownership",2,25-1064,"Geography Teachers, Postsecondary",detailed,2370,0.9,,,0.11,5,*,97230,0.8,*,*,*,*,*,52410,66920,84960,105800,158350,TRUE,
99,U.S.,1,US,611000,Educational Services,"3-digit, ownership",2,25-1065,"Political Science Teachers, Postsecondary",detailed,8200,0.6,,,0.4,10,*,99930,0.6,*,*,*,*,*,49690,63770,84750,122600,165050,TRUE,
99,U.S.,1,US,611000,Educational Services,"3-digit, ownership",2,25-1066,"Psychology Teachers, Postsecondary",detailed,17420,0.4,,,0.84,18,*,91930,0.7,*,*,*,*,*,48850,63120,80750,104260,143910,TRUE,
99,U.S.,1,US,611000,Educational Services,"3-digit, ownership",2,25-1067,"Sociology Teachers, Postsecondary",detailed,6230,0.8,,,0.3,11,*,91600,0.9,*,*,*,*,*,49890,64220,81160,104160,139000,TRUE,
99,U.S.,1,US,611000,Educational Services,"3-digit, ownership",2,25-1069,"Social Sciences Teachers, Postsecondary, All Other",detailed,7340,1,,,0.35,9,*,78830,0.8,*,*,*,*,*,41090,52880,69850,94760,128520,TRUE,
99,U.S.,1,US,611000,Educational Services,"3-digit, ownership",2,25-1070,"Health Teachers, Postsecondary",broad,129680,0.7,,,6.27,24,*,124990,1,*,*,*,*,*,50310,64340,98880,162360,#,TRUE,
99,U.S.,1,US,611000,Educational Services,"3-digit, ownership",2,25-1071,"Health Specialties Teachers, Postsecondary",detailed,102890,0.9,,,4.98,21,*,135560,1,*,*,*,*,*,51000,64600,104670,175120,#,TRUE,
99,U.S.,1,US,611000,Educational Services,"3-digit, ownership",2,25-1072,"Nursing Instructors and Teachers, Postsecondary",detailed,26790,0.8,,,1.3,18,*,84360,0.9,*,*,*,*,*,48140,62360,79440,101120,125250,TRUE,
99,U.S.,1,US,611000,Educational Services,"3-digit, ownership",2,25-1080,"Education and Library Science Teachers, Postsecondary",broad,32210,0.8,,,1.56,18,*,77910,0.7,*,*,*,*,*,39540,54330,74900,95620,124350,TRUE,
99,U.S.,1,US,611000,Educational Services,"3-digit, ownership",2,25-1081,"Education Teachers, Postsecondary",detailed,29490,0.9,,,1.43,17,*,77410,0.8,*,*,*,*,*,39050,51720,74160,95390,124430,TRUE,
99,U.S.,1,US,611000,Educational Services,"3-digit, ownership",2,25-1082,"Library Science Teachers, Postsecondary",detailed,2720,1.5,,,0.13,4,*,83390,0.6,*,*,*,*,*,54510,63300,79530,96410,112690,TRUE,
99,U.S.,1,US,611000,Educational Services,"3-digit, ownership",2,25-1110,"Law, Criminal Justice, and Social Work Teachers, Postsecondary",broad,26320,0.7,,,1.27,47,*,103120,0.9,*,*,*,*,*,47680,62380,83960,126670,180610,TRUE,
99,U.S.,1,US,611000,Educational Services,"3-digit, ownership",2,25-1111,"Criminal Justice and Law Enforcement Teachers, Postsecondary",detailed,6700,0.9,,,0.32,11,*,75310,0.7,*,*,*,*,*,46080,53300,65580,87690,121980,TRUE,
99,U.S.,1,US,611000,Educational Services,"3-digit, ownership",2,25-1112,"Law Teachers, Postsecondary",detailed,**,**,,,**,**,*,133750,1.2,*,*,*,*,*,63530,87030,126640,171280,#,TRUE,
99,U.S.,1,US,611000,Educational Services,"3-digit, ownership",2,25-1113,"Social Work Teachers, Postsecondary",detailed,7430,1.3,,,0.36,7,*,77910,0.7,*,*,*,*,*,44200,52500,72840,87670,121160,TRUE,
99,U.S.,1,US,611000,Educational Services,"3-digit, ownership",2,25-1120,"Arts, Communications, History, and Humanities Teachers, Postsecondary",broad,104770,0.4,,,5.07,26,*,79150,0.7,*,*,*,*,*,46670,57030,74250,95890,124840,TRUE,
99,U.S.,1,US,611000,Educational Services,"3-digit, ownership",2,25-1121,"Art, Drama, and Music Teachers, Postsecondary",detailed,37110,0.6,,,1.79,16,*,77730,0.7,*,*,*,*,*,45400,57120,71290,94740,122180,TRUE,
99,U.S.,1,US,611000,Educational Services,"3-digit, ownership",2,25-1122,"Communications Teachers, Postsecondary",detailed,14320,0.7,,,0.69,13,*,80010,0.7,*,*,*,*,*,47050,58290,75430,97360,127080,TRUE,
99,U.S.,1,US,611000,Educational Services,"3-digit, ownership",2,25-1123,"English Language and Literature Teachers, Postsecondary",detailed,28430,0.4,,,1.37,18,*,76230,0.6,*,*,*,*,*,46690,52140,66120,83490,118880,TRUE,
99,U.S.,1,US,611000,Educational Services,"3-digit, ownership",2,25-1124,"Foreign Language and Literature Teachers, Postsecondary",detailed,9850,0.7,,,0.48,10,*,77680,0.7,*,*,*,*,*,46780,54180,69990,92910,122300,TRUE,
99,U.S.,1,US,611000,Educational Services,"3-digit, ownership",2,25-1125,"History Teachers, Postsecondary",detailed,9910,0.5,,,0.48,17,*,87710,0.7,*,*,*,*,*,47880,61210,80200,101970,134160,TRUE,
99,U.S.,1,US,611000,Educational Services,"3-digit, ownership",2,25-1126,"Philosophy and Religion Teachers, Postsecondary",detailed,5140,2,,,0.25,9,*,89560,0.9,*,*,*,*,*,50170,62580,79960,103570,136170,TRUE,
99,U.S.,1,US,611000,Educational Services,"3-digit, ownership",2,25-1190,Miscellaneous Postsecondary Teachers,broad,99610,1.2,,,4.82,62,*,78570,0.7,*,*,*,*,*,39960,51500,67230,96810,130380,TRUE,
99,U.S.,1,US,611000,Educational Services,"3-digit, ownership",2,25-1192,"Family and Consumer Sciences Teachers, Postsecondary",detailed,1940,0.9,,,0.09,3,*,78720,0.7,*,*,*,*,*,47980,56870,76330,93770,120000,TRUE,
99,U.S.,1,US,611000,Educational Services,"3-digit, ownership",2,25-1193,"Recreation and Fitness Studies Teachers, Postsecondary",detailed,6620,1.2,,,0.32,8,*,77200,0.6,*,*,*,*,*,39940,51430,69230,90310,115850,TRUE,
99,U.S.,1,US,611000,Educational Services,"3-digit, ownership",2,25-1194,"Career/Technical Education Teachers, Postsecondary",detailed,29120,4.4,,,1.41,17,30.8,64070,1.1,18.62,23.65,29.86,37.11,46.55,38730,49190,62110,77180,96830,,
99,U.S.,1,US,611000,Educational Services,"3-digit, ownership",2,25-1199,"Postsecondary Teachers, All Other",detailed,61930,1.3,,,2.99,57,*,85530,0.7,*,*,*,*,*,40950,58210,78320,103240,136460,TRUE,
99,U.S.,1,US,611000,Educational Services,"3-digit, ownership",2,25-2000,"Preschool, Elementary, Middle, Secondary, and Special Education Teachers",minor,30580,0.4,,,1.48,10,*,70790,0.7,*,*,*,*,*,47570,55990,63260,78300,100010,TRUE,
99,U.S.,1,US,611000,Educational Services,"3-digit, ownership",2,25-2010,Preschool and Kindergarten Teachers,broad,3230,2.2,,,0.16,6,26.97,56090,1,16.31,19.19,23.32,29.31,47.33,33910,39920,48500,60960,98440,,
99,U.S.,1,US,611000,Educational Services,"3-digit, ownership",2,25-2011,"Preschool Teachers, Except Special Education",detailed,2760,2.4,,,0.13,5,26.58,55290,1.1,16.11,19.07,23.07,28.67,47.33,33510,39660,47980,59640,98440,,
99,U.S.,1,US,611000,Educational Services,"3-digit, ownership",2,25-2012,"Kindergarten Teachers, Except Special Education",detailed,480,2.9,,,0.02,2,*,60710,0.8,*,*,*,*,*,40170,45980,60910,66700,96890,TRUE,
99,U.S.,1,US,611000,Educational Services,"3-digit, ownership",2,25-2020,Elementary and Middle School Teachers,broad,11520,0.9,,,0.56,4,*,70860,0.7,*,*,*,*,*,49180,58140,63630,77850,99570,TRUE,
99,U.S.,1,US,611000,Educational Services,"3-digit, ownership",2,25-2021,"Elementary School Teachers, Except Special Education",detailed,8220,0.9,,,0.4,4,*,72850,0.6,*,*,*,*,*,49190,59570,62300,78000,123560,TRUE,
99,U.S.,1,US,611000,Educational Services,"3-digit, ownership",2,25-2022,"Middle School Teachers, Except Special and Career/Technical Education",detailed,3280,1.6,,,0.16,3,*,65740,0.9,*,*,*,*,*,49090,49900,64860,76560,91020,TRUE,
99,U.S.,1,US,611000,Educational Services,"3-digit, ownership",2,25-2030,Secondary School Teachers,broad,10900,1.4,,,0.53,4,*,72410,0.8,*,*,*,*,*,50090,60620,63990,79630,99780,TRUE,
99,U.S.,1,US,611000,Educational Services,"3-digit, ownership",2,25-2031,"Secondary School Teachers, Except Special and Career/Technical Education",detailed,9390,1.6,,,0.45,4,*,69050,0.7,*,*,*,*,*,49370,59110,62390,77570,98480,TRUE,
99,U.S.,1,US,611000,Educational Services,"3-digit, ownership",2,25-2032,"Career/Technical Education Teachers, Secondary School",detailed,1510,1.4,,,0.07,1,*,93200,1.3,*,*,*,*,*,77420,80840,97150,99860,104870,TRUE,
99,U.S.,1,US,611000,Educational Services,"3-digit, ownership",2,25-2050,Special Education Teachers,broad,4920,2.1,,,0.24,5,*,76700,0.7,*,*,*,*,*,50430,58350,72890,91410,123140,TRUE,
99,U.S.,1,US,611000,Educational Services,"3-digit, ownership",2,25-2051,"Special Education Teachers, Preschool",detailed,130,3.7,,,0.01,~,*,68680,0.8,*,*,*,*,*,38980,49300,67500,80120,99260,TRUE,
99,U.S.,1,US,611000,Educational Services,"3-digit, ownership",2,25-2052,"Special Education Teachers, Kindergarten and Elementary School",detailed,1580,1.5,,,0.08,3,*,76020,0.7,*,*,*,*,*,48710,55780,67540,99150,123550,TRUE,
99,U.S.,1,US,611000,Educational Services,"3-digit, ownership",2,25-2057,"Special Education Teachers, Middle School",detailed,430,1.7,,,0.02,2,*,81590,0.9,*,*,*,*,*,56530,62020,76200,97330,122500,TRUE,
99,U.S.,1,US,611000,Educational Services,"3-digit, ownership",2,25-2058,"Special Education Teachers, Secondary School",detailed,2230,2.6,,,0.11,4,*,78020,0.8,*,*,*,*,*,57830,58570,73570,85190,123140,TRUE,
99,U.S.,1,US,611000,Educational Services,"3-digit, ownership",2,25-2059,"Special Education Teachers, All Other",detailed,560,16.4,,,0.03,1,*,71370,2.4,*,*,*,*,*,45580,62360,69350,82190,96880,TRUE,
99,U.S.,1,US,611000,Educational Services,"3-digit, ownership",2,25-3000,Other Teachers and Instructors,minor,25970,0.5,,,1.26,26,23.49,48870,0.7,13.74,16,21.78,28.43,37.55,28590,33280,45300,59120,78110,,
99,U.S.,1,US,611000,Educational Services,"3-digit, ownership",2,25-3010,"Adult Basic Education, Adult Secondary Education, and English as a Second Language Instructors",broad,4550,1.6,,,0.22,7,27.03,56230,0.8,18.03,21.69,25.93,31.6,38.02,37510,45120,53920,65720,79090,,
99,U.S.,1,US,611000,Educational Services,"3-digit, ownership",2,25-3011,"Adult Basic Education, Adult Secondary Education, and English as a Second Language Instructors",detailed,4550,1.6,,,0.22,7,27.03,56230,0.8,18.03,21.69,25.93,31.6,38.02,37510,45120,53920,65720,79090,,
99,U.S.,1,US,611000,Educational Services,"3-digit, ownership",2,25-3020,Self-Enrichment Teachers,broad,2280,3.6,,,0.11,6,30.08,62570,1.5,16,23.12,29.78,36.83,45.29,33280,48090,61940,76600,94190,,
99,U.S.,1,US,611000,Educational Services,"3-digit, ownership",2,25-3021,Self-Enrichment Teachers,detailed,2280,3.6,,,0.11,6,30.08,62570,1.5,16,23.12,29.78,36.83,45.29,33280,48090,61940,76600,94190,,
99,U.S.,1,US,611000,Educational Services,"3-digit, ownership",2,25-3030,"Substitute Teachers, Short-Term",broad,3420,1.6,,,0.17,5,22.6,47010,0.7,15.59,20.82,23.04,24.31,27.02,32420,43310,47930,50570,56200,,
99,U.S.,1,US,611000,Educational Services,"3-digit, ownership",2,25-3031,"Substitute Teachers, Short-Term",detailed,3420,1.6,,,0.17,5,22.6,47010,0.7,15.59,20.82,23.04,24.31,27.02,32420,43310,47930,50570,56200,,
99,U.S.,1,US,611000,Educational Services,"3-digit, ownership",2,25-3040,Tutors,broad,13290,0.6,,,0.64,19,20.03,41660,0.7,12,14.64,17.24,21.94,31.23,24960,30440,35870,45640,64970,,
99,U.S.,1,US,611000,Educational Services,"3-digit, ownership",2,25-3041,Tutors,detailed,13290,0.6,,,0.64,19,20.03,41660,0.7,12,14.64,17.24,21.94,31.23,24960,30440,35870,45640,64970,,
99,U.S.,1,US,611000,Educational Services,"3-digit, ownership",2,25-3090,Miscellaneous Teachers and Instructors,broad,2440,0.9,,,0.12,4,*,64250,0.6,*,*,*,*,*,30610,46840,61610,78110,101390,TRUE,
99,U.S.,1,US,611000,Educational Services,"3-digit, ownership",2,25-3099,"Teachers and Instructors, All Other",detailed,2440,0.9,,,0.12,4,*,64250,0.6,*,*,*,*,*,30610,46840,61610,78110,101390,TRUE,
99,U.S.,1,US,611000,Educational Services,"3-digit, ownership",2,25-4000,"Librarians, Curators, and Archivists",minor,20660,0.3,,,1,28,30.77,63990,0.6,17.97,22.8,28.75,37.21,47.36,37380,47420,59790,77400,98520,,
99,U.S.,1,US,611000,Educational Services,"3-digit, ownership",2,25-4010,"Archivists, Curators, and Museum Technicians",broad,1970,1.1,,,0.1,4,30.61,63660,0.6,18.76,23.53,29.38,36.15,44.07,39030,48950,61120,75190,91660,,
99,U.S.,1,US,611000,Educational Services,"3-digit, ownership",2,25-4011,Archivists,detailed,460,1.9,,,0.02,2,30.72,63890,0.7,20.25,24.74,30.16,35.35,41.22,42110,51470,62730,73520,85740,,
99,U.S.,1,US,611000,Educational Services,"3-digit, ownership",2,25-4012,Curators,detailed,800,2.4,,,0.04,3,34.36,71470,0.8,22.26,25.65,30.75,39.22,48.87,46300,53350,63960,81570,101650,,
99,U.S.,1,US,611000,Educational Services,"3-digit, ownership",2,25-4013,Museum Technicians and Conservators,detailed,710,0.5,,,0.03,2,26.33,54760,0.6,15.59,19.96,24.72,29.93,37.34,32420,41510,51420,62260,77670,,
99,U.S.,1,US,611000,Educational Services,"3-digit, ownership",2,25-4020,Librarians and Media Collections Specialists,broad,11650,0.5,,,0.56,26,35.78,74410,0.7,23.23,26.77,32.34,39.8,49.97,48320,55680,67270,82780,103930,,
99,U.S.,1,US,611000,Educational Services,"3-digit, ownership",2,25-4022,Librarians and Media Collections Specialists,detailed,11650,0.5,,,0.56,26,35.78,74410,0.7,23.23,26.77,32.34,39.8,49.97,48320,55680,67270,82780,103930,,
99,U.S.,1,US,611000,Educational Services,"3-digit, ownership",2,25-4030,Library Technicians,broad,7040,0.8,,,0.34,13,22.52,46830,0.6,15.5,18.13,22.03,26.25,30.02,32240,37700,45820,54590,62430,,
99,U.S.,1,US,611000,Educational Services,"3-digit, ownership",2,25-4031,Library Technicians,detailed,7040,0.8,,,0.34,13,22.52,46830,0.6,15.5,18.13,22.03,26.25,30.02,32240,37700,45820,54590,62430,,
99,U.S.,1,US,611000,Educational Services,"3-digit, ownership",2,25-9000,Other Educational Instruction and Library Occupations,minor,174100,0.4,,,8.42,71,*,51550,0.6,*,*,*,*,*,24960,32600,47900,62880,79250,TRUE,
99,U.S.,1,US,611000,Educational Services,"3-digit, ownership",2,25-9020,Farm and Home Management Educators,broad,7530,6.2,,,0.36,8,30.13,62670,1.6,18.52,23.6,28.19,35,41.55,38530,49080,58640,72790,86420,,
99,U.S.,1,US,611000,Educational Services,"3-digit, ownership",2,25-9021,Farm and Home Management Educators,detailed,7530,6.2,,,0.36,8,30.13,62670,1.6,18.52,23.6,28.19,35,41.55,38530,49080,58640,72790,86420,,
99,U.S.,1,US,611000,Educational Services,"3-digit, ownership",2,25-9030,Instructional Coordinators,broad,21280,3.1,,,1.03,32,33.93,70580,0.7,22.48,24.39,30.47,38.45,49.04,46750,50720,63370,79970,102010,,
99,U.S.,1,US,611000,Educational Services,"3-digit, ownership",2,25-9031,Instructional Coordinators,detailed,21280,3.1,,,1.03,32,33.93,70580,0.7,22.48,24.39,30.47,38.45,49.04,46750,50720,63370,79970,102010,,
99,U.S.,1,US,611000,Educational Services,"3-digit, ownership",2,25-9040,Teaching Assistants,broad,113430,0.3,,,5.48,41,*,47210,0.6,*,*,*,*,*,25580,32420,46050,60550,73460,TRUE,
99,U.S.,1,US,611000,Educational Services,"3-digit, ownership",2,25-9044,"Teaching Assistants, Postsecondary",detailed,103640,0.3,,,5.01,35,*,47980,0.6,*,*,*,*,*,24960,32400,46790,61330,73460,TRUE,
99,U.S.,1,US,611000,Educational Services,"3-digit, ownership",2,25-9045,"Teaching Assistants, Except Postsecondary",detailed,9790,0.7,,,0.47,9,*,39090,1.8,*,*,*,*,*,29120,34520,36250,45070,48840,TRUE,
99,U.S.,1,US,611000,Educational Services,"3-digit, ownership",2,25-9090,Miscellaneous Educational Instruction and Library Workers,broad,31860,0.3,,,1.54,50,24.82,51620,0.7,8.88,13.4,18.28,30.13,47.24,18470,27860,38020,62660,98250,,
99,U.S.,1,US,611000,Educational Services,"3-digit, ownership",2,25-9099,"Educational Instruction and Library Workers, All Other",detailed,31860,0.3,,,1.54,50,24.82,51620,0.7,8.88,13.4,18.28,30.13,47.24,18470,27860,38020,62660,98250,,
99,U.S.,1,US,611000,Educational Services,"3-digit, ownership",2,27-0000,"Arts, Design, Entertainment, Sports, and Media Occupations",major,52110,0.3,,,2.52,30,36.87,76680,0.8,18.1,23.25,29.67,38.84,52.32,37640,48350,61710,80780,108830,,
99,U.S.,1,US,611000,Educational Services,"3-digit, ownership",2,27-1000,Art and Design Workers,minor,4100,0.7,,,0.2,9,29.3,60950,1,19.42,23.53,28.61,33.55,40.09,40390,48940,59510,69780,83390,,
99,U.S.,1,US,611000,Educational Services,"3-digit, ownership",2,27-1010,Artists and Related Workers,broad,970,3.6,,,0.05,3,33.79,70290,1.2,22.19,25.69,31.39,38.75,45.69,46160,53440,65300,80590,95040,,
99,U.S.,1,US,611000,Educational Services,"3-digit, ownership",2,27-1011,Art Directors,detailed,300,0.3,,,0.01,1,39.71,82590,0.8,25.16,30.62,38.33,45.01,53.92,52330,63680,79720,93630,112150,,
99,U.S.,1,US,611000,Educational Services,"3-digit, ownership",2,27-1013,"Fine Artists, Including Painters, Sculptors, and Illustrators",detailed,120,2.2,,,0.01,1,30.81,64080,1,18.71,23.82,26.32,33.54,50.15,38930,49550,54750,69750,104310,,
99,U.S.,1,US,611000,Educational Services,"3-digit, ownership",2,27-1014,Special Effects Artists and Animators,detailed,220,5,,,0.01,1,29.92,62230,1.2,22.63,25.22,29.53,32.17,38.23,47060,52460,61420,66920,79510,,
99,U.S.,1,US,611000,Educational Services,"3-digit, ownership",2,27-1019,"Artists and Related Workers, All Other",detailed,320,11.2,,,0.02,1,32.32,67220,2.6,22.19,28.61,30.89,38.15,43.17,46160,59510,64260,79350,89790,,
99,U.S.,1,US,611000,Educational Services,"3-digit, ownership",2,27-1020,Designers,broad,3130,0.5,,,0.15,8,27.91,58050,0.8,18.9,23.18,26.89,31.47,38.32,39310,48210,55920,65460,79700,,
99,U.S.,1,US,611000,Educational Services,"3-digit, ownership",2,27-1024,Graphic Designers,detailed,2670,0.5,,,0.13,7,27.84,57900,0.8,19.18,23.2,27.2,31.23,37.32,39890,48260,56570,64960,77620,,
99,U.S.,1,US,611000,Educational Services,"3-digit, ownership",2,27-1025,Interior Designers,detailed,140,3,,,0.01,1,36.3,75500,1.3,26.7,28.81,35.59,42.9,51.15,55540,59920,74030,89230,106390,,
99,U.S.,1,US,611000,Educational Services,"3-digit, ownership",2,27-1027,Set and Exhibit Designers,detailed,180,1.7,,,0.01,1,23.93,49770,1,15.08,19.54,23.89,27.97,31.36,31360,40640,49700,58180,65220,,
99,U.S.,1,US,611000,Educational Services,"3-digit, ownership",2,27-1029,"Designers, All Other",detailed,90,1.7,,,0,~,26.2,54490,1.3,12.65,21.24,23.25,31.92,38.32,26320,44190,48360,66400,79700,,
99,U.S.,1,US,611000,Educational Services,"3-digit, ownership",2,27-2000,"Entertainers and Performers, Sports and Related Workers",minor,25570,0.4,,,1.24,15,42.72,88860,0.8,16.64,22.54,29.44,41.54,75.75,34620,46890,61230,86410,157570,,
99,U.S.,1,US,611000,Educational Services,"3-digit, ownership",2,27-2010,"Actors, Producers, and Directors",broad,2670,1.2,,,0.13,5,30.25,62920,0.8,19.16,23.34,28.92,36.12,42.28,39850,48560,60150,75130,87940,,
99,U.S.,1,US,611000,Educational Services,"3-digit, ownership",2,27-2011,Actors,detailed,530,6.6,,,0.03,~,22.98,*,0.9,15.1,16.63,22.17,28.1,30.04,*,*,*,*,*,,TRUE
99,U.S.,1,US,611000,Educational Services,"3-digit, ownership",2,27-2012,Producers and Directors,detailed,2140,0.4,,,0.1,5,32.06,66690,0.8,22.1,24.61,30.27,37.43,44.81,45970,51190,62950,77850,93200,,
99,U.S.,1,US,611000,Educational Services,"3-digit, ownership",2,27-2020,"Athletes, Coaches, Umpires, and Related Workers",broad,21460,0.4,,,1.04,14,*,93860,0.9,*,*,*,*,*,34160,46790,61580,97170,174130,TRUE,
99,U.S.,1,US,611000,Educational Services,"3-digit, ownership",2,27-2021,Athletes and Sports Competitors,detailed,260,0.8,,,0.01,~,*,101140,1.6,*,*,*,*,*,55660,60330,84460,123880,136880,TRUE,
99,U.S.,1,US,611000,Educational Services,"3-digit, ownership",2,27-2022,Coaches and Scouts,detailed,20690,0.5,,,1,14,*,94750,0.9,*,*,*,*,*,36300,47200,61740,97200,176600,TRUE,
99,U.S.,1,US,611000,Educational Services,"3-digit, ownership",2,27-2023,"Umpires, Referees, and Other Sports Officials",detailed,500,1.1,,,0.02,1,*,53390,0.9,*,*,*,*,*,25220,31470,32900,53910,103240,TRUE,
99,U.S.,1,US,611000,Educational Services,"3-digit, ownership",2,27-2040,"Musicians, Singers, and Related Workers",broad,790,1.3,,,0.04,3,30.53,*,1.1,16.24,22.14,29.21,37.24,45.8,*,*,*,*,*,,TRUE
99,U.S.,1,US,611000,Educational Services,"3-digit, ownership",2,27-2041,Music Directors and Composers,detailed,120,4.1,,,0.01,1,33.61,69900,2.7,13.71,23.91,32.97,39.23,51.75,28530,49720,68590,81590,107630,,
99,U.S.,1,US,611000,Educational Services,"3-digit, ownership",2,27-2042,Musicians and Singers,detailed,670,1.3,,,0.03,2,29.97,*,0.9,16.6,21.94,28.83,37.21,44.22,*,*,*,*,*,,TRUE
99,U.S.,1,US,611000,Educational Services,"3-digit, ownership",2,27-2090,"Miscellaneous Entertainers and Performers, Sports and Related Workers",broad,620,0.3,,,0.03,1,29.36,*,0.8,14,21.45,25.88,33.32,38.73,*,*,*,*,*,,TRUE
99,U.S.,1,US,611000,Educational Services,"3-digit, ownership",2,27-2099,"Entertainers and Performers, Sports and Related Workers, All Other",detailed,620,0.3,,,0.03,1,29.35,*,0.8,14,21.45,25.88,33.32,38.73,*,*,*,*,*,,TRUE
99,U.S.,1,US,611000,Educational Services,"3-digit, ownership",2,27-3000,Media and Communication Workers,minor,17900,0.4,,,0.87,23,33.06,68770,0.8,20.87,24.8,30.72,38.93,47.55,43420,51580,63900,80980,98900,,
99,U.S.,1,US,611000,Educational Services,"3-digit, ownership",2,27-3010,Broadcast Announcers and Radio Disc Jockeys,broad,820,0.5,,,0.04,1,31.93,66410,1.6,19.85,24.09,30.02,38.35,49.09,41290,50110,62450,79770,102100,,
99,U.S.,1,US,611000,Educational Services,"3-digit, ownership",2,27-3011,Broadcast Announcers and Radio Disc Jockeys,detailed,820,0.5,,,0.04,1,31.93,66410,1.6,19.85,24.09,30.02,38.35,49.09,41290,50110,62450,79770,102100,,
99,U.S.,1,US,611000,Educational Services,"3-digit, ownership",2,27-3020,"News Analysts, Reporters and Journalists",broad,290,1.1,,,0.01,1,24.86,51700,0.8,14.22,19.27,24.52,29.11,34.18,29580,40090,51010,60550,71100,,
99,U.S.,1,US,611000,Educational Services,"3-digit, ownership",2,27-3023,"News Analysts, Reporters, and Journalists",detailed,290,1.1,,,0.01,1,24.86,51700,0.8,14.22,19.27,24.52,29.11,34.18,29580,40090,51010,60550,71100,,
99,U.S.,1,US,611000,Educational Services,"3-digit, ownership",2,27-3030,Public Relations Specialists,broad,11260,0.5,,,0.54,16,33.13,68910,0.8,22.4,25.11,30.77,38.51,47.39,46600,52220,63990,80090,98570,,
99,U.S.,1,US,611000,Educational Services,"3-digit, ownership",2,27-3031,Public Relations Specialists,detailed,11260,0.5,,,0.54,16,33.13,68910,0.8,22.4,25.11,30.77,38.51,47.39,46600,52220,63990,80090,98570,,
99,U.S.,1,US,611000,Educational Services,"3-digit, ownership",2,27-3040,Writers and Editors,broad,3030,0.6,,,0.15,8,32.72,68060,0.8,20.76,24.56,31.05,38.77,46.58,43190,51080,64580,80650,96880,,
99,U.S.,1,US,611000,Educational Services,"3-digit, ownership",2,27-3041,Editors,detailed,1630,1.4,,,0.08,4,31.47,65460,0.8,20.85,23.62,30.29,37.66,43.14,43370,49130,62990,78330,89730,,
99,U.S.,1,US,611000,Educational Services,"3-digit, ownership",2,27-3042,Technical Writers,detailed,340,1,,,0.02,2,32.86,68350,0.9,23.53,25.81,30.41,38.94,44.6,48940,53680,63250,81000,92760,,
99,U.S.,1,US,611000,Educational Services,"3-digit, ownership",2,27-3043,Writers and Authors,detailed,1060,0.7,,,0.05,5,34.6,71970,0.9,19.01,27.45,35.54,41.56,46.88,39530,57100,73930,86450,97520,,
99,U.S.,1,US,611000,Educational Services,"3-digit, ownership",2,27-3090,Miscellaneous Media and Communication Workers,broad,2500,1.1,,,0.12,7,34.5,71750,0.8,17.81,24.51,32.6,42.1,48.91,37050,50980,67810,87570,101740,,
99,U.S.,1,US,611000,Educational Services,"3-digit, ownership",2,27-3091,Interpreters and Translators,detailed,1360,0.8,,,0.07,4,35.06,72930,0.8,18.98,24.72,32.27,41.53,51.69,39480,51420,67120,86380,107510,,
99,U.S.,1,US,611000,Educational Services,"3-digit, ownership",2,27-3092,Court Reporters and Simultaneous Captioners,detailed,30,1.1,,,0,~,48.68,101240,2.7,7.35,31.67,55.49,60.56,82.19,15280,65880,115430,125960,170950,,
99,U.S.,1,US,611000,Educational Services,"3-digit, ownership",2,27-3099,"Media and Communication Workers, All Other",detailed,1100,1.7,,,0.05,4,33.39,69440,0.8,16,23.74,32.69,42.36,48.65,33280,49370,68000,88110,101190,,
99,U.S.,1,US,611000,Educational Services,"3-digit, ownership",2,27-4000,Media and Communication Equipment Workers,minor,4550,0.6,,,0.22,10,25.72,53490,0.8,14.82,19.63,24.42,30.29,37.56,30830,40820,50790,63010,78120,,
99,U.S.,1,US,611000,Educational Services,"3-digit, ownership",2,27-4010,"Broadcast, Sound, and Lighting Technicians",broad,3220,0.6,,,0.16,8,26.16,54410,0.8,14.82,19.16,25.05,30.74,38.54,30830,39850,52100,63940,80160,,
99,U.S.,1,US,611000,Educational Services,"3-digit, ownership",2,27-4011,Audio and Video Technicians,detailed,2110,0.5,,,0.1,6,25.79,53630,0.8,15.82,19.78,24.75,30.03,36.25,32900,41130,51480,62460,75410,,
99,U.S.,1,US,611000,Educational Services,"3-digit, ownership",2,27-4012,Broadcast Technicians,detailed,710,3,,,0.03,3,30.81,64080,0.8,18.86,24.19,30.31,37.92,43.64,39240,50320,63040,78880,90760,,
99,U.S.,1,US,611000,Educational Services,"3-digit, ownership",2,27-4014,Sound Engineering Technicians,detailed,330,0.9,,,0.02,1,19,39510,1,11.6,14.82,14.82,22.73,31.68,24140,30830,30830,47270,65890,,
99,U.S.,1,US,611000,Educational Services,"3-digit, ownership",2,27-4015,Lighting Technicians,detailed,70,5.6,,,0,1,23.55,48980,2.3,17.49,18.73,24.14,27.66,29.88,36380,38950,50220,57520,62150,,
99,U.S.,1,US,611000,Educational Services,"3-digit, ownership",2,27-4020,Photographers,broad,390,0.4,,,0.02,3,28.32,58910,0.8,20.74,24.03,28.14,31.98,37.64,43140,49990,58540,66520,78290,,
99,U.S.,1,US,611000,Educational Services,"3-digit, ownership",2,27-4021,Photographers,detailed,390,0.4,,,0.02,3,28.32,58910,0.8,20.74,24.03,28.14,31.98,37.64,43140,49990,58540,66520,78290,,
99,U.S.,1,US,611000,Educational Services,"3-digit, ownership",2,27-4030,"Television, Video, and Film Camera Operators and Editors",broad,610,1.1,,,0.03,2,25.12,52250,0.9,20.16,22.54,23.56,27.41,31.81,41940,46890,49010,57020,66160,,
99,U.S.,1,US,611000,Educational Services,"3-digit, ownership",2,27-4031,"Camera Operators, Television, Video, and Film",detailed,280,1.1,,,0.01,1,25.67,53380,0.9,17.31,21.87,25.12,28.94,34.2,36000,45490,52240,60200,71140,,
99,U.S.,1,US,611000,Educational Services,"3-digit, ownership",2,27-4032,Film and Video Editors,detailed,330,2.3,,,0.02,1,24.65,51280,1.1,21.49,22.91,23.4,24.19,31.24,44710,47650,48680,50310,64980,,
99,U.S.,1,US,611000,Educational Services,"3-digit, ownership",2,27-4090,Miscellaneous Media and Communication Equipment Workers,broad,320,2.6,,,0.02,1,19.28,40100,0.8,14,14.26,16.28,23.44,27.99,29120,29660,33860,48750,58210,,
99,U.S.,1,US,611000,Educational Services,"3-digit, ownership",2,27-4099,"Media and Communication Equipment Workers, All Other",detailed,320,2.6,,,0.02,1,19.28,40100,0.8,14,14.26,16.28,23.44,27.99,29120,29660,33860,48750,58210,,
99,U.S.,1,US,611000,Educational Services,"3-digit, ownership",2,29-0000,Healthcare Practitioners and Technical Occupations,major,62640,1,,,3.03,20,47.45,98700,0.6,22.92,29.92,37.57,52.17,78.02,47680,62230,78150,108510,162280,,
99,U.S.,1,US,611000,Educational Services,"3-digit, ownership",2,29-1000,Healthcare Diagnosing or Treating Practitioners,minor,40040,1.3,,,1.94,15,57.26,119100,0.6,31.16,33.71,42.9,64.32,103.69,64820,70110,89230,133780,215680,,
99,U.S.,1,US,611000,Educational Services,"3-digit, ownership",2,29-1020,Dentists,broad,340,3.4,,,0.02,2,77.89,162010,1.1,34.22,69.84,84.29,88.97,103.78,71180,145270,175310,185050,215860,,
99,U.S.,1,US,611000,Educational Services,"3-digit, ownership",2,29-1021,"Dentists, General",detailed,300,3.9,,,0.01,2,82.13,170830,1.1,48.75,80.67,85.24,90.85,103.78,101390,167780,177300,188970,215860,,
99,U.S.,1,US,611000,Educational Services,"3-digit, ownership",2,29-1030,Dietitians and Nutritionists,broad,560,1.8,,,0.03,2,33.66,70010,0.8,21.05,27.09,31.63,38.53,48.28,43790,56340,65790,80140,100420,,
99,U.S.,1,US,611000,Educational Services,"3-digit, ownership",2,29-1031,Dietitians and Nutritionists,detailed,560,1.8,,,0.03,2,33.66,70010,0.8,21.05,27.09,31.63,38.53,48.28,43790,56340,65790,80140,100420,,
99,U.S.,1,US,611000,Educational Services,"3-digit, ownership",2,29-1040,Optometrists,broad,40,7.4,,,0,~,44.49,92540,1.7,15.98,17.4,40.64,69.19,87.45,33240,36190,84520,143910,181900,,
99,U.S.,1,US,611000,Educational Services,"3-digit, ownership",2,29-1041,Optometrists,detailed,40,7.4,,,0,~,44.49,92540,1.7,15.98,17.4,40.64,69.19,87.45,33240,36190,84520,143910,181900,,
99,U.S.,1,US,611000,Educational Services,"3-digit, ownership",2,29-1050,Pharmacists,broad,1250,1.5,,,0.06,2,61.42,127740,0.3,24.72,51.93,66.5,75.94,85.73,51410,108010,138320,157950,178310,,
99,U.S.,1,US,611000,Educational Services,"3-digit, ownership",2,29-1051,Pharmacists,detailed,1250,1.5,,,0.06,2,61.42,127740,0.3,24.72,51.93,66.5,75.94,85.73,51410,108010,138320,157950,178310,,
99,U.S.,1,US,611000,Educational Services,"3-digit, ownership",2,29-1070,Physician Assistants,broad,1980,4.1,,,0.1,2,54.11,112540,2.5,20.36,49.28,53.26,66.52,78.03,42350,102500,110780,138360,162300,,
99,U.S.,1,US,611000,Educational Services,"3-digit, ownership",2,29-1071,Physician Assistants,detailed,1980,4.1,,,0.1,2,54.11,112540,2.5,20.36,49.28,53.26,66.52,78.03,42350,102500,110780,138360,162300,,
99,U.S.,1,US,611000,Educational Services,"3-digit, ownership",2,29-1120,Therapists,broad,**,**,,,**,**,45.67,95000,0.5,30.28,37.77,43.89,53.76,62.82,62990,78550,91290,111810,130660,,
99,U.S.,1,US,611000,Educational Services,"3-digit, ownership",2,29-1122,Occupational Therapists,detailed,430,2.2,,,0.02,1,46.06,95810,0.6,30.86,38.85,48.08,51.21,61.62,64180,80810,100010,106510,128180,,
99,U.S.,1,US,611000,Educational Services,"3-digit, ownership",2,29-1123,Physical Therapists,detailed,640,1.4,,,0.03,2,49.96,103910,0.4,36.16,42.72,50.84,55.44,67.27,75220,88850,105750,115310,139920,,
99,U.S.,1,US,611000,Educational Services,"3-digit, ownership",2,29-1124,Radiation Therapists,detailed,90,0.1,,,0,~,50.13,104260,0.3,32.3,41.16,51.65,61.65,65.96,67180,85600,107420,128220,137190,,
99,U.S.,1,US,611000,Educational Services,"3-digit, ownership",2,29-1125,Recreational Therapists,detailed,140,9.1,,,0.01,1,40.19,83600,5.7,23.38,26.39,31.18,59.02,68.54,48640,54880,64860,122770,142570,,
99,U.S.,1,US,611000,Educational Services,"3-digit, ownership",2,29-1126,Respiratory Therapists,detailed,290,4.3,,,0.01,~,41.56,86440,0.5,33.13,39.08,40.21,43.89,48.35,68900,81280,83630,91290,100560,,
99,U.S.,1,US,611000,Educational Services,"3-digit, ownership",2,29-1127,Speech-Language Pathologists,detailed,580,2.8,,,0.03,2,44.88,93360,0.9,30.61,34.58,41.89,52.54,62.82,63670,71920,87120,109290,130660,,
99,U.S.,1,US,611000,Educational Services,"3-digit, ownership",2,29-1128,Exercise Physiologists,detailed,40,3.9,,,0,~,37.34,77670,1.3,23.14,24.84,27.87,37.98,41.24,48140,51660,57960,78990,85770,,
99,U.S.,1,US,611000,Educational Services,"3-digit, ownership",2,29-1129,"Therapists, All Other",detailed,**,**,,,**,**,36.89,76720,0.6,19.73,28.53,35.03,46.05,56.27,41030,59350,72870,95780,117040,,
99,U.S.,1,US,611000,Educational Services,"3-digit, ownership",2,29-1130,Veterinarians,broad,980,2.3,,,0.05,2,70.27,146160,1.5,19.21,31.36,58.89,86.37,#,39960,65220,122490,179650,#,,
99,U.S.,1,US,611000,Educational Services,"3-digit, ownership",2,29-1131,Veterinarians,detailed,980,2.3,,,0.05,2,70.27,146160,1.5,19.21,31.36,58.89,86.37,#,39960,65220,122490,179650,#,,
99,U.S.,1,US,611000,Educational Services,"3-digit, ownership",2,29-1140,Registered Nurses,broad,13350,2.4,,,0.65,10,45.72,95090,0.4,32.16,38.69,42.9,52.63,64.32,66890,80480,89230,109470,133780,,
99,U.S.,1,US,611000,Educational Services,"3-digit, ownership",2,29-1141,Registered Nurses,detailed,13350,2.4,,,0.65,10,45.72,95090,0.4,32.16,38.69,42.9,52.63,64.32,66890,80480,89230,109470,133780,,
99,U.S.,1,US,611000,Educational Services,"3-digit, ownership",2,29-1150,Nurse Anesthetists,broad,380,0.6,,,0.02,~,102.32,212820,0.3,67.63,93.12,110.56,113.22,#,140660,193680,229950,235490,#,,
99,U.S.,1,US,611000,Educational Services,"3-digit, ownership",2,29-1151,Nurse Anesthetists,detailed,380,0.6,,,0.02,~,102.32,212820,0.3,67.63,93.12,110.56,113.22,#,140660,193680,229950,235490,#,,
99,U.S.,1,US,611000,Educational Services,"3-digit, ownership",2,29-1170,Nurse Practitioners,broad,3740,6,,,0.18,5,56.5,117510,4.4,19.46,50.81,58.26,65.91,77.89,40480,105680,121180,137090,162010,,
99,U.S.,1,US,611000,Educational Services,"3-digit, ownership",2,29-1171,Nurse Practitioners,detailed,3740,6,,,0.18,5,56.5,117510,4.4,19.46,50.81,58.26,65.91,77.89,40480,105680,121180,137090,162010,,
99,U.S.,1,US,611000,Educational Services,"3-digit, ownership",2,29-1180,Audiologists,broad,170,4.9,,,0.01,1,43.08,89600,2.4,19.35,37.96,43.88,51.68,59.74,40240,78960,91270,107490,124260,,
99,U.S.,1,US,611000,Educational Services,"3-digit, ownership",2,29-1181,Audiologists,detailed,170,4.9,,,0.01,1,43.08,89600,2.4,19.35,37.96,43.88,51.68,59.74,40240,78960,91270,107490,124260,,
99,U.S.,1,US,611000,Educational Services,"3-digit, ownership",2,29-1210,Physicians,broad,12760,2.3,,,0.62,5,68.5,142470,1.8,31.46,32.28,36.84,103.54,#,65430,67150,76630,215360,#,,
99,U.S.,1,US,611000,Educational Services,"3-digit, ownership",2,29-1211,Anesthesiologists,detailed,**,**,,,**,**,115.81,240890,3.3,34.85,36.31,104.41,#,#,72480,75530,217170,#,#,,
99,U.S.,1,US,611000,Educational Services,"3-digit, ownership",2,29-1212,Cardiologists,detailed,130,1.3,,,0.01,~,113.51,236090,3.1,35.84,40.58,70.67,#,#,74550,84400,147000,#,#,,
99,U.S.,1,US,611000,Educational Services,"3-digit, ownership",2,29-1213,Dermatologists,detailed,60,1.3,,,0,~,58.06,120770,0.5,32,35.55,35.59,40.36,#,66560,73940,74020,83960,#,,
99,U.S.,1,US,611000,Educational Services,"3-digit, ownership",2,29-1214,Emergency Medicine Physicians,detailed,440,0.1,,,0.02,~,82.11,170780,0.3,33.07,33.27,38.45,#,#,68790,69190,79980,#,#,,
99,U.S.,1,US,611000,Educational Services,"3-digit, ownership",2,29-1215,Family Medicine Physicians,detailed,1060,14.9,,,0.05,2,85.49,177810,5.4,31.51,38.87,84.61,111.81,#,65540,80840,175990,232570,#,,
99,U.S.,1,US,611000,Educational Services,"3-digit, ownership",2,29-1216,General Internal Medicine Physicians,detailed,2700,0.6,,,0.13,1,69.33,144200,3.3,31.46,32.28,32.9,103.92,#,65430,67150,68430,216160,#,,
99,U.S.,1,US,611000,Educational Services,"3-digit, ownership",2,29-1217,Neurologists,detailed,**,**,,,**,**,63.21,131470,0.4,31.39,35.54,38.63,109.64,109.84,65280,73930,80350,228060,228470,,
99,U.S.,1,US,611000,Educational Services,"3-digit, ownership",2,29-1218,Obstetricians and Gynecologists,detailed,270,0,,,0.01,~,84.43,175620,0.3,33.3,34.76,39.89,#,#,69260,72310,82960,#,#,,
99,U.S.,1,US,611000,Educational Services,"3-digit, ownership",2,29-1221,"Pediatricians, General",detailed,770,0.1,,,0.04,~,92.14,191640,5.1,34.64,34.78,85.62,#,#,72050,72340,178080,#,#,,
99,U.S.,1,US,611000,Educational Services,"3-digit, ownership",2,29-1222,"Physicians, Pathologists",detailed,300,0.2,,,0.01,~,95.83,199330,1.7,33.46,37.78,111.71,#,#,69590,78590,232350,#,#,,
99,U.S.,1,US,611000,Educational Services,"3-digit, ownership",2,29-1223,Psychiatrists,detailed,530,1.4,,,0.03,1,83.4,173470,4.5,31.63,34.53,48.76,#,#,65790,71820,101420,#,#,,
99,U.S.,1,US,611000,Educational Services,"3-digit, ownership",2,29-1224,Radiologists,detailed,460,0.5,,,0.02,~,112.63,234270,5.5,33.58,39.88,103.25,#,#,69840,82950,214770,#,#,,
99,U.S.,1,US,611000,Educational Services,"3-digit, ownership",2,29-1229,"Physicians, All Other",detailed,5280,4.9,,,0.26,2,46.16,96010,2,31.02,31.77,33.32,37.57,93.04,64520,66070,69310,78150,193520,,
99,U.S.,1,US,611000,Educational Services,"3-digit, ownership",2,29-1240,Surgeons,broad,**,**,,,**,**,91.36,190020,0.6,33.01,34.58,38.61,#,#,68670,71930,80320,#,#,,
99,U.S.,1,US,611000,Educational Services,"3-digit, ownership",2,29-1241,"Ophthalmologists, Except Pediatric",detailed,**,**,,,**,**,99.51,206980,5.1,32.89,35.51,38.53,#,#,68420,73850,80140,#,#,,
99,U.S.,1,US,611000,Educational Services,"3-digit, ownership",2,29-1242,"Orthopedic Surgeons, Except Pediatric",detailed,**,**,,,**,**,106.15,220790,0.4,32.22,34.97,39.29,#,#,67020,72730,81710,#,#,,
99,U.S.,1,US,611000,Educational Services,"3-digit, ownership",2,29-1249,"Surgeons, All Other",detailed,**,**,,,**,**,85.9,178670,0.3,33.01,34.58,37.06,#,#,68670,71930,77090,#,#,,
99,U.S.,1,US,611000,Educational Services,"3-digit, ownership",2,29-1290,Miscellaneous Healthcare Diagnosing or Treating Practitioners,broad,1040,0.9,,,0.05,2,39.62,82410,0.4,27.16,31.62,37.69,43.65,53.05,56500,65760,78390,90790,110350,,
99,U.S.,1,US,611000,Educational Services,"3-digit, ownership",2,29-1292,Dental Hygienists,detailed,310,2.5,,,0.01,1,37.32,77620,0.4,29.16,32.9,36.64,41.81,48.13,60660,68440,76220,86960,100120,,
99,U.S.,1,US,611000,Educational Services,"3-digit, ownership",2,29-1299,"Healthcare Diagnosing or Treating Practitioners, All Other",detailed,720,0.9,,,0.03,1,40.65,84540,0.4,26.09,30.47,38.74,47.16,53.05,54260,63370,80590,98090,110350,,
99,U.S.,1,US,611000,Educational Services,"3-digit, ownership",2,29-2000,Health Technologists and Technicians,minor,18250,1.1,,,0.88,8,29.72,61810,0.3,18.99,23.31,27.9,33.53,41.5,39490,48480,58040,69740,86320,,
99,U.S.,1,US,611000,Educational Services,"3-digit, ownership",2,29-2010,Clinical Laboratory Technologists and Technicians,broad,6210,0.7,,,0.3,4,30.42,63270,0.4,18.46,20.79,29.83,38.29,44.69,38390,43230,62040,79640,92960,,
99,U.S.,1,US,611000,Educational Services,"3-digit, ownership",2,29-2010,Clinical Laboratory Technologists and Technicians,detailed,6210,0.7,,,0.3,4,30.42,63270,0.4,18.46,20.79,29.83,38.29,44.69,38390,43230,62040,79640,92960,,
99,U.S.,1,US,611000,Educational Services,"3-digit, ownership",2,29-2030,Diagnostic Related Technologists and Technicians,broad,1480,3,,,0.07,2,42.17,87720,0.6,26.67,32.25,40.76,49.25,57.99,55470,67090,84780,102430,120620,,
99,U.S.,1,US,611000,Educational Services,"3-digit, ownership",2,29-2031,Cardiovascular Technologists and Technicians,detailed,210,5.5,,,0.01,~,40.58,84400,1.7,24.06,30,38.23,51.33,55.72,50050,62400,79520,106760,115900,,
99,U.S.,1,US,611000,Educational Services,"3-digit, ownership",2,29-2032,Diagnostic Medical Sonographers,detailed,300,5.3,,,0.01,1,47.28,98330,0.8,33.63,40.26,48.18,52.11,62.99,69950,83740,100220,108400,131010,,
99,U.S.,1,US,611000,Educational Services,"3-digit, ownership",2,29-2033,Nuclear Medicine Technologists,detailed,30,7.2,,,0,~,54.92,114220,1.9,32.25,40.43,49.96,70.13,85.2,67090,84100,103910,145870,177220,,
99,U.S.,1,US,611000,Educational Services,"3-digit, ownership",2,29-2034,Radiologic Technologists and Technicians,detailed,820,2.1,,,0.04,2,39.22,81580,0.4,25.52,30.94,39.33,47.65,53.89,53080,64350,81800,99110,112100,,
99,U.S.,1,US,611000,Educational Services,"3-digit, ownership",2,29-2035,Magnetic Resonance Imaging Technologists,detailed,110,2.3,,,0.01,~,47.63,99080,0.9,34.21,38.41,43.31,55.58,64.37,71150,79890,90090,115610,133890,,
99,U.S.,1,US,611000,Educational Services,"3-digit, ownership",2,29-2040,Emergency Medical Technicians and Paramedics,broad,270,1.5,,,0.01,1,25.34,52700,0.7,18.1,21.5,24.9,29.94,31.31,37640,44720,51780,62270,65120,,
99,U.S.,1,US,611000,Educational Services,"3-digit, ownership",2,29-2042,Emergency Medical Technicians,detailed,190,1.8,,,0.01,~,25.2,52420,0.4,16.32,20.1,26.88,29.94,31.31,33940,41800,55910,62270,65120,,
99,U.S.,1,US,611000,Educational Services,"3-digit, ownership",2,29-2043,Paramedics,detailed,80,4.2,,,0,~,25.68,53420,3,21.31,23.52,24.33,26.16,32.54,44320,48920,50610,54410,67670,,
99,U.S.,1,US,611000,Educational Services,"3-digit, ownership",2,29-2050,Health Practitioner Support Technologists and Technicians,broad,4920,2.2,,,0.24,3,25.73,53510,0.4,18.66,21.64,24.2,29.79,33.54,38820,45000,50340,61960,69760,,
99,U.S.,1,US,611000,Educational Services,"3-digit, ownership",2,29-2051,Dietetic Technicians,detailed,40,2.6,,,0,~,24.76,51500,1.2,14.41,17.29,22.96,30.75,37.24,29970,35970,47750,63960,77450,,
99,U.S.,1,US,611000,Educational Services,"3-digit, ownership",2,29-2052,Pharmacy Technicians,detailed,660,2.4,,,0.03,2,25.91,53880,0.3,18.9,20.49,23.93,31.24,38.49,39310,42610,49770,64980,80050,,
99,U.S.,1,US,611000,Educational Services,"3-digit, ownership",2,29-2053,Psychiatric Technicians,detailed,570,0.7,,,0.03,~,22.25,46270,0.3,19.2,19.2,22.92,22.92,24.51,39930,39930,47680,47680,50990,,
99,U.S.,1,US,611000,Educational Services,"3-digit, ownership",2,29-2055,Surgical Technologists,detailed,280,5.7,,,0.01,~,33.07,68790,0.5,24.52,29.87,32.57,38.24,41.23,51000,62140,67750,79530,85770,,
99,U.S.,1,US,611000,Educational Services,"3-digit, ownership",2,29-2056,Veterinary Technologists and Technicians,detailed,3250,3.2,,,0.16,2,25.58,53210,0.4,18.44,21.83,24.4,29.77,32.14,38340,45410,50750,61920,66840,,
99,U.S.,1,US,611000,Educational Services,"3-digit, ownership",2,29-2057,Ophthalmic Medical Technicians,detailed,120,2.5,,,0.01,~,28.16,58580,0.6,21.64,24.87,25.56,29.91,37.17,45000,51730,53160,62210,77310,,
99,U.S.,1,US,611000,Educational Services,"3-digit, ownership",2,29-2060,Licensed Practical and Licensed Vocational Nurses,broad,2470,3,,,0.12,5,27.66,57530,0.7,23.26,25.06,25.93,30.71,34.25,48380,52120,53930,63870,71240,,
99,U.S.,1,US,611000,Educational Services,"3-digit, ownership",2,29-2061,Licensed Practical and Licensed Vocational Nurses,detailed,2470,3,,,0.12,5,27.66,57530,0.7,23.26,25.06,25.93,30.71,34.25,48380,52120,53930,63870,71240,,
99,U.S.,1,US,611000,Educational Services,"3-digit, ownership",2,29-2070,Medical Records Specialists,broad,1440,2.6,,,0.07,2,28.73,59770,0.8,18.97,23.13,29.03,32.32,39.29,39450,48110,60370,67220,81730,,
99,U.S.,1,US,611000,Educational Services,"3-digit, ownership",2,29-2072,Medical Records Specialists,detailed,1440,2.6,,,0.07,2,28.73,59770,0.8,18.97,23.13,29.03,32.32,39.29,39450,48110,60370,67220,81730,,
99,U.S.,1,US,611000,Educational Services,"3-digit, ownership",2,29-2080,"Opticians, Dispensing",broad,60,3.1,,,0,~,23.19,48240,1,16.12,18.69,23.17,25.12,31.23,33530,38870,48180,52260,64960,,
99,U.S.,1,US,611000,Educational Services,"3-digit, ownership",2,29-2081,"Opticians, Dispensing",detailed,60,3.1,,,0,~,23.19,48240,1,16.12,18.69,23.17,25.12,31.23,33530,38870,48180,52260,64960,,
99,U.S.,1,US,611000,Educational Services,"3-digit, ownership",2,29-2090,Miscellaneous Health Technologists and Technicians,broad,1380,1.8,,,0.07,2,33.3,69260,0.3,20.09,26.07,30.81,36.86,40.72,41790,54220,64080,76660,84690,,
99,U.S.,1,US,611000,Educational Services,"3-digit, ownership",2,29-2099,"Health Technologists and Technicians, All Other",detailed,1340,1.8,,,0.06,2,33.4,69470,0.3,20.09,26.91,30.81,36.86,40.72,41790,55980,64080,76660,84690,,
99,U.S.,1,US,611000,Educational Services,"3-digit, ownership",2,29-9000,Other Healthcare Practitioners and Technical Occupations,minor,4360,0.4,,,0.21,9,31.61,65740,0.3,20.67,24,28.88,36.09,46.5,43000,49920,60080,75070,96710,,
99,U.S.,1,US,611000,Educational Services,"3-digit, ownership",2,29-9020,Health Information Technologists and Medical Registrars,broad,410,1,,,0.02,1,36.55,76020,0.5,23.89,25.03,32.06,41.31,53.16,49690,52050,66690,85920,110560,,
99,U.S.,1,US,611000,Educational Services,"3-digit, ownership",2,29-9021,Health Information Technologists and Medical Registrars,detailed,410,1,,,0.02,1,36.55,76020,0.5,23.89,25.03,32.06,41.31,53.16,49690,52050,66690,85920,110560,,
99,U.S.,1,US,611000,Educational Services,"3-digit, ownership",2,29-9090,Miscellaneous Health Practitioners and Technical Workers,broad,3950,0.5,,,0.19,9,31.09,64670,0.3,20.42,23.77,28.36,34.29,44.05,42470,49450,58980,71310,91620,,
99,U.S.,1,US,611000,Educational Services,"3-digit, ownership",2,29-9091,Athletic Trainers,detailed,3190,0.6,,,0.15,8,*,63400,0.3,*,*,*,*,*,43000,49410,57970,69060,86040,TRUE,
99,U.S.,1,US,611000,Educational Services,"3-digit, ownership",2,29-9092,Genetic Counselors,detailed,70,0.2,,,0,~,44.62,92810,0.3,40.05,40.45,41.57,49.51,53.13,83290,84130,86460,102980,110500,,
99,U.S.,1,US,611000,Educational Services,"3-digit, ownership",2,29-9099,"Healthcare Practitioners and Technical Workers, All Other",detailed,680,2.1,,,0.03,2,32.43,67450,1.1,20.37,23.6,30.29,38.5,52.56,42370,49100,63000,80080,109310,,
99,U.S.,1,US,611000,Educational Services,"3-digit, ownership",2,31-0000,Healthcare Support Occupations,major,14180,1.3,,,0.69,10,22.72,47250,0.3,16.58,18.58,22.29,25.51,30.26,34490,38650,46350,53050,62930,,
99,U.S.,1,US,611000,Educational Services,"3-digit, ownership",2,31-1100,"Home Health and Personal Care Aides; and Nursing Assistants, Orderlies, and Psychiatric Aides",minor,2910,2.4,,,0.14,3,21.82,45380,0.4,17.05,18.73,22.06,24.93,26.8,35460,38960,45890,51850,55740,,
99,U.S.,1,US,611000,Educational Services,"3-digit, ownership",2,31-1120,Home Health and Personal Care Aides,broad,440,0.5,,,0.02,~,26.06,54210,0.4,24.93,24.93,24.93,24.93,29.63,51850,51850,51850,51850,61640,,
99,U.S.,1,US,611000,Educational Services,"3-digit, ownership",2,31-1120,Home Health and Personal Care Aides,detailed,440,0.5,,,0.02,~,26.06,54210,0.4,24.93,24.93,24.93,24.93,29.63,51850,51850,51850,51850,61640,,
99,U.S.,1,US,611000,Educational Services,"3-digit, ownership",2,31-1130,"Nursing Assistants, Orderlies, and Psychiatric Aides",broad,2470,2.8,,,0.12,3,21.06,43810,0.4,16.44,18.17,20.33,23.29,26.8,34190,37800,42280,48450,55740,,
99,U.S.,1,US,611000,Educational Services,"3-digit, ownership",2,31-1131,Nursing Assistants,detailed,2240,3.1,,,0.11,2,21.28,44270,0.5,16.35,18.73,21.21,23.29,26.8,34010,38960,44110,48450,55740,,
99,U.S.,1,US,611000,Educational Services,"3-digit, ownership",2,31-1132,Orderlies,detailed,210,0.1,,,0.01,~,18.74,38970,0.3,17.88,17.88,17.88,17.95,21.11,37190,37190,37190,37330,43900,,
99,U.S.,1,US,611000,Educational Services,"3-digit, ownership",2,31-2000,Occupational Therapy and Physical Therapist Assistants and Aides,minor,140,7.4,,,0.01,1,29.64,61640,1.3,15.96,24.55,30.75,36.39,41.49,33190,51070,63950,75690,86300,,
99,U.S.,1,US,611000,Educational Services,"3-digit, ownership",2,31-2010,Occupational Therapy Assistants and Aides,broad,50,12.3,,,0,~,32.12,66810,2.6,26.48,27.07,32.75,37.88,41.05,55070,56300,68110,78790,85380,,
99,U.S.,1,US,611000,Educational Services,"3-digit, ownership",2,31-2011,Occupational Therapy Assistants,detailed,50,12.3,,,0,~,32.12,66810,2.6,26.48,27.07,32.75,37.88,41.05,55070,56300,68110,78790,85380,,
99,U.S.,1,US,611000,Educational Services,"3-digit, ownership",2,31-2020,Physical Therapist Assistants and Aides,broad,100,6.6,,,0,1,28.5,59270,1,14.7,22.18,30.64,33.19,41.49,30580,46140,63720,69030,86300,,
99,U.S.,1,US,611000,Educational Services,"3-digit, ownership",2,31-2021,Physical Therapist Assistants,detailed,70,6,,,0,~,32.69,67990,1.3,24.76,28.75,31.49,37.34,41.65,51510,59810,65510,77680,86620,,
99,U.S.,1,US,611000,Educational Services,"3-digit, ownership",2,31-9000,Other Healthcare Support Occupations,minor,11130,1.2,,,0.54,9,22.86,47550,0.3,16.53,18.54,22.37,26.14,30.44,34370,38570,46540,54370,63310,,
99,U.S.,1,US,611000,Educational Services,"3-digit, ownership",2,31-9010,Massage Therapists,broad,90,3.4,,,0,~,24.22,50380,1.2,18.79,18.79,19.27,27.46,39.83,39090,39090,40080,57120,82840,,
99,U.S.,1,US,611000,Educational Services,"3-digit, ownership",2,31-9011,Massage Therapists,detailed,90,3.4,,,0,~,24.22,50380,1.2,18.79,18.79,19.27,27.46,39.83,39090,39090,40080,57120,82840,,
99,U.S.,1,US,611000,Educational Services,"3-digit, ownership",2,31-9090,Miscellaneous Healthcare Support Occupations,broad,11040,1.2,,,0.53,9,22.85,47530,0.3,16.53,18.54,22.37,26.14,30.26,34370,38570,46540,54370,62940,,
99,U.S.,1,US,611000,Educational Services,"3-digit, ownership",2,31-9091,Dental Assistants,detailed,1510,2.1,,,0.07,3,22.11,45980,0.4,17.94,18.72,21.41,24.31,28.69,37310,38940,44530,50560,59670,,
99,U.S.,1,US,611000,Educational Services,"3-digit, ownership",2,31-9092,Medical Assistants,detailed,3840,1.5,,,0.19,4,23.36,48590,0.4,17.69,19.42,22.86,25.7,33.19,36800,40390,47550,53450,69030,,
99,U.S.,1,US,611000,Educational Services,"3-digit, ownership",2,31-9093,Medical Equipment Preparers,detailed,320,2.2,,,0.02,1,22.39,46560,0.4,16.16,18.81,22.55,25.94,28.21,33610,39130,46910,53950,58680,,
99,U.S.,1,US,611000,Educational Services,"3-digit, ownership",2,31-9094,Medical Transcriptionists,detailed,40,6.3,,,0,~,21.36,44420,0.9,14.82,18.09,20.8,25.29,28.16,30830,37630,43260,52600,58560,,
99,U.S.,1,US,611000,Educational Services,"3-digit, ownership",2,31-9096,Veterinary Assistants and Laboratory Animal Caretakers,detailed,3420,1.4,,,0.17,3,23.33,48520,0.3,14.28,17.85,23.49,28.15,30.26,29700,37130,48860,58550,62930,,
99,U.S.,1,US,611000,Educational Services,"3-digit, ownership",2,31-9097,Phlebotomists,detailed,470,20.3,,,0.02,1,21.59,44920,0.7,16.72,18.09,19.96,22.98,29.19,34780,37620,41510,47800,60720,,
99,U.S.,1,US,611000,Educational Services,"3-digit, ownership",2,31-9099,"Healthcare Support Workers, All Other",detailed,1400,0.7,,,0.07,3,21.64,45010,0.7,16.79,17.93,20.37,23.41,28.8,34910,37290,42360,48700,59900,,
99,U.S.,1,US,611000,Educational Services,"3-digit, ownership",2,33-0000,Protective Service Occupations,major,24690,0.4,,,1.19,21,30.37,63180,0.6,15.79,19.93,27.05,37.7,50.45,32840,41440,56270,78420,104940,,
99,U.S.,1,US,611000,Educational Services,"3-digit, ownership",2,33-1000,Supervisors of Protective Service Workers,minor,3250,0.9,,,0.16,10,42.66,88730,0.6,25.55,32.25,39.62,51.14,62.05,53140,67080,82400,106370,129060,,
99,U.S.,1,US,611000,Educational Services,"3-digit, ownership",2,33-1010,First-Line Supervisors of Law Enforcement Workers,broad,2180,0.8,,,0.11,7,46.02,95710,0.6,27.87,35.09,44.12,53.44,64.71,57970,72980,91760,111160,134610,,
99,U.S.,1,US,611000,Educational Services,"3-digit, ownership",2,33-1012,First-Line Supervisors of Police and Detectives,detailed,2180,0.8,,,0.11,7,46.02,95710,0.6,27.87,35.09,44.12,53.44,64.71,57970,72980,91760,111160,134610,,
99,U.S.,1,US,611000,Educational Services,"3-digit, ownership",2,33-1020,First-Line Supervisors of Firefighting and Prevention Workers,broad,70,0.4,,,0,~,48.15,100150,0.4,35.74,40.82,47.13,52.31,66.11,74340,84900,98030,108800,137520,,
99,U.S.,1,US,611000,Educational Services,"3-digit, ownership",2,33-1021,First-Line Supervisors of Firefighting and Prevention Workers,detailed,70,0.4,,,0,~,48.15,100150,0.4,35.74,40.82,47.13,52.31,66.11,74340,84900,98030,108800,137520,,
99,U.S.,1,US,611000,Educational Services,"3-digit, ownership",2,33-1090,"Miscellaneous First-Line Supervisors, Protective Service Workers",broad,1000,1.6,,,0.05,4,34.93,72660,0.6,23.02,26.58,33.1,39.38,51.78,47880,55280,68850,81910,107700,,
99,U.S.,1,US,611000,Educational Services,"3-digit, ownership",2,33-1091,First-Line Supervisors of Security Workers,detailed,920,1.7,,,0.04,4,34.91,72610,0.6,23.14,26.65,33.22,39.38,50.99,48120,55440,69090,81910,106060,,
99,U.S.,1,US,611000,Educational Services,"3-digit, ownership",2,33-1099,"First-Line Supervisors of Protective Service Workers, All Other",detailed,80,1.3,,,0,1,35.17,73150,1.5,18.2,24.74,32.13,40.76,57.41,37860,51460,66840,84780,119400,,
99,U.S.,1,US,611000,Educational Services,"3-digit, ownership",2,33-2000,Firefighting and Prevention Workers,minor,310,0.8,,,0.02,1,30.18,62760,0.4,15.19,22.12,29.54,37.11,43.1,31600,46010,61450,77180,89650,,
99,U.S.,1,US,611000,Educational Services,"3-digit, ownership",2,33-2010,Firefighters,broad,160,1.9,,,0.01,~,28.76,59820,0.5,12.27,16.44,30.93,38.82,45,25520,34180,64330,80740,93610,,
99,U.S.,1,US,611000,Educational Services,"3-digit, ownership",2,33-2011,Firefighters,detailed,160,1.9,,,0.01,~,28.76,59820,0.5,12.27,16.44,30.93,38.82,45,25520,34180,64330,80740,93610,,
99,U.S.,1,US,611000,Educational Services,"3-digit, ownership",2,33-2020,Fire Inspectors,broad,150,1.5,,,0.01,1,31.62,65760,0.4,22.12,25.98,29.48,35.56,42.95,46010,54040,61320,73960,89340,,
99,U.S.,1,US,611000,Educational Services,"3-digit, ownership",2,33-2021,Fire Inspectors and Investigators,detailed,130,1.7,,,0.01,1,31.37,65250,0.5,22.12,25.98,29.43,33.92,42.95,46010,54040,61210,70560,89340,,
99,U.S.,1,US,611000,Educational Services,"3-digit, ownership",2,33-3000,Law Enforcement Workers,minor,11440,0.3,,,0.55,12,34.42,71590,0.5,19.97,24.95,32.89,41.35,53.75,41550,51900,68410,86010,111810,,
99,U.S.,1,US,611000,Educational Services,"3-digit, ownership",2,33-3020,Detectives and Criminal Investigators,broad,170,2,,,0.01,1,38.7,80500,1.3,25.34,28.96,37.67,46.21,56.05,52710,60240,78350,96120,116590,,
99,U.S.,1,US,611000,Educational Services,"3-digit, ownership",2,33-3021,Detectives and Criminal Investigators,detailed,170,2,,,0.01,1,38.7,80500,1.3,25.34,28.96,37.67,46.21,56.05,52710,60240,78350,96120,116590,,
99,U.S.,1,US,611000,Educational Services,"3-digit, ownership",2,33-3040,Parking Enforcement Workers,broad,720,1.6,,,0.03,3,22.31,46390,0.7,14.8,17.15,20.04,24.96,32.87,30780,35680,41680,51920,68360,,
99,U.S.,1,US,611000,Educational Services,"3-digit, ownership",2,33-3041,Parking Enforcement Workers,detailed,720,1.6,,,0.03,3,22.31,46390,0.7,14.8,17.15,20.04,24.96,32.87,30780,35680,41680,51920,68360,,
99,U.S.,1,US,611000,Educational Services,"3-digit, ownership",2,33-3050,Police Officers,broad,10550,0.4,,,0.51,11,35.18,73170,0.6,21.03,25.66,33.44,42.18,54.54,43750,53370,69550,87740,113430,,
99,U.S.,1,US,611000,Educational Services,"3-digit, ownership",2,33-3051,Police and Sheriff's Patrol Officers,detailed,10550,0.4,,,0.51,11,35.18,73170,0.6,21.03,25.66,33.44,42.18,54.54,43750,53370,69550,87740,113430,,
99,U.S.,1,US,611000,Educational Services,"3-digit, ownership",2,33-9000,Other Protective Service Workers,minor,9690,0.7,,,0.47,15,21.48,44680,0.6,14.4,16.13,19.85,24.85,30.94,29950,33540,41300,51690,64350,,
99,U.S.,1,US,611000,Educational Services,"3-digit, ownership",2,33-9020,Private Detectives and Investigators,broad,70,1.6,,,0,~,26.76,55660,0.5,19.09,21.92,25.91,26.49,36.6,39700,45590,53890,55110,76120,,
99,U.S.,1,US,611000,Educational Services,"3-digit, ownership",2,33-9021,Private Detectives and Investigators,detailed,70,1.6,,,0,~,26.76,55660,0.5,19.09,21.92,25.91,26.49,36.6,39700,45590,53890,55110,76120,,
99,U.S.,1,US,611000,Educational Services,"3-digit, ownership",2,33-9030,Security Guards and Gambling Surveillance Officers,broad,8470,0.8,,,0.41,14,21.65,45040,0.6,14.7,16.36,19.73,25.2,31.24,30580,34020,41030,52420,64980,,
99,U.S.,1,US,611000,Educational Services,"3-digit, ownership",2,33-9032,Security Guards,detailed,8470,0.8,,,0.41,14,21.65,45040,0.6,14.7,16.36,19.73,25.2,31.24,30580,34020,41030,52420,64980,,
99,U.S.,1,US,611000,Educational Services,"3-digit, ownership",2,33-9090,Miscellaneous Protective Service Workers,broad,1150,1.4,,,0.06,3,19.89,41360,0.9,12.71,15.13,20.38,21.65,28.24,26430,31470,42390,45030,58750,,
99,U.S.,1,US,611000,Educational Services,"3-digit, ownership",2,33-9092,"Lifeguards, Ski Patrol, and Other Recreational Protective Service Workers",detailed,630,0.6,,,0.03,1,17.07,35500,0.5,12.29,13.78,15.51,20.38,20.38,25570,28660,32250,42390,42390,,
99,U.S.,1,US,611000,Educational Services,"3-digit, ownership",2,33-9094,School Bus Monitors,detailed,100,6.7,,,0.01,~,17.32,36030,2.6,14.35,15.23,15.95,18.03,20.14,29850,31670,33170,37490,41880,,
99,U.S.,1,US,611000,Educational Services,"3-digit, ownership",2,33-9099,"Protective Service Workers, All Other",detailed,390,3.2,,,0.02,2,25.45,52940,1.8,19.16,21.04,23.54,28.78,34.85,39860,43760,48960,59870,72490,,
99,U.S.,1,US,611000,Educational Services,"3-digit, ownership",2,35-0000,Food Preparation and Serving Related Occupations,major,18760,1,,,0.91,17,20.48,42600,0.6,14.81,16.14,19.14,23.59,28.65,30800,33580,39800,49070,59590,,
99,U.S.,1,US,611000,Educational Services,"3-digit, ownership",2,35-1000,Supervisors of Food Preparation and Serving Workers,minor,3440,1.6,,,0.17,7,27.44,57060,0.7,17.92,22.48,26.27,31.2,37.3,37270,46760,54640,64890,77590,,
99,U.S.,1,US,611000,Educational Services,"3-digit, ownership",2,35-1010,Supervisors of Food Preparation and Serving Workers,broad,3440,1.6,,,0.17,7,27.44,57060,0.7,17.92,22.48,26.27,31.2,37.3,37270,46760,54640,64890,77590,,
99,U.S.,1,US,611000,Educational Services,"3-digit, ownership",2,35-1011,Chefs and Head Cooks,detailed,940,2.4,,,0.05,2,30.52,63490,0.6,19.56,24.63,29.33,36.49,41.01,40680,51230,61010,75910,85300,,
99,U.S.,1,US,611000,Educational Services,"3-digit, ownership",2,35-1012,First-Line Supervisors of Food Preparation and Serving Workers,detailed,2500,1.6,,,0.12,5,26.28,54660,0.7,17.22,20.65,24.51,30.33,35.81,35810,42950,50980,63090,74490,,
99,U.S.,1,US,611000,Educational Services,"3-digit, ownership",2,35-2000,Cooks and Food Preparation Workers,minor,8120,1.9,,,0.39,12,20.67,42990,0.8,14.8,17.89,20.34,23.88,26.41,30780,37210,42320,49670,54940,,
99,U.S.,1,US,611000,Educational Services,"3-digit, ownership",2,35-2010,Cooks,broad,5270,2.1,,,0.25,8,20.4,42440,0.9,14.63,17.42,19.75,23.6,26.42,30430,36230,41090,49090,54950,,
99,U.S.,1,US,611000,Educational Services,"3-digit, ownership",2,35-2011,"Cooks, Fast Food",detailed,90,4.3,,,0,1,19.29,40130,1,15.32,17.69,18.61,22.73,22.96,31870,36800,38710,47280,47750,,
99,U.S.,1,US,611000,Educational Services,"3-digit, ownership",2,35-2012,"Cooks, Institution and Cafeteria",detailed,5160,2.2,,,0.25,7,20.44,42500,0.9,14.63,17.42,19.81,23.6,26.42,30430,36230,41210,49090,54950,,
99,U.S.,1,US,611000,Educational Services,"3-digit, ownership",2,35-2020,Food Preparation Workers,broad,2850,2.1,,,0.14,5,21.16,44000,0.6,16.13,18.82,22.41,24.39,24.39,33560,39150,46610,50720,50720,,
99,U.S.,1,US,611000,Educational Services,"3-digit, ownership",2,35-2021,Food Preparation Workers,detailed,2850,2.1,,,0.14,5,21.16,44000,0.6,16.13,18.82,22.41,24.39,24.39,33560,39150,46610,50720,50720,,
99,U.S.,1,US,611000,Educational Services,"3-digit, ownership",2,35-3000,Food and Beverage Serving Workers,minor,4760,0.5,,,0.23,6,16.86,35070,0.5,14,14.9,16.14,18.35,20.13,29120,30980,33580,38160,41870,,
99,U.S.,1,US,611000,Educational Services,"3-digit, ownership",2,35-3020,Fast Food and Counter Workers,broad,4480,0.5,,,0.22,5,16.85,35050,0.5,14,14.9,16.14,18.41,19.87,29120,30980,33580,38290,41330,,
99,U.S.,1,US,611000,Educational Services,"3-digit, ownership",2,35-3023,Fast Food and Counter Workers,detailed,4480,0.5,,,0.22,5,16.85,35050,0.5,14,14.9,16.14,18.41,19.87,29120,30980,33580,38290,41330,,
99,U.S.,1,US,611000,Educational Services,"3-digit, ownership",2,35-3030,Waiters and Waitresses,broad,180,0.4,,,0.01,~,16.56,34450,0.7,12.95,16.85,16.85,16.85,19.7,26930,35040,35040,35040,40980,,
99,U.S.,1,US,611000,Educational Services,"3-digit, ownership",2,35-3031,Waiters and Waitresses,detailed,180,0.4,,,0.01,~,16.56,34450,0.7,12.95,16.85,16.85,16.85,19.7,26930,35040,35040,35040,40980,,
99,U.S.,1,US,611000,Educational Services,"3-digit, ownership",2,35-3040,"Food Servers, Nonrestaurant",broad,80,7.1,,,0,~,18.01,37470,1.5,15.46,15.73,17.86,19.4,23.88,32150,32730,37140,40340,49660,,
99,U.S.,1,US,611000,Educational Services,"3-digit, ownership",2,35-3041,"Food Servers, Nonrestaurant",detailed,80,7.1,,,0,~,18.01,37470,1.5,15.46,15.73,17.86,19.4,23.88,32150,32730,37140,40340,49660,,
99,U.S.,1,US,611000,Educational Services,"3-digit, ownership",2,35-9000,Other Food Preparation and Serving Related Workers,minor,2440,0.4,,,0.12,2,17.14,35640,0.6,15.26,15.86,16.12,18.43,20.32,31740,32990,33530,38330,42260,,
99,U.S.,1,US,611000,Educational Services,"3-digit, ownership",2,35-9010,Dining Room and Cafeteria Attendants and Bartender Helpers,broad,1980,0.6,,,0.1,1,16.86,35070,0.6,15.6,15.86,15.86,17.49,19.65,32440,32990,32990,36390,40880,,
99,U.S.,1,US,611000,Educational Services,"3-digit, ownership",2,35-9011,Dining Room and Cafeteria Attendants and Bartender Helpers,detailed,1980,0.6,,,0.1,1,16.86,35070,0.6,15.6,15.86,15.86,17.49,19.65,32440,32990,32990,36390,40880,,
99,U.S.,1,US,611000,Educational Services,"3-digit, ownership",2,35-9020,Dishwashers,broad,370,1.6,,,0.02,1,18.23,37920,0.7,14.8,16.02,19.1,20.32,21.84,30780,33330,39720,42260,45420,,
99,U.S.,1,US,611000,Educational Services,"3-digit, ownership",2,35-9021,Dishwashers,detailed,370,1.6,,,0.02,1,18.23,37920,0.7,14.8,16.02,19.1,20.32,21.84,30780,33330,39720,42260,45420,,
99,U.S.,1,US,611000,Educational Services,"3-digit, ownership",2,35-9090,Miscellaneous Food Preparation and Serving Related Workers,broad,60,2.6,,,0,~,18.77,39050,0.8,16.12,17.23,17.23,18.42,23.91,33520,35830,35830,38320,49720,,
99,U.S.,1,US,611000,Educational Services,"3-digit, ownership",2,35-9099,"Food Preparation and Serving Related Workers, All Other",detailed,60,2.6,,,0,~,18.77,39050,0.8,16.12,17.23,17.23,18.42,23.91,33520,35830,35830,38320,49720,,
99,U.S.,1,US,611000,Educational Services,"3-digit, ownership",2,37-0000,Building and Grounds Cleaning and Maintenance Occupations,major,59820,0.3,,,2.89,35,19.67,40910,0.3,14.36,16.16,18.66,22.7,25.69,29860,33600,38810,47220,53420,,
99,U.S.,1,US,611000,Educational Services,"3-digit, ownership",2,37-1000,Supervisors of Building and Grounds Cleaning and Maintenance Workers,minor,4820,0.8,,,0.23,11,26.9,55960,0.3,18.72,21.85,26.04,31.01,36.19,38940,45450,54160,64500,75270,,
99,U.S.,1,US,611000,Educational Services,"3-digit, ownership",2,37-1010,First-Line Supervisors of Building and Grounds Cleaning and Maintenance Workers,broad,4820,0.8,,,0.23,11,26.9,55960,0.3,18.72,21.85,26.04,31.01,36.19,38940,45450,54160,64500,75270,,
99,U.S.,1,US,611000,Educational Services,"3-digit, ownership",2,37-1011,First-Line Supervisors of Housekeeping and Janitorial Workers,detailed,3760,0.9,,,0.18,10,26.29,54680,0.3,18.56,21.16,25.56,30.5,36.03,38590,44020,53160,63430,74940,,
99,U.S.,1,US,611000,Educational Services,"3-digit, ownership",2,37-1012,"First-Line Supervisors of Landscaping, Lawn Service, and Groundskeeping Workers",detailed,1070,0.5,,,0.05,5,29.08,60480,0.5,19.1,23.36,28.47,33.41,40.47,39730,48600,59220,69490,84190,,
99,U.S.,1,US,611000,Educational Services,"3-digit, ownership",2,37-2000,Building Cleaning and Pest Control Workers,minor,46940,0.4,,,2.27,32,18.85,39220,0.3,14.23,16.02,18.26,21.67,23.94,29590,33320,37980,45070,49790,,
99,U.S.,1,US,611000,Educational Services,"3-digit, ownership",2,37-2010,Building Cleaning Workers,broad,46860,0.4,,,2.27,32,18.85,39200,0.3,14.23,16.01,18.24,21.67,23.94,29590,33290,37950,45070,49790,,
99,U.S.,1,US,611000,Educational Services,"3-digit, ownership",2,37-2011,"Janitors and Cleaners, Except Maids and Housekeeping Cleaners",detailed,45860,0.4,,,2.22,32,18.89,39290,0.3,14.23,16.06,18.3,21.74,23.94,29600,33410,38070,45220,49790,,
99,U.S.,1,US,611000,Educational Services,"3-digit, ownership",2,37-2012,Maids and Housekeeping Cleaners,detailed,960,1.1,,,0.05,1,16.67,34670,0.3,12.52,14.47,16.94,18.24,20.61,26040,30100,35230,37950,42880,,
99,U.S.,1,US,611000,Educational Services,"3-digit, ownership",2,37-2019,"Building Cleaning Workers, All Other",detailed,50,2.9,,,0,~,19.13,39800,2.8,14.27,17.16,17.19,21.27,26.01,29670,35680,35750,44230,54090,,
99,U.S.,1,US,611000,Educational Services,"3-digit, ownership",2,37-2020,Pest Control Workers,broad,80,2.7,,,0,1,24.29,50520,0.8,18.02,19.91,23.88,27.97,32.47,37480,41410,49670,58180,67540,,
99,U.S.,1,US,611000,Educational Services,"3-digit, ownership",2,37-2021,Pest Control Workers,detailed,80,2.7,,,0,1,24.29,50520,0.8,18.02,19.91,23.88,27.97,32.47,37480,41410,49670,58180,67540,,
99,U.S.,1,US,611000,Educational Services,"3-digit, ownership",2,37-3000,Grounds Maintenance Workers,minor,8060,0.5,,,0.39,13,20.07,41750,0.3,14.63,16.32,19.07,23.13,26.75,30440,33940,39670,48110,55640,,
99,U.S.,1,US,611000,Educational Services,"3-digit, ownership",2,37-3010,Grounds Maintenance Workers,broad,8060,0.5,,,0.39,13,20.07,41750,0.3,14.63,16.32,19.07,23.13,26.75,30440,33940,39670,48110,55640,,
99,U.S.,1,US,611000,Educational Services,"3-digit, ownership",2,37-3011,Landscaping and Groundskeeping Workers,detailed,7870,0.5,,,0.38,13,19.98,41560,0.3,14.57,16.32,19.04,23.06,26.36,30310,33940,39610,47960,54830,,
99,U.S.,1,US,611000,Educational Services,"3-digit, ownership",2,37-3013,Tree Trimmers and Pruners,detailed,90,5.2,,,0,1,27.65,57510,0.8,18.78,21.23,27.34,32.01,36.04,39060,44160,56870,66580,74960,,
99,U.S.,1,US,611000,Educational Services,"3-digit, ownership",2,37-3019,"Grounds Maintenance Workers, All Other",detailed,70,4.7,,,0,~,20.41,42460,1.2,15.27,15.76,20.63,23.35,29.94,31750,32780,42910,48570,62270,,
99,U.S.,1,US,611000,Educational Services,"3-digit, ownership",2,39-0000,Personal Care and Service Occupations,major,27620,0.4,,,1.34,15,18.75,38990,0.5,11.33,14.15,17.51,22.11,27.74,23570,29430,36410,45980,57710,,
99,U.S.,1,US,611000,Educational Services,"3-digit, ownership",2,39-1000,Supervisors of Personal Care and Service Workers,minor,2090,0.8,,,0.1,6,30.78,64030,0.5,19.75,24.68,29.32,35.87,42.19,41070,51330,60980,74600,87750,,
99,U.S.,1,US,611000,Educational Services,"3-digit, ownership",2,39-1010,First-Line Supervisors of Entertainment and Recreation Workers,broad,910,0.9,,,0.04,3,30.01,62410,0.6,20.04,23.38,28.71,35.67,41.68,41670,48620,59710,74200,86690,,
99,U.S.,1,US,611000,Educational Services,"3-digit, ownership",2,39-1014,"First-Line Supervisors of Entertainment and Recreation Workers, Except Gambling Services",detailed,910,0.9,,,0.04,3,30.01,62410,0.6,20.04,23.38,28.71,35.67,41.68,41670,48620,59710,74200,86690,,
99,U.S.,1,US,611000,Educational Services,"3-digit, ownership",2,39-1020,First-Line Supervisors of Personal Service Workers,broad,1180,1,,,0.06,4,31.38,65260,0.5,19.75,25.91,29.92,36.15,42.6,41070,53900,62220,75190,88600,,
99,U.S.,1,US,611000,Educational Services,"3-digit, ownership",2,39-1022,First-Line Supervisors of Personal Service Workers,detailed,1180,1,,,0.06,4,31.38,65260,0.5,19.75,25.91,29.92,36.15,42.6,41070,53900,62220,75190,88600,,
99,U.S.,1,US,611000,Educational Services,"3-digit, ownership",2,39-2000,Animal Care and Service Workers,minor,1200,2.6,,,0.06,2,20.97,43620,0.7,15.7,18.17,19.69,23.82,27.17,32660,37780,40940,49550,56520,,
99,U.S.,1,US,611000,Educational Services,"3-digit, ownership",2,39-2010,Animal Trainers,broad,50,2.7,,,0,~,26.83,55800,1.2,19.81,19.81,23.66,30.09,39.37,41210,41210,49210,62590,81880,,
99,U.S.,1,US,611000,Educational Services,"3-digit, ownership",2,39-2011,Animal Trainers,detailed,50,2.7,,,0,~,26.83,55800,1.2,19.81,19.81,23.66,30.09,39.37,41210,41210,49210,62590,81880,,
99,U.S.,1,US,611000,Educational Services,"3-digit, ownership",2,39-2020,Animal Caretakers,broad,1150,2.6,,,0.06,2,20.7,43050,0.7,15.7,18.08,19.58,23.81,26.96,32660,37600,40720,49520,56080,,
99,U.S.,1,US,611000,Educational Services,"3-digit, ownership",2,39-2021,Animal Caretakers,detailed,1150,2.6,,,0.06,2,20.7,43050,0.7,15.7,18.08,19.58,23.81,26.96,32660,37600,40720,49520,56080,,
99,U.S.,1,US,611000,Educational Services,"3-digit, ownership",2,39-3000,Entertainment Attendants and Related Workers,minor,6760,0.8,,,0.33,4,14.27,29670,0.6,8.77,11.33,13.57,15.97,20.92,18240,23570,28230,33210,43500,,
99,U.S.,1,US,611000,Educational Services,"3-digit, ownership",2,39-3030,"Ushers, Lobby Attendants, and Ticket Takers",broad,2030,2.3,,,0.1,1,11.99,24940,0.5,8.77,8.77,10.77,14,16.12,18240,18240,22400,29120,33520,,
99,U.S.,1,US,611000,Educational Services,"3-digit, ownership",2,39-3031,"Ushers, Lobby Attendants, and Ticket Takers",detailed,2030,2.3,,,0.1,1,11.99,24940,0.5,8.77,8.77,10.77,14,16.12,18240,18240,22400,29120,33520,,
99,U.S.,1,US,611000,Educational Services,"3-digit, ownership",2,39-3090,Miscellaneous Entertainment Attendants and Related Workers,broad,4720,0.5,,,0.23,4,15.21,31630,0.6,11.33,12.31,14,16.12,22.08,23570,25610,29120,33520,45920,,
99,U.S.,1,US,611000,Educational Services,"3-digit, ownership",2,39-3091,Amusement and Recreation Attendants,detailed,4410,0.5,,,0.21,3,14.89,30980,0.6,11.33,12.31,14,16.12,20.94,23570,25610,29120,33520,43550,,
99,U.S.,1,US,611000,Educational Services,"3-digit, ownership",2,39-3092,Costume Attendants,detailed,150,2.1,,,0.01,1,21.35,44400,1.2,12.17,15.58,21.69,25.59,28.78,25320,32400,45120,53220,59870,,
99,U.S.,1,US,611000,Educational Services,"3-digit, ownership",2,39-3093,"Locker Room, Coatroom, and Dressing Room Attendants",detailed,130,3.6,,,0.01,1,17.73,36870,1.7,11.86,12.58,17.96,22.19,25.03,24660,26170,37350,46150,52060,,
99,U.S.,1,US,611000,Educational Services,"3-digit, ownership",2,39-3099,"Entertainment Attendants and Related Workers, All Other",detailed,30,12.9,,,0,~,18.69,38860,10.7,11.64,11.7,18.86,24.57,26.86,24210,24330,39220,51100,55860,,
99,U.S.,1,US,611000,Educational Services,"3-digit, ownership",2,39-4000,Funeral Service Workers,minor,50,5.3,,,0,~,26.53,55180,1.3,18.24,21.22,27.1,30.12,35.24,37940,44130,56360,62660,73310,,
99,U.S.,1,US,611000,Educational Services,"3-digit, ownership",2,39-4010,Embalmers and Crematory Operators,broad,40,5.9,,,0,~,25.48,53000,1.6,18.24,20.79,23.76,29.27,31.86,37940,43250,49420,60880,66270,,
99,U.S.,1,US,611000,Educational Services,"3-digit, ownership",2,39-4011,Embalmers,detailed,30,7.3,,,0,~,27.46,57130,0.8,21.31,23.26,28.04,30.12,31.86,44320,48390,58330,62660,66270,,
99,U.S.,1,US,611000,Educational Services,"3-digit, ownership",2,39-5000,Personal Appearance Workers,minor,30,3.3,,,0,~,20.3,42220,1.5,16.12,16.12,17.48,24.85,30.53,33520,33520,36350,51680,63510,,
99,U.S.,1,US,611000,Educational Services,"3-digit, ownership",2,39-7000,Tour and Travel Guides,minor,360,1.1,,,0.02,1,16.57,34470,0.7,8.6,16.12,16.12,16.24,23.37,17890,33520,33520,33780,48610,,
99,U.S.,1,US,611000,Educational Services,"3-digit, ownership",2,39-7010,Tour and Travel Guides,broad,360,1.1,,,0.02,1,16.57,34470,0.7,8.6,16.12,16.12,16.24,23.37,17890,33520,33520,33780,48610,,
99,U.S.,1,US,611000,Educational Services,"3-digit, ownership",2,39-7010,Tour and Travel Guides,detailed,360,1.1,,,0.02,1,16.57,34470,0.7,8.6,16.12,16.12,16.24,23.37,17890,33520,33520,33780,48610,,
99,U.S.,1,US,611000,Educational Services,"3-digit, ownership",2,39-9000,Other Personal Care and Service Workers,minor,17090,0.3,,,0.83,13,18.91,39330,0.5,12.02,15.67,18.06,21.69,25.63,25000,32590,37570,45110,53310,,
99,U.S.,1,US,611000,Educational Services,"3-digit, ownership",2,39-9010,Childcare Workers,broad,2600,1.2,,,0.13,5,17.4,36190,0.7,12.3,15.04,17.97,19.15,21.65,25580,31280,37370,39840,45030,,
99,U.S.,1,US,611000,Educational Services,"3-digit, ownership",2,39-9011,Childcare Workers,detailed,2600,1.2,,,0.13,5,17.4,36190,0.7,12.3,15.04,17.97,19.15,21.65,25580,31280,37370,39840,45030,,
99,U.S.,1,US,611000,Educational Services,"3-digit, ownership",2,39-9030,Recreation and Fitness Workers,broad,8750,0.5,,,0.42,7,18.89,39290,0.5,12.9,16.12,17.86,21.69,24.89,26830,33520,37150,45110,51770,,
99,U.S.,1,US,611000,Educational Services,"3-digit, ownership",2,39-9031,Exercise Trainers and Group Fitness Instructors,detailed,1000,2,,,0.05,3,22.64,47080,1.1,11.82,16.12,22.46,26.54,32.37,24580,33520,46720,55200,67330,,
99,U.S.,1,US,611000,Educational Services,"3-digit, ownership",2,39-9032,Recreation Workers,detailed,7740,0.4,,,0.37,6,18.4,38280,0.5,13.23,16.12,17.51,21.69,24.52,27520,33520,36410,45110,51000,,
99,U.S.,1,US,611000,Educational Services,"3-digit, ownership",2,39-9040,Residential Advisors,broad,5640,0.8,,,0.27,7,19.62,40810,0.6,10.16,15.11,18.91,23.59,28.39,21130,31420,39340,49070,59050,,
99,U.S.,1,US,611000,Educational Services,"3-digit, ownership",2,39-9041,Residential Advisors,detailed,5640,0.8,,,0.27,7,19.62,40810,0.6,10.16,15.11,18.91,23.59,28.39,21130,31420,39340,49070,59050,,
99,U.S.,1,US,611000,Educational Services,"3-digit, ownership",2,39-9090,Miscellaneous Personal Care and Service Workers,broad,110,15.3,,,0.01,1,19.71,41010,0.5,12,12.89,19.47,25.23,27.43,24960,26820,40500,52470,57050,,
99,U.S.,1,US,611000,Educational Services,"3-digit, ownership",2,39-9099,"Personal Care and Service Workers, All Other",detailed,110,15.3,,,0.01,1,19.71,41010,0.5,12,12.89,19.47,25.23,27.43,24960,26820,40500,52470,57050,,
99,U.S.,1,US,611000,Educational Services,"3-digit, ownership",2,41-0000,Sales and Related Occupations,major,6010,0.8,,,0.29,12,22.49,46780,0.4,13.6,16.04,19.51,26.47,35.8,28280,33370,40570,55060,74470,,
99,U.S.,1,US,611000,Educational Services,"3-digit, ownership",2,41-1000,Supervisors of Sales Workers,minor,850,3.3,,,0.04,5,29.48,61330,0.7,19.45,23.16,28.16,35.13,41.51,40460,48180,58570,73080,86330,,
99,U.S.,1,US,611000,Educational Services,"3-digit, ownership",2,41-1010,First-Line Supervisors of Sales Workers,broad,850,3.3,,,0.04,5,29.48,61330,0.7,19.45,23.16,28.16,35.13,41.51,40460,48180,58570,73080,86330,,
99,U.S.,1,US,611000,Educational Services,"3-digit, ownership",2,41-1011,First-Line Supervisors of Retail Sales Workers,detailed,800,3.5,,,0.04,4,28.84,59990,0.7,19.33,22.66,27.63,32.92,40.15,40200,47140,57470,68480,83510,,
99,U.S.,1,US,611000,Educational Services,"3-digit, ownership",2,41-1012,First-Line Supervisors of Non-Retail Sales Workers,detailed,50,1.5,,,0,~,39.76,82700,0.9,27.43,29.18,40.36,45.83,51.02,57050,60700,83940,95320,106110,,
99,U.S.,1,US,611000,Educational Services,"3-digit, ownership",2,41-2000,Retail Sales Workers,minor,3480,1,,,0.17,10,17.16,35690,0.5,12.51,14.32,16.09,18.87,23.14,26020,29790,33460,39250,48120,,
99,U.S.,1,US,611000,Educational Services,"3-digit, ownership",2,41-2010,Cashiers,broad,2530,1.3,,,0.12,8,16.93,35220,0.6,12.51,15.05,16.04,18.63,22.31,26020,31310,33370,38750,46410,,
99,U.S.,1,US,611000,Educational Services,"3-digit, ownership",2,41-2011,Cashiers,detailed,2530,1.3,,,0.12,8,16.93,35220,0.6,12.51,15.05,16.04,18.63,22.31,26020,31310,33370,38750,46410,,
99,U.S.,1,US,611000,Educational Services,"3-digit, ownership",2,41-2020,Counter and Rental Clerks and Parts Salespersons,broad,50,3.1,,,0,~,17.37,36130,2,10.65,11.72,15.37,19.95,25.44,22150,24370,31970,41500,52910,,
99,U.S.,1,US,611000,Educational Services,"3-digit, ownership",2,41-2021,Counter and Rental Clerks,detailed,50,3.2,,,0,~,17.12,35610,2.1,10.65,11.72,15.37,19.39,23.56,22150,24370,31970,40340,49010,,
99,U.S.,1,US,611000,Educational Services,"3-digit, ownership",2,41-2030,Retail Salespersons,broad,910,2.4,,,0.04,4,17.79,37000,0.8,12.54,13.65,17.41,20.43,23.69,26090,28390,36210,42500,49270,,
99,U.S.,1,US,611000,Educational Services,"3-digit, ownership",2,41-2031,Retail Salespersons,detailed,910,2.4,,,0.04,4,17.79,37000,0.8,12.54,13.65,17.41,20.43,23.69,26090,28390,36210,42500,49270,,
99,U.S.,1,US,611000,Educational Services,"3-digit, ownership",2,41-3000,"Sales Representatives, Services",minor,1220,1.3,,,0.06,2,32.38,67350,0.5,22.46,25.38,30.76,38.27,42.9,46710,52800,63990,79610,89230,,
99,U.S.,1,US,611000,Educational Services,"3-digit, ownership",2,41-3010,Advertising Sales Agents,broad,60,1.6,,,0,~,25.69,53440,1.5,15.53,19.18,23.7,30.06,38.39,32300,39900,49300,62520,79850,,
99,U.S.,1,US,611000,Educational Services,"3-digit, ownership",2,41-3011,Advertising Sales Agents,detailed,60,1.6,,,0,~,25.69,53440,1.5,15.53,19.18,23.7,30.06,38.39,32300,39900,49300,62520,79850,,
99,U.S.,1,US,611000,Educational Services,"3-digit, ownership",2,41-3090,"Miscellaneous Sales Representatives, Services",broad,1150,1.4,,,0.06,2,32.75,68120,0.6,23.44,25.38,30.76,38.27,43.49,48740,52800,63990,79610,90460,,
99,U.S.,1,US,611000,Educational Services,"3-digit, ownership",2,41-3091,"Sales Representatives of Services, Except Advertising, Insurance, Financial Services, and Travel",detailed,1150,1.4,,,0.06,2,32.75,68120,0.6,23.44,25.38,30.76,38.27,43.49,48740,52800,63990,79610,90460,,
99,U.S.,1,US,611000,Educational Services,"3-digit, ownership",2,41-9000,Other Sales and Related Workers,minor,450,0.9,,,0.02,2,23.64,49170,1,16.22,18.72,22.11,26.63,31.85,33730,38930,46000,55380,66240,,
99,U.S.,1,US,611000,Educational Services,"3-digit, ownership",2,41-9010,"Models, Demonstrators, and Product Promoters",broad,320,2.1,,,0.02,2,21.02,43730,0.4,15.98,17.86,21.08,22.99,26.63,33230,37140,43850,47810,55380,,
99,U.S.,1,US,611000,Educational Services,"3-digit, ownership",2,41-9011,Demonstrators and Product Promoters,detailed,140,3.4,,,0.01,1,20.7,43050,0.7,17.11,17.86,21.34,22.16,23.8,35590,37140,44390,46100,49490,,
99,U.S.,1,US,611000,Educational Services,"3-digit, ownership",2,41-9012,Models,detailed,190,1.6,,,0.01,1,21.26,44230,0.3,15.33,18.16,20.98,25.64,26.63,31880,37770,43640,53340,55380,,
99,U.S.,1,US,611000,Educational Services,"3-digit, ownership",2,41-9020,Real Estate Brokers and Sales Agents,broad,50,5.2,,,0,~,35.91,74690,1,20.45,27.33,33.36,42.6,54.88,42540,56850,69380,88600,114160,,
99,U.S.,1,US,611000,Educational Services,"3-digit, ownership",2,41-9022,Real Estate Sales Agents,detailed,40,1.1,,,0,~,36.99,76940,0.7,20.07,29.17,33.36,42.6,59.95,41740,60670,69380,88600,124700,,
99,U.S.,1,US,611000,Educational Services,"3-digit, ownership",2,41-9090,Miscellaneous Sales and Related Workers,broad,50,2.3,,,0,~,26.42,54950,1.7,18.02,21.31,25.92,29.85,33.47,37480,44320,53910,62090,69620,,
99,U.S.,1,US,611000,Educational Services,"3-digit, ownership",2,41-9099,"Sales and Related Workers, All Other",detailed,50,2.3,,,0,~,26.42,54950,1.7,18.02,21.31,25.92,29.85,33.47,37480,44320,53910,62090,69620,,
99,U.S.,1,US,611000,Educational Services,"3-digit, ownership",2,43-0000,Office and Administrative Support Occupations,major,282320,0.3,,,13.65,72,23.76,49430,0.2,14.54,18.22,23.07,28.76,33.63,30240,37900,47990,59810,69960,,
99,U.S.,1,US,611000,Educational Services,"3-digit, ownership",2,43-1000,Supervisors of Office and Administrative Support Workers,minor,22580,0.3,,,1.09,32,32.77,68160,0.2,23.34,26.26,31.45,37.54,42.62,48540,54610,65410,78080,88660,,
99,U.S.,1,US,611000,Educational Services,"3-digit, ownership",2,43-1010,First-Line Supervisors of Office and Administrative Support Workers,broad,22580,0.3,,,1.09,32,32.77,68160,0.2,23.34,26.26,31.45,37.54,42.62,48540,54610,65410,78080,88660,,
99,U.S.,1,US,611000,Educational Services,"3-digit, ownership",2,43-1011,First-Line Supervisors of Office and Administrative Support Workers,detailed,22580,0.3,,,1.09,32,32.77,68160,0.2,23.34,26.26,31.45,37.54,42.62,48540,54610,65410,78080,88660,,
99,U.S.,1,US,611000,Educational Services,"3-digit, ownership",2,43-2000,Communications Equipment Operators,minor,260,1.2,,,0.01,1,19.76,41110,0.2,12,15.86,18.74,22.77,26.17,24960,32980,38980,47370,54440,,
99,U.S.,1,US,611000,Educational Services,"3-digit, ownership",2,43-2010,"Switchboard Operators, Including Answering Service",broad,230,1.2,,,0.01,1,19.6,40760,0.6,12,15.67,18.74,22.77,24.88,24960,32590,38980,47370,51740,,
99,U.S.,1,US,611000,Educational Services,"3-digit, ownership",2,43-2011,"Switchboard Operators, Including Answering Service",detailed,230,1.2,,,0.01,1,19.6,40760,0.6,12,15.67,18.74,22.77,24.88,24960,32590,38980,47370,51740,,
99,U.S.,1,US,611000,Educational Services,"3-digit, ownership",2,43-3000,Financial Clerks,minor,16840,0.8,,,0.81,22,24.1,50130,0.2,18.08,20.03,23.89,26.7,30.42,37610,41660,49690,55540,63270,,
99,U.S.,1,US,611000,Educational Services,"3-digit, ownership",2,43-3010,Bill and Account Collectors,broad,470,1.7,,,0.02,2,24.06,50040,0.5,18.9,19.63,24.48,24.7,31.08,39310,40820,50910,51370,64650,,
99,U.S.,1,US,611000,Educational Services,"3-digit, ownership",2,43-3011,Bill and Account Collectors,detailed,470,1.7,,,0.02,2,24.06,50040,0.5,18.9,19.63,24.48,24.7,31.08,39310,40820,50910,51370,64650,,
99,U.S.,1,US,611000,Educational Services,"3-digit, ownership",2,43-3020,Billing and Posting Clerks,broad,1600,1.7,,,0.08,4,23.33,48520,0.2,18.95,20.07,22.19,26.06,30.34,39410,41740,46160,54200,63110,,
99,U.S.,1,US,611000,Educational Services,"3-digit, ownership",2,43-3021,Billing and Posting Clerks,detailed,1600,1.7,,,0.08,4,23.33,48520,0.2,18.95,20.07,22.19,26.06,30.34,39410,41740,46160,54200,63110,,
99,U.S.,1,US,611000,Educational Services,"3-digit, ownership",2,43-3030,"Bookkeeping, Accounting, and Auditing Clerks",broad,11900,1.1,,,0.58,19,23.86,49620,0.2,18.13,19.99,23.89,25.91,30.05,37710,41590,49690,53890,62500,,
99,U.S.,1,US,611000,Educational Services,"3-digit, ownership",2,43-3031,"Bookkeeping, Accounting, and Auditing Clerks",detailed,11900,1.1,,,0.58,19,23.86,49620,0.2,18.13,19.99,23.89,25.91,30.05,37710,41590,49690,53890,62500,,
99,U.S.,1,US,611000,Educational Services,"3-digit, ownership",2,43-3050,Payroll and Timekeeping Clerks,broad,1600,0.7,,,0.08,9,27.58,57370,0.3,19.43,22.74,26.12,30.75,36.32,40420,47290,54340,63960,75550,,
99,U.S.,1,US,611000,Educational Services,"3-digit, ownership",2,43-3051,Payroll and Timekeeping Clerks,detailed,1600,0.7,,,0.08,9,27.58,57370,0.3,19.43,22.74,26.12,30.75,36.32,40420,47290,54340,63960,75550,,
99,U.S.,1,US,611000,Educational Services,"3-digit, ownership",2,43-3060,Procurement Clerks,broad,800,1,,,0.04,3,23.47,48810,0.2,16.29,19.39,23.59,26.35,30.71,33880,40340,49060,54800,63870,,
99,U.S.,1,US,611000,Educational Services,"3-digit, ownership",2,43-3061,Procurement Clerks,detailed,800,1,,,0.04,3,23.47,48810,0.2,16.29,19.39,23.59,26.35,30.71,33880,40340,49060,54800,63870,,
99,U.S.,1,US,611000,Educational Services,"3-digit, ownership",2,43-3070,Tellers,broad,40,8.1,,,0,~,19.99,41580,1.7,13.44,16.19,19.11,25.5,25.5,27960,33670,39740,53050,53050,,
99,U.S.,1,US,611000,Educational Services,"3-digit, ownership",2,43-3071,Tellers,detailed,40,8.1,,,0,~,19.99,41580,1.7,13.44,16.19,19.11,25.5,25.5,27960,33670,39740,53050,53050,,
99,U.S.,1,US,611000,Educational Services,"3-digit, ownership",2,43-3090,Miscellaneous Financial Clerks,broad,420,4.3,,,0.02,2,22.3,46370,1.2,14.82,18.84,21.7,25.86,29.77,30830,39200,45140,53790,61920,,
99,U.S.,1,US,611000,Educational Services,"3-digit, ownership",2,43-3099,"Financial Clerks, All Other",detailed,420,4.3,,,0.02,2,22.3,46370,1.2,14.82,18.84,21.7,25.86,29.77,30830,39200,45140,53790,61920,,
99,U.S.,1,US,611000,Educational Services,"3-digit, ownership",2,43-4000,Information and Record Clerks,minor,29210,0.7,,,1.41,35,22.07,45900,0.2,14.86,17.59,20.58,25.64,30.46,30900,36580,42800,53330,63350,,
99,U.S.,1,US,611000,Educational Services,"3-digit, ownership",2,43-4010,Brokerage Clerks,broad,710,0.3,,,0.03,~,27.41,57010,0.7,19.43,24.13,24.97,30.65,30.65,40420,50180,51930,63750,63750,,
99,U.S.,1,US,611000,Educational Services,"3-digit, ownership",2,43-4011,Brokerage Clerks,detailed,710,0.3,,,0.03,~,27.41,57010,0.7,19.43,24.13,24.97,30.65,30.65,40420,50180,51930,63750,63750,,
99,U.S.,1,US,611000,Educational Services,"3-digit, ownership",2,43-4050,Customer Service Representatives,broad,7860,2.6,,,0.38,9,21.32,44350,0.2,15.3,18.06,19.92,23.71,29.41,31820,37570,41430,49310,61160,,
99,U.S.,1,US,611000,Educational Services,"3-digit, ownership",2,43-4051,Customer Service Representatives,detailed,7860,2.6,,,0.38,9,21.32,44350,0.2,15.3,18.06,19.92,23.71,29.41,31820,37570,41430,49310,61160,,
99,U.S.,1,US,611000,Educational Services,"3-digit, ownership",2,43-4060,"Eligibility Interviewers, Government Programs",broad,210,3.2,,,0.01,1,25.77,53600,0.3,19.22,21.02,24.36,30.72,33.96,39980,43730,50670,63890,70640,,
99,U.S.,1,US,611000,Educational Services,"3-digit, ownership",2,43-4061,"Eligibility Interviewers, Government Programs",detailed,210,3.2,,,0.01,1,25.77,53600,0.3,19.22,21.02,24.36,30.72,33.96,39980,43730,50670,63890,70640,,
99,U.S.,1,US,611000,Educational Services,"3-digit, ownership",2,43-4070,File Clerks,broad,1950,1.2,,,0.09,8,23.04,47920,0.2,16.12,19.14,22.83,27.11,28.36,33520,39800,47490,56380,58980,,
99,U.S.,1,US,611000,Educational Services,"3-digit, ownership",2,43-4071,File Clerks,detailed,1950,1.2,,,0.09,8,23.04,47920,0.2,16.12,19.14,22.83,27.11,28.36,33520,39800,47490,56380,58980,,
99,U.S.,1,US,611000,Educational Services,"3-digit, ownership",2,43-4080,"Hotel, Motel, and Resort Desk Clerks",broad,30,1.1,,,0,~,17.96,37360,1.2,11.78,12.4,15.43,20.56,25.56,24490,25800,32100,42770,53150,,
99,U.S.,1,US,611000,Educational Services,"3-digit, ownership",2,43-4081,"Hotel, Motel, and Resort Desk Clerks",detailed,30,1.1,,,0,~,17.96,37360,1.2,11.78,12.4,15.43,20.56,25.56,24490,25800,32100,42770,53150,,
99,U.S.,1,US,611000,Educational Services,"3-digit, ownership",2,43-4110,"Interviewers, Except Eligibility and Loan",broad,4040,0.5,,,0.2,6,26.06,54190,0.2,17.26,20.72,25.14,29.99,35.12,35900,43090,52300,62390,73050,,
99,U.S.,1,US,611000,Educational Services,"3-digit, ownership",2,43-4111,"Interviewers, Except Eligibility and Loan",detailed,4040,0.5,,,0.2,6,26.06,54190,0.2,17.26,20.72,25.14,29.99,35.12,35900,43090,52300,62390,73050,,
99,U.S.,1,US,611000,Educational Services,"3-digit, ownership",2,43-4120,"Library Assistants, Clerical",broad,4980,0.8,,,0.24,20,19.36,40270,0.3,13.07,16.12,17.62,22.92,28.83,27180,33530,36660,47660,59970,,
99,U.S.,1,US,611000,Educational Services,"3-digit, ownership",2,43-4121,"Library Assistants, Clerical",detailed,4980,0.8,,,0.24,20,19.36,40270,0.3,13.07,16.12,17.62,22.92,28.83,27180,33530,36660,47660,59970,,
99,U.S.,1,US,611000,Educational Services,"3-digit, ownership",2,43-4130,Loan Interviewers and Clerks,broad,70,1.5,,,0,~,21.45,44610,0.9,16.64,19.8,20.57,24.65,26.17,34600,41190,42780,51280,54430,,
99,U.S.,1,US,611000,Educational Services,"3-digit, ownership",2,43-4131,Loan Interviewers and Clerks,detailed,70,1.5,,,0,~,21.45,44610,0.9,16.64,19.8,20.57,24.65,26.17,34600,41190,42780,51280,54430,,
99,U.S.,1,US,611000,Educational Services,"3-digit, ownership",2,43-4150,Order Clerks,broad,80,3.5,,,0,1,24.07,50070,0.9,18.96,22.28,23.05,27.66,28.96,39440,46330,47940,57530,60230,,
99,U.S.,1,US,611000,Educational Services,"3-digit, ownership",2,43-4151,Order Clerks,detailed,80,3.5,,,0,1,24.07,50070,0.9,18.96,22.28,23.05,27.66,28.96,39440,46330,47940,57530,60230,,
99,U.S.,1,US,611000,Educational Services,"3-digit, ownership",2,43-4160,"Human Resources Assistants, Except Payroll and Timekeeping",broad,2180,1.8,,,0.11,7,21.34,44390,1.1,11.82,16.7,22.35,25.56,29.37,24580,34740,46490,53170,61100,,
99,U.S.,1,US,611000,Educational Services,"3-digit, ownership",2,43-4161,"Human Resources Assistants, Except Payroll and Timekeeping",detailed,2180,1.8,,,0.11,7,21.34,44390,1.1,11.82,16.7,22.35,25.56,29.37,24580,34740,46490,53170,61100,,
99,U.S.,1,US,611000,Educational Services,"3-digit, ownership",2,43-4170,Receptionists and Information Clerks,broad,1450,0.9,,,0.07,5,19.94,41480,0.3,14.3,16.12,19.24,22.8,29.89,29740,33530,40020,47420,62180,,
99,U.S.,1,US,611000,Educational Services,"3-digit, ownership",2,43-4171,Receptionists and Information Clerks,detailed,1450,0.9,,,0.07,5,19.94,41480,0.3,14.3,16.12,19.24,22.8,29.89,29740,33530,40020,47420,62180,,
99,U.S.,1,US,611000,Educational Services,"3-digit, ownership",2,43-4190,Miscellaneous Information and Record Clerks,broad,5620,0.7,,,0.27,9,22.35,46480,0.2,14.1,17.66,20.52,25.94,30.9,29330,36730,42670,53950,64280,,
99,U.S.,1,US,611000,Educational Services,"3-digit, ownership",2,43-4199,"Information and Record Clerks, All Other",detailed,5620,0.7,,,0.27,9,22.35,46480,0.2,14.1,17.66,20.52,25.94,30.9,29330,36730,42670,53950,64280,,
99,U.S.,1,US,611000,Educational Services,"3-digit, ownership",2,43-5000,"Material Recording, Scheduling, Dispatching, and Distributing Workers",minor,5970,0.3,,,0.29,12,26.41,54930,0.2,17.17,19.7,23.65,31.23,38.67,35710,40980,49190,64960,80440,,
99,U.S.,1,US,611000,Educational Services,"3-digit, ownership",2,43-5020,Couriers and Messengers,broad,210,3,,,0.01,2,17.77,36970,0.7,12.9,15.5,17.95,20.51,22.03,26820,32230,37330,42670,45830,,
99,U.S.,1,US,611000,Educational Services,"3-digit, ownership",2,43-5021,Couriers and Messengers,detailed,210,3,,,0.01,2,17.77,36970,0.7,12.9,15.5,17.95,20.51,22.03,26820,32230,37330,42670,45830,,
99,U.S.,1,US,611000,Educational Services,"3-digit, ownership",2,43-5030,Dispatchers,broad,2060,0.5,,,0.1,6,24.01,49950,0.3,17.19,19.36,23.03,26.91,33.08,35760,40260,47900,55970,68810,,
99,U.S.,1,US,611000,Educational Services,"3-digit, ownership",2,43-5031,Public Safety Telecommunicators,detailed,1640,0.6,,,0.08,5,24.33,50610,0.4,17.64,19.84,23.2,27.15,33.13,36700,41260,48260,56460,68910,,
99,U.S.,1,US,611000,Educational Services,"3-digit, ownership",2,43-5032,"Dispatchers, Except Police, Fire, and Ambulance",detailed,410,0.6,,,0.02,2,22.75,47310,0.4,15.32,18.15,20.87,26.41,32.23,31860,37750,43420,54930,67030,,
99,U.S.,1,US,611000,Educational Services,"3-digit, ownership",2,43-5060,"Production, Planning, and Expediting Clerks",broad,2130,0.5,,,0.1,5,32.61,67830,0.2,20.18,21.6,31.82,38.67,47.41,41970,44940,66190,80440,98620,,
99,U.S.,1,US,611000,Educational Services,"3-digit, ownership",2,43-5061,"Production, Planning, and Expediting Clerks",detailed,2130,0.5,,,0.1,5,32.61,67830,0.2,20.18,21.6,31.82,38.67,47.41,41970,44940,66190,80440,98620,,
99,U.S.,1,US,611000,Educational Services,"3-digit, ownership",2,43-5070,"Shipping, Receiving, and Inventory Clerks",broad,1560,0.8,,,0.08,6,22.28,46340,0.2,16.07,18.19,21.77,25.62,29.92,33420,37840,45280,53300,62220,,
99,U.S.,1,US,611000,Educational Services,"3-digit, ownership",2,43-5071,"Shipping, Receiving, and Inventory Clerks",detailed,1560,0.8,,,0.08,6,22.28,46340,0.2,16.07,18.19,21.77,25.62,29.92,33420,37840,45280,53300,62220,,
99,U.S.,1,US,611000,Educational Services,"3-digit, ownership",2,43-6000,Secretaries and Administrative Assistants,minor,85490,0.4,,,4.13,50,25.06,52110,0.2,17,19.57,24.15,29.51,34,35360,40700,50230,61370,70710,,
99,U.S.,1,US,611000,Educational Services,"3-digit, ownership",2,43-6010,Secretaries and Administrative Assistants,broad,85490,0.4,,,4.13,50,25.06,52110,0.2,17,19.57,24.15,29.51,34,35360,40700,50230,61370,70710,,
99,U.S.,1,US,611000,Educational Services,"3-digit, ownership",2,43-6011,Executive Secretaries and Executive Administrative Assistants,detailed,20070,0.6,,,0.97,25,31.9,66350,0.2,22.1,25.41,30.57,36.82,42.33,45980,52850,63580,76580,88040,,
99,U.S.,1,US,611000,Educational Services,"3-digit, ownership",2,43-6012,Legal Secretaries and Administrative Assistants,detailed,200,9.7,,,0.01,2,29.06,60440,0.8,24.28,26.62,27.62,31.44,37.57,50500,55370,57450,65380,78150,,
99,U.S.,1,US,611000,Educational Services,"3-digit, ownership",2,43-6013,Medical Secretaries and Administrative Assistants,detailed,3170,1.1,,,0.15,3,23.36,48580,0.2,18.73,20.24,22.86,25.55,28.69,38960,42090,47540,53140,59660,,
99,U.S.,1,US,611000,Educational Services,"3-digit, ownership",2,43-6014,"Secretaries and Administrative Assistants, Except Legal, Medical, and Executive",detailed,62050,0.5,,,3,42,22.92,47660,0.2,15.85,18.92,22.77,25.35,30.54,32970,39350,47350,52730,63510,,
99,U.S.,1,US,611000,Educational Services,"3-digit, ownership",2,43-9000,Other Office and Administrative Support Workers,minor,121960,0.6,,,5.9,55,21.43,44580,0.3,12.66,15.69,19.95,24.84,30.22,26340,32640,41500,51670,62860,,
99,U.S.,1,US,611000,Educational Services,"3-digit, ownership",2,43-9020,Data Entry and Information Processing Workers,broad,1840,0.5,,,0.09,4,21.26,44220,0.2,16.12,18.94,20.48,24.06,25.72,33530,39380,42600,50050,53510,,
99,U.S.,1,US,611000,Educational Services,"3-digit, ownership",2,43-9021,Data Entry Keyers,detailed,1060,0.5,,,0.05,3,20.87,43400,0.3,15.64,18.49,19.72,24.12,25.72,32540,38460,41010,50170,53510,,
99,U.S.,1,US,611000,Educational Services,"3-digit, ownership",2,43-9022,Word Processors and Typists,detailed,770,0.9,,,0.04,1,21.81,45360,0.2,17.36,19.3,21.88,24.06,25.69,36110,40140,45500,50030,53440,,
99,U.S.,1,US,611000,Educational Services,"3-digit, ownership",2,43-9030,Desktop Publishers,broad,50,4.7,,,0,~,24.44,50840,0.2,15.92,21.51,22.17,28.43,32.65,33110,44740,46120,59130,67900,,
99,U.S.,1,US,611000,Educational Services,"3-digit, ownership",2,43-9031,Desktop Publishers,detailed,50,4.7,,,0,~,24.44,50840,0.2,15.92,21.51,22.17,28.43,32.65,33110,44740,46120,59130,67900,,
99,U.S.,1,US,611000,Educational Services,"3-digit, ownership",2,43-9050,"Mail Clerks and Mail Machine Operators, Except Postal Service",broad,1660,2.2,,,0.08,8,20.49,42610,0.3,15.06,17.03,19.87,22.68,26.58,31320,35420,41340,47180,55280,,
99,U.S.,1,US,611000,Educational Services,"3-digit, ownership",2,43-9051,"Mail Clerks and Mail Machine Operators, Except Postal Service",detailed,1660,2.2,,,0.08,8,20.49,42610,0.3,15.06,17.03,19.87,22.68,26.58,31320,35420,41340,47180,55280,,
99,U.S.,1,US,611000,Educational Services,"3-digit, ownership",2,43-9060,"Office Clerks, General",broad,90080,0.4,,,4.36,49,21.05,43790,0.3,12,15.32,19.41,24.88,29.91,24960,31870,40380,51740,62220,,
99,U.S.,1,US,611000,Educational Services,"3-digit, ownership",2,43-9061,"Office Clerks, General",detailed,90080,0.4,,,4.36,49,21.05,43790,0.3,12,15.32,19.41,24.88,29.91,24960,31870,40380,51740,62220,,
99,U.S.,1,US,611000,Educational Services,"3-digit, ownership",2,43-9070,"Office Machine Operators, Except Computer",broad,390,1.4,,,0.02,2,20.54,42730,0.2,12,14.93,19.3,24.7,29,24960,31050,40130,51370,60320,,
99,U.S.,1,US,611000,Educational Services,"3-digit, ownership",2,43-9071,"Office Machine Operators, Except Computer",detailed,390,1.4,,,0.02,2,20.54,42730,0.2,12,14.93,19.3,24.7,29,24960,31050,40130,51370,60320,,
99,U.S.,1,US,611000,Educational Services,"3-digit, ownership",2,43-9080,Proofreaders and Copy Markers,broad,60,2.1,,,0,~,19.21,39950,0.9,16.12,16.12,16.12,19.34,26.87,33530,33530,33530,40230,55880,,
99,U.S.,1,US,611000,Educational Services,"3-digit, ownership",2,43-9081,Proofreaders and Copy Markers,detailed,60,2.1,,,0,~,19.21,39950,0.9,16.12,16.12,16.12,19.34,26.87,33530,33530,33530,40230,55880,,
99,U.S.,1,US,611000,Educational Services,"3-digit, ownership",2,43-9110,Statistical Assistants,broad,390,0.7,,,0.02,1,19.98,41560,0.8,10.6,11.98,20.33,24.59,29.43,22060,24910,42280,51150,61210,,
99,U.S.,1,US,611000,Educational Services,"3-digit, ownership",2,43-9111,Statistical Assistants,detailed,390,0.7,,,0.02,1,19.98,41560,0.8,10.6,11.98,20.33,24.59,29.43,22060,24910,42280,51150,61210,,
99,U.S.,1,US,611000,Educational Services,"3-digit, ownership",2,43-9190,Miscellaneous Office and Administrative Support Workers,broad,27480,1.4,,,1.33,21,22.76,47350,0.6,14,15.94,22.57,25.34,35.41,29120,33160,46950,52700,73650,,
99,U.S.,1,US,611000,Educational Services,"3-digit, ownership",2,43-9199,"Office and Administrative Support Workers, All Other",detailed,27480,1.4,,,1.33,21,22.76,47350,0.6,14,15.94,22.57,25.34,35.41,29120,33160,46950,52700,73650,,
99,U.S.,1,US,611000,Educational Services,"3-digit, ownership",2,45-0000,"Farming, Fishing, and Forestry Occupations",major,1940,0.8,,,0.09,10,27.31,56790,1.3,17.98,21.51,25.22,30.63,39.48,37390,44740,52460,63710,82120,,
99,U.S.,1,US,611000,Educational Services,"3-digit, ownership",2,45-1000,"Supervisors of Farming, Fishing, and Forestry Workers",minor,380,10.8,,,0.02,2,37.79,78600,2.3,22.44,27.14,38.34,47.16,50.48,46660,56460,79750,98080,105000,,
99,U.S.,1,US,611000,Educational Services,"3-digit, ownership",2,45-1010,"First-Line Supervisors of Farming, Fishing, and Forestry Workers",broad,380,10.8,,,0.02,2,37.79,78600,2.3,22.44,27.14,38.34,47.16,50.48,46660,56460,79750,98080,105000,,
99,U.S.,1,US,611000,Educational Services,"3-digit, ownership",2,45-1011,"First-Line Supervisors of Farming, Fishing, and Forestry Workers",detailed,380,10.8,,,0.02,2,37.79,78600,2.3,22.44,27.14,38.34,47.16,50.48,46660,56460,79750,98080,105000,,
99,U.S.,1,US,611000,Educational Services,"3-digit, ownership",2,45-2000,Agricultural Workers,minor,1560,2.8,,,0.08,9,24.73,51440,1,16.9,20.65,23.7,30.02,32.53,35150,42950,49290,62440,67670,,
99,U.S.,1,US,611000,Educational Services,"3-digit, ownership",2,45-2010,Agricultural Inspectors,broad,80,1.4,,,0,~,26.83,55800,1.3,20.65,25.22,25.22,30.17,32.11,42950,52460,52460,62750,66790,,
99,U.S.,1,US,611000,Educational Services,"3-digit, ownership",2,45-2011,Agricultural Inspectors,detailed,80,1.4,,,0,~,26.83,55800,1.3,20.65,25.22,25.22,30.17,32.11,42950,52460,52460,62750,66790,,
99,U.S.,1,US,611000,Educational Services,"3-digit, ownership",2,45-2090,Miscellaneous Agricultural Workers,broad,1480,3,,,0.07,9,24.63,51220,1,16.64,20.39,23.52,30.02,32.83,34600,42410,48930,62440,68290,,
99,U.S.,1,US,611000,Educational Services,"3-digit, ownership",2,45-2091,Agricultural Equipment Operators,detailed,680,5.2,,,0.03,7,28.08,58410,0.8,22.43,23.31,28.92,30.48,35.81,46650,48490,60150,63400,74480,,
99,U.S.,1,US,611000,Educational Services,"3-digit, ownership",2,45-2092,"Farmworkers and Laborers, Crop, Nursery, and Greenhouse",detailed,470,3.3,,,0.02,2,21.43,44580,1.7,12.67,17.53,22.04,25.55,28.2,26350,36450,45850,53140,58650,,
99,U.S.,1,US,611000,Educational Services,"3-digit, ownership",2,45-2093,"Farmworkers, Farm, Ranch, and Aquacultural Animals",detailed,210,2,,,0.01,1,20.76,43180,1.4,15.03,19.29,20.26,24.64,26.08,31260,40130,42150,51240,54250,,
99,U.S.,1,US,611000,Educational Services,"3-digit, ownership",2,45-2099,"Agricultural Workers, All Other",detailed,110,1.5,,,0.01,~,24.3,50540,1,19.22,19.22,23.79,28.28,32.83,39980,39980,49480,58820,68290,,
99,U.S.,1,US,611000,Educational Services,"3-digit, ownership",2,47-0000,Construction and Extraction Occupations,major,14680,0.3,,,0.71,13,32.77,68150,0.4,20.21,24.27,30.36,40.09,49.34,42030,50480,63150,83400,102630,,
99,U.S.,1,US,611000,Educational Services,"3-digit, ownership",2,47-1000,Supervisors of Construction and Extraction Workers,minor,1540,0.9,,,0.07,4,40.53,84300,0.4,26.38,31.52,39.17,49.62,57.41,54870,65560,81480,103210,119410,,
99,U.S.,1,US,611000,Educational Services,"3-digit, ownership",2,47-1010,First-Line Supervisors of Construction Trades and Extraction Workers,broad,1540,0.9,,,0.07,4,40.53,84300,0.4,26.38,31.52,39.17,49.62,57.41,54870,65560,81480,103210,119410,,
99,U.S.,1,US,611000,Educational Services,"3-digit, ownership",2,47-1011,First-Line Supervisors of Construction Trades and Extraction Workers,detailed,1540,0.9,,,0.07,4,40.53,84300,0.4,26.38,31.52,39.17,49.62,57.41,54870,65560,81480,103210,119410,,
99,U.S.,1,US,611000,Educational Services,"3-digit, ownership",2,47-2000,Construction Trades Workers,minor,11920,0.4,,,0.58,12,31.74,66010,0.4,20.08,24.17,29.59,38.49,48.14,41770,50260,61550,80050,100130,,
99,U.S.,1,US,611000,Educational Services,"3-digit, ownership",2,47-2010,Boilermakers,broad,130,2.9,,,0.01,~,26.09,54270,0.8,20.35,20.93,22.1,30.09,36.87,42320,43540,45970,62590,76680,,
99,U.S.,1,US,611000,Educational Services,"3-digit, ownership",2,47-2011,Boilermakers,detailed,130,2.9,,,0.01,~,26.09,54270,0.8,20.35,20.93,22.1,30.09,36.87,42320,43540,45970,62590,76680,,
99,U.S.,1,US,611000,Educational Services,"3-digit, ownership",2,47-2020,"Brickmasons, Blockmasons, and Stonemasons",broad,70,2.8,,,0,~,34.88,72550,0.8,20.4,25.06,36.19,43.09,45.39,42440,52120,75280,89630,94400,,
99,U.S.,1,US,611000,Educational Services,"3-digit, ownership",2,47-2021,Brickmasons and Blockmasons,detailed,70,2.8,,,0,~,34.88,72550,0.8,20.4,25.06,36.19,43.09,45.39,42440,52120,75280,89630,94400,,
99,U.S.,1,US,611000,Educational Services,"3-digit, ownership",2,47-2030,Carpenters,broad,1930,1.1,,,0.09,6,29.11,60540,0.4,19.2,22.64,27.29,33.21,41.84,39930,47100,56760,69080,87040,,
99,U.S.,1,US,611000,Educational Services,"3-digit, ownership",2,47-2031,Carpenters,detailed,1930,1.1,,,0.09,6,29.11,60540,0.4,19.2,22.64,27.29,33.21,41.84,39930,47100,56760,69080,87040,,
99,U.S.,1,US,611000,Educational Services,"3-digit, ownership",2,47-2040,"Carpet, Floor, and Tile Installers and Finishers",broad,50,2.5,,,0,~,29.84,62070,0.6,21.67,24.51,28.11,37.24,40.18,45070,50980,58470,77460,83580,,
99,U.S.,1,US,611000,Educational Services,"3-digit, ownership",2,47-2050,"Cement Masons, Concrete Finishers, and Terrazzo Workers",broad,130,2.6,,,0.01,1,30.75,63960,0.5,24,25.77,29.79,32.54,42.19,49930,53600,61970,67680,87750,,
99,U.S.,1,US,611000,Educational Services,"3-digit, ownership",2,47-2051,Cement Masons and Concrete Finishers,detailed,130,2.6,,,0.01,1,30.49,63420,0.5,24,25.77,29.41,32.54,40.07,49930,53600,61170,67680,83340,,
99,U.S.,1,US,611000,Educational Services,"3-digit, ownership",2,47-2060,Construction Laborers,broad,830,1.9,,,0.04,2,25.71,53480,0.3,18.22,20.62,24.62,30.14,34.6,37890,42880,51200,62700,71970,,
99,U.S.,1,US,611000,Educational Services,"3-digit, ownership",2,47-2061,Construction Laborers,detailed,830,1.9,,,0.04,2,25.71,53480,0.3,18.22,20.62,24.62,30.14,34.6,37890,42880,51200,62700,71970,,
99,U.S.,1,US,611000,Educational Services,"3-digit, ownership",2,47-2070,Construction Equipment Operators,broad,460,0.9,,,0.02,2,24.55,51060,0.6,14.95,19.34,23.57,28.11,34.83,31100,40220,49030,58470,72450,,
99,U.S.,1,US,611000,Educational Services,"3-digit, ownership",2,47-2073,Operating Engineers and Other Construction Equipment Operators,detailed,460,0.9,,,0.02,2,24.55,51060,0.6,14.95,19.34,23.57,28.11,34.83,31100,40220,49030,58470,72450,,
99,U.S.,1,US,611000,Educational Services,"3-digit, ownership",2,47-2110,Electricians,broad,3710,0.5,,,0.18,8,34.3,71350,0.4,23.46,27.11,31.28,41.05,49.48,48800,56380,65060,85380,102920,,
99,U.S.,1,US,611000,Educational Services,"3-digit, ownership",2,47-2111,Electricians,detailed,3710,0.5,,,0.18,8,34.3,71350,0.4,23.46,27.11,31.28,41.05,49.48,48800,56380,65060,85380,102920,,
99,U.S.,1,US,611000,Educational Services,"3-digit, ownership",2,47-2130,Insulation Workers,broad,30,0.5,,,0,~,39.29,81710,0.8,28.54,30.07,35.56,50.95,50.95,59360,62540,73970,105980,105980,,
99,U.S.,1,US,611000,Educational Services,"3-digit, ownership",2,47-2140,Painters and Paperhangers,broad,1520,0.7,,,0.07,5,29.78,61940,0.4,18.52,22.08,27.7,38.04,43.4,38510,45920,57610,79110,90280,,
99,U.S.,1,US,611000,Educational Services,"3-digit, ownership",2,47-2141,"Painters, Construction and Maintenance",detailed,1520,0.6,,,0.07,5,29.78,61930,0.4,18.52,22.08,27.7,38.04,43.4,38510,45920,57610,79110,90280,,
99,U.S.,1,US,611000,Educational Services,"3-digit, ownership",2,47-2150,"Pipelayers, Plumbers, Pipefitters, and Steamfitters",broad,2630,0.4,,,0.13,6,33.96,70630,0.4,22.88,25.67,30.78,43.7,50.34,47580,53390,64010,90900,104710,,
99,U.S.,1,US,611000,Educational Services,"3-digit, ownership",2,47-2151,Pipelayers,detailed,60,0.3,,,0,~,28.62,59520,0.8,23.6,25.62,29.39,31.98,31.98,49090,53290,61120,66510,66510,,
99,U.S.,1,US,611000,Educational Services,"3-digit, ownership",2,47-2152,"Plumbers, Pipefitters, and Steamfitters",detailed,2580,0.4,,,0.12,6,34.07,70870,0.4,22.84,25.87,30.78,44.86,50.34,47510,53800,64010,93300,104710,,
99,U.S.,1,US,611000,Educational Services,"3-digit, ownership",2,47-2160,Plasterers and Stucco Masons,broad,60,2.5,,,0,~,32.51,67620,0.5,25.85,28.65,30.01,38.11,40.57,53760,59600,62420,79280,84390,,
99,U.S.,1,US,611000,Educational Services,"3-digit, ownership",2,47-2161,Plasterers and Stucco Masons,detailed,60,2.5,,,0,~,32.51,67620,0.5,25.85,28.65,30.01,38.11,40.57,53760,59600,62420,79280,84390,,
99,U.S.,1,US,611000,Educational Services,"3-digit, ownership",2,47-2180,Roofers,broad,130,0.8,,,0.01,1,29.65,61670,0.4,20.23,23.82,28.7,34.93,40.11,42080,49550,59700,72660,83430,,
99,U.S.,1,US,611000,Educational Services,"3-digit, ownership",2,47-2181,Roofers,detailed,130,0.8,,,0.01,1,29.65,61670,0.4,20.23,23.82,28.7,34.93,40.11,42080,49550,59700,72660,83430,,
99,U.S.,1,US,611000,Educational Services,"3-digit, ownership",2,47-2210,Sheet Metal Workers,broad,200,2.5,,,0.01,1,40.62,84480,0.4,26.89,30.85,44.49,48.54,50.36,55930,64160,92540,100970,104750,,
99,U.S.,1,US,611000,Educational Services,"3-digit, ownership",2,47-2211,Sheet Metal Workers,detailed,200,2.5,,,0.01,1,40.62,84480,0.4,26.89,30.85,44.49,48.54,50.36,55930,64160,92540,100970,104750,,
99,U.S.,1,US,611000,Educational Services,"3-digit, ownership",2,47-3000,"Helpers, Construction Trades",minor,170,1.3,,,0.01,1,16.95,35260,0.4,14.22,14.23,14.24,19.26,21.96,29580,29590,29610,40060,45690,,
99,U.S.,1,US,611000,Educational Services,"3-digit, ownership",2,47-3010,"Helpers, Construction Trades",broad,170,1.3,,,0.01,1,16.95,35260,0.4,14.22,14.23,14.24,19.26,21.96,29580,29590,29610,40060,45690,,
99,U.S.,1,US,611000,Educational Services,"3-digit, ownership",2,47-3019,"Helpers, Construction Trades, All Other",detailed,140,1.5,,,0.01,~,15.87,33020,0.5,14.22,14.23,14.23,17.35,21.96,29580,29590,29610,36090,45690,,
99,U.S.,1,US,611000,Educational Services,"3-digit, ownership",2,47-4000,Other Construction and Related Workers,minor,1040,0.1,,,0.05,2,35.69,74240,0.3,20.6,24.22,30.39,43.15,58.26,42850,50380,63210,89750,121180,,
99,U.S.,1,US,611000,Educational Services,"3-digit, ownership",2,47-4010,Construction and Building Inspectors,broad,360,1,,,0.02,1,42.15,87670,0.4,24.7,30.54,40.26,51.96,63.21,51370,63530,83730,108070,131470,,
99,U.S.,1,US,611000,Educational Services,"3-digit, ownership",2,47-4011,Construction and Building Inspectors,detailed,360,1,,,0.02,1,42.15,87670,0.4,24.7,30.54,40.26,51.96,63.21,51370,63530,83730,108070,131470,,
99,U.S.,1,US,611000,Educational Services,"3-digit, ownership",2,47-4020,Elevator and Escalator Installers and Repairers,broad,150,0.7,,,0.01,~,51.45,107010,0.7,28.87,41.05,47.07,67.77,77.1,60050,85390,97910,140970,160370,,
99,U.S.,1,US,611000,Educational Services,"3-digit, ownership",2,47-4021,Elevator and Escalator Installers and Repairers,detailed,150,0.7,,,0.01,~,51.45,107010,0.7,28.87,41.05,47.07,67.77,77.1,60050,85390,97910,140970,160370,,
99,U.S.,1,US,611000,Educational Services,"3-digit, ownership",2,47-4040,Hazardous Materials Removal Workers,broad,140,1.6,,,0.01,1,30.97,64410,0.5,20.6,23.33,28.48,41.61,42.73,42850,48530,59240,86540,88880,,
99,U.S.,1,US,611000,Educational Services,"3-digit, ownership",2,47-4041,Hazardous Materials Removal Workers,detailed,140,1.6,,,0.01,1,30.97,64410,0.5,20.6,23.33,28.48,41.61,42.73,42850,48530,59240,86540,88880,,
99,U.S.,1,US,611000,Educational Services,"3-digit, ownership",2,47-4090,Miscellaneous Construction and Related Workers,broad,400,0.7,,,0.02,~,25.58,53210,0.6,19.48,23.38,24.22,27.79,32.56,40520,48640,50380,57800,67710,,
99,U.S.,1,US,611000,Educational Services,"3-digit, ownership",2,47-4090,Miscellaneous Construction and Related Workers,detailed,400,0.7,,,0.02,~,25.58,53210,0.6,19.48,23.38,24.22,27.79,32.56,40520,48640,50380,57800,67710,,
99,U.S.,1,US,611000,Educational Services,"3-digit, ownership",2,49-0000,"Installation, Maintenance, and Repair Occupations",major,35110,0.3,,,1.7,30,27.01,56180,0.3,17.75,20.31,24.97,31.31,38.45,36920,42250,51940,65120,79970,,
99,U.S.,1,US,611000,Educational Services,"3-digit, ownership",2,49-1000,"Supervisors of Installation, Maintenance, and Repair Workers",minor,4690,0.7,,,0.23,12,35.4,73630,0.3,23.9,29.26,32.94,40.25,49.09,49710,60860,68520,83730,102110,,
99,U.S.,1,US,611000,Educational Services,"3-digit, ownership",2,49-1010,"First-Line Supervisors of Mechanics, Installers, and Repairers",broad,4690,0.7,,,0.23,12,35.4,73630,0.3,23.9,29.26,32.94,40.25,49.09,49710,60860,68520,83730,102110,,
99,U.S.,1,US,611000,Educational Services,"3-digit, ownership",2,49-1011,"First-Line Supervisors of Mechanics, Installers, and Repairers",detailed,4690,0.7,,,0.23,12,35.4,73630,0.3,23.9,29.26,32.94,40.25,49.09,49710,60860,68520,83730,102110,,
99,U.S.,1,US,611000,Educational Services,"3-digit, ownership",2,49-2000,"Electrical and Electronic Equipment Mechanics, Installers, and Repairers",minor,1550,1.2,,,0.07,4,29.85,62090,0.3,21.58,24.2,29.07,32.79,39.68,44890,50340,60470,68200,82540,,
99,U.S.,1,US,611000,Educational Services,"3-digit, ownership",2,49-2010,"Computer, Automated Teller, and Office Machine Repairers",broad,430,1.7,,,0.02,1,27.1,56370,0.7,18.8,23.53,26.16,30.86,33.81,39100,48940,54410,64180,70330,,
99,U.S.,1,US,611000,Educational Services,"3-digit, ownership",2,49-2011,"Computer, Automated Teller, and Office Machine Repairers",detailed,430,1.7,,,0.02,1,27.1,56370,0.7,18.8,23.53,26.16,30.86,33.81,39100,48940,54410,64180,70330,,
99,U.S.,1,US,611000,Educational Services,"3-digit, ownership",2,49-2020,Radio and Telecommunications Equipment Installers and Repairers,broad,310,3.5,,,0.02,1,32.2,66970,0.5,21.91,25.09,31.13,38.81,42.88,45560,52180,64740,80720,89200,,
99,U.S.,1,US,611000,Educational Services,"3-digit, ownership",2,49-2022,"Telecommunications Equipment Installers and Repairers, Except Line Installers",detailed,310,3.4,,,0.02,1,32.25,67080,0.5,21.91,25.21,31.24,38.81,42.88,45560,52440,64980,80720,89200,,
99,U.S.,1,US,611000,Educational Services,"3-digit, ownership",2,49-2090,"Miscellaneous Electrical and Electronic Equipment Mechanics, Installers, and Repairers",broad,800,2.8,,,0.04,2,30.43,63290,0.5,22.74,25.14,29.2,32.79,38.9,47300,52280,60740,68200,80910,,
99,U.S.,1,US,611000,Educational Services,"3-digit, ownership",2,49-2094,"Electrical and Electronics Repairers, Commercial and Industrial Equipment",detailed,460,4.7,,,0.02,1,31.56,65630,0.6,23.7,26.76,30.86,35.06,39.98,49300,55660,64190,72930,83150,,
99,U.S.,1,US,611000,Educational Services,"3-digit, ownership",2,49-2095,"Electrical and Electronics Repairers, Powerhouse, Substation, and Relay",detailed,40,1.2,,,0,~,34.08,70890,0.3,25.14,25.14,31.41,36.51,47.72,52280,52280,65320,75930,99250,,
99,U.S.,1,US,611000,Educational Services,"3-digit, ownership",2,49-2097,Audiovisual Equipment Installers and Repairers,detailed,40,5.6,,,0,~,29.14,60610,0.5,22.08,23.93,28.74,35.54,36.14,45920,49770,59790,73910,75170,,
99,U.S.,1,US,611000,Educational Services,"3-digit, ownership",2,49-2098,Security and Fire Alarm Systems Installers,detailed,220,3.9,,,0.01,1,28.12,58480,0.8,19.45,23.77,28.28,30.85,34.65,40460,49450,58820,64170,72070,,
99,U.S.,1,US,611000,Educational Services,"3-digit, ownership",2,49-3000,"Vehicle and Mobile Equipment Mechanics, Installers, and Repairers",minor,1710,2.9,,,0.08,7,27.96,58160,0.8,18.58,22.5,27.48,33,38.03,38640,46790,57160,68640,79100,,
99,U.S.,1,US,611000,Educational Services,"3-digit, ownership",2,49-3010,Aircraft Mechanics and Service Technicians,broad,200,2.5,,,0.01,1,30.57,63580,0.5,21.02,25.94,31.47,34.17,38.03,43720,53960,65460,71070,79100,,
99,U.S.,1,US,611000,Educational Services,"3-digit, ownership",2,49-3011,Aircraft Mechanics and Service Technicians,detailed,200,2.5,,,0.01,1,30.57,63580,0.5,21.02,25.94,31.47,34.17,38.03,43720,53960,65460,71070,79100,,
99,U.S.,1,US,611000,Educational Services,"3-digit, ownership",2,49-3020,Automotive Technicians and Repairers,broad,850,1.1,,,0.04,4,26.15,54400,0.5,18.18,21.7,25.54,29.82,34.08,37810,45140,53130,62030,70880,,
99,U.S.,1,US,611000,Educational Services,"3-digit, ownership",2,49-3023,Automotive Service Technicians and Mechanics,detailed,840,1.1,,,0.04,4,26.24,54590,0.6,18.18,21.78,25.57,29.85,34.08,37810,45300,53190,62090,70880,,
99,U.S.,1,US,611000,Educational Services,"3-digit, ownership",2,49-3030,Bus and Truck Mechanics and Diesel Engine Specialists,broad,210,4.2,,,0.01,1,28.33,58920,0.8,19.92,23.97,27.87,33.29,36.74,41430,49860,57970,69230,76420,,
99,U.S.,1,US,611000,Educational Services,"3-digit, ownership",2,49-3031,Bus and Truck Mechanics and Diesel Engine Specialists,detailed,210,4.2,,,0.01,1,28.33,58920,0.8,19.92,23.97,27.87,33.29,36.74,41430,49860,57970,69230,76420,,
99,U.S.,1,US,611000,Educational Services,"3-digit, ownership",2,49-3040,Heavy Vehicle and Mobile Equipment Service Technicians and Mechanics,broad,350,15.9,,,0.02,2,31.44,65390,1.1,19.53,22.5,31.65,38.1,44.12,40620,46790,65830,79240,91770,,
99,U.S.,1,US,611000,Educational Services,"3-digit, ownership",2,49-3041,Farm Equipment Mechanics and Service Technicians,detailed,240,22.3,,,0.01,2,32.43,67450,1.2,19.64,22.5,36.78,40.31,44.12,40840,46790,76500,83850,91770,,
99,U.S.,1,US,611000,Educational Services,"3-digit, ownership",2,49-3042,"Mobile Heavy Equipment Mechanics, Except Engines",detailed,100,2,,,0,~,29.82,62030,0.7,17.28,22.96,30.6,36.13,44.35,35940,47770,63640,75150,92260,,
99,U.S.,1,US,611000,Educational Services,"3-digit, ownership",2,49-3050,Small Engine Mechanics,broad,90,3.4,,,0,1,25.12,52250,1.1,17.91,21.08,24.61,29.5,32.84,37250,43850,51190,61370,68300,,
99,U.S.,1,US,611000,Educational Services,"3-digit, ownership",2,49-3053,Outdoor Power Equipment and Other Small Engine Mechanics,detailed,80,4.4,,,0,1,25.16,52330,1.3,17.91,21.08,24.61,29.71,32.84,37250,43850,51190,61810,68300,,
99,U.S.,1,US,611000,Educational Services,"3-digit, ownership",2,49-9000,"Other Installation, Maintenance, and Repair Occupations",minor,27170,0.4,,,1.31,27,25.34,52710,0.2,16.47,19.46,24.06,30.02,36.14,34260,40480,50040,62440,75160,,
99,U.S.,1,US,611000,Educational Services,"3-digit, ownership",2,49-9010,Control and Valve Installers and Repairers,broad,180,0.9,,,0.01,1,33.44,69560,0.3,23.02,26.87,31.75,39.97,45.8,47880,55880,66030,83130,95270,,
99,U.S.,1,US,611000,Educational Services,"3-digit, ownership",2,49-9012,"Control and Valve Installers and Repairers, Except Mechanical Door",detailed,160,0.8,,,0.01,1,33.81,70310,0.3,23.15,27.27,31.75,40.32,45.8,48150,56720,66030,83860,95270,,
99,U.S.,1,US,611000,Educational Services,"3-digit, ownership",2,49-9020,"Heating, Air Conditioning, and Refrigeration Mechanics and Installers",broad,3800,1.2,,,0.18,8,29.11,60540,0.3,20.59,24.14,28.58,32.35,37.6,42820,50210,59440,67280,78210,,
99,U.S.,1,US,611000,Educational Services,"3-digit, ownership",2,49-9021,"Heating, Air Conditioning, and Refrigeration Mechanics and Installers",detailed,3800,1.2,,,0.18,8,29.11,60540,0.3,20.59,24.14,28.58,32.35,37.6,42820,50210,59440,67280,78210,,
99,U.S.,1,US,611000,Educational Services,"3-digit, ownership",2,49-9040,"Industrial Machinery Installation, Repair, and Maintenance Workers",broad,340,2.9,,,0.02,1,30.4,63230,0.6,20.69,24.73,31.44,36.56,39.04,43020,51440,65390,76050,81200,,
99,U.S.,1,US,611000,Educational Services,"3-digit, ownership",2,49-9041,Industrial Machinery Mechanics,detailed,290,3.8,,,0.01,1,31.22,64930,0.7,21.95,25.42,32.25,36.74,39.04,45650,52880,67090,76420,81200,,
99,U.S.,1,US,611000,Educational Services,"3-digit, ownership",2,49-9043,"Maintenance Workers, Machinery",detailed,40,4.8,,,0,~,24.46,50870,0.7,14.53,20.55,24.73,26.06,33.11,30220,42750,51440,54210,68880,,
99,U.S.,1,US,611000,Educational Services,"3-digit, ownership",2,49-9050,Line Installers and Repairers,broad,40,1.3,,,0,~,39.62,82400,1.3,24.12,26.75,38.76,48.94,48.94,50170,55650,80620,101800,101800,,
99,U.S.,1,US,611000,Educational Services,"3-digit, ownership",2,49-9060,Precision Instrument and Equipment Repairers,broad,380,5.6,,,0.02,2,33.72,70130,1.2,23.29,27.24,31.57,38.63,45.46,48440,56650,65660,80340,94550,,
99,U.S.,1,US,611000,Educational Services,"3-digit, ownership",2,49-9062,Medical Equipment Repairers,detailed,160,14.6,,,0.01,1,32.32,67230,2.4,22.69,25.46,30.51,37.85,45.82,47190,52950,63460,78720,95310,,
99,U.S.,1,US,611000,Educational Services,"3-digit, ownership",2,49-9063,Musical Instrument Repairers and Tuners,detailed,100,0.9,,,0,1,33.26,69170,0.3,23.72,27.82,30.68,36.79,41.06,49340,57870,63820,76510,85410,,
99,U.S.,1,US,611000,Educational Services,"3-digit, ownership",2,49-9069,"Precision Instrument and Equipment Repairers, All Other",detailed,110,3.6,,,0.01,1,36.04,74970,1.3,26.79,31.1,34,40.44,50.57,55710,64680,70730,84120,105190,,
99,U.S.,1,US,611000,Educational Services,"3-digit, ownership",2,49-9070,"Maintenance and Repair Workers, General",broad,20950,0.7,,,1.01,25,24.3,50540,0.3,16.05,19,23.37,29.03,32.66,33390,39510,48610,60380,67940,,
99,U.S.,1,US,611000,Educational Services,"3-digit, ownership",2,49-9071,"Maintenance and Repair Workers, General",detailed,20950,0.7,,,1.01,25,24.3,50540,0.3,16.05,19,23.37,29.03,32.66,33390,39510,48610,60380,67940,,
99,U.S.,1,US,611000,Educational Services,"3-digit, ownership",2,49-9090,"Miscellaneous Installation, Maintenance, and Repair Workers",broad,1450,0.3,,,0.07,5,25.63,53300,0.6,14.1,19.15,23.85,29.85,39.92,29320,39830,49610,62080,83020,,
99,U.S.,1,US,611000,Educational Services,"3-digit, ownership",2,49-9094,Locksmiths and Safe Repairers,detailed,630,0.4,,,0.03,4,28.77,59830,0.8,18.87,22,26.2,33.11,42.74,39250,45770,54490,68870,88900,,
99,U.S.,1,US,611000,Educational Services,"3-digit, ownership",2,49-9098,"Helpers--Installation, Maintenance, and Repair Workers",detailed,460,1.5,,,0.02,1,19.03,39580,0.4,13.87,13.87,18.48,23.85,23.85,28860,28860,38430,49610,49610,,
99,U.S.,1,US,611000,Educational Services,"3-digit, ownership",2,49-9099,"Installation, Maintenance, and Repair Workers, All Other",detailed,320,1.4,,,0.02,1,28.94,60200,0.6,18.22,22.14,27.4,36.99,41.81,37890,46040,57000,76930,86970,,
99,U.S.,1,US,611000,Educational Services,"3-digit, ownership",2,51-0000,Production Occupations,major,5970,0.9,,,0.29,10,30.29,62990,0.3,17.91,22.18,29.02,36.65,47.62,37240,46120,60370,76230,99060,,
99,U.S.,1,US,611000,Educational Services,"3-digit, ownership",2,51-1000,Supervisors of Production Workers,minor,560,2,,,0.03,3,36.86,76680,0.4,24.7,30.06,36.32,40.99,49.99,51380,62530,75540,85250,103970,,
99,U.S.,1,US,611000,Educational Services,"3-digit, ownership",2,51-1010,First-Line Supervisors of Production and Operating Workers,broad,560,2,,,0.03,3,36.86,76680,0.4,24.7,30.06,36.32,40.99,49.99,51380,62530,75540,85250,103970,,
99,U.S.,1,US,611000,Educational Services,"3-digit, ownership",2,51-1011,First-Line Supervisors of Production and Operating Workers,detailed,560,2,,,0.03,3,36.86,76680,0.4,24.7,30.06,36.32,40.99,49.99,51380,62530,75540,85250,103970,,
99,U.S.,1,US,611000,Educational Services,"3-digit, ownership",2,51-2000,Assemblers and Fabricators,minor,40,2.8,,,0,~,31.47,65450,0.5,15.28,20.18,30.4,42.87,46.6,31790,41980,63230,89180,96920,,
99,U.S.,1,US,611000,Educational Services,"3-digit, ownership",2,51-2090,Miscellaneous Assemblers and Fabricators,broad,40,1.2,,,0,~,31.59,65700,0.7,15.28,20.18,30.4,42.87,46.6,31790,41980,63230,89180,96920,,
99,U.S.,1,US,611000,Educational Services,"3-digit, ownership",2,51-2090,Miscellaneous Assemblers and Fabricators,detailed,40,1.2,,,0,~,31.59,65700,0.7,15.28,20.18,30.4,42.87,46.6,31790,41980,63230,89180,96920,,
99,U.S.,1,US,611000,Educational Services,"3-digit, ownership",2,51-3000,Food Processing Workers,minor,490,1.2,,,0.02,3,22.26,46290,0.5,17.32,18.41,22.03,25.34,28.11,36030,38300,45820,52720,58460,,
99,U.S.,1,US,611000,Educational Services,"3-digit, ownership",2,51-3010,Bakers,broad,400,2.2,,,0.02,2,21.91,45580,0.6,17.31,18.41,21.8,25.01,27.54,36000,38300,45350,52020,57280,,
99,U.S.,1,US,611000,Educational Services,"3-digit, ownership",2,51-3011,Bakers,detailed,400,2.2,,,0.02,2,21.91,45580,0.6,17.31,18.41,21.8,25.01,27.54,36000,38300,45350,52020,57280,,
99,U.S.,1,US,611000,Educational Services,"3-digit, ownership",2,51-3020,"Butchers and Other Meat, Poultry, and Fish Processing Workers",broad,80,6.9,,,0,1,23.74,49380,1.6,17.82,21.86,22.78,28.06,29.08,37070,45460,47380,58370,60480,,
99,U.S.,1,US,611000,Educational Services,"3-digit, ownership",2,51-3021,Butchers and Meat Cutters,detailed,80,6.9,,,0,1,23.74,49380,1.6,17.82,21.86,22.78,28.06,29.08,37070,45460,47380,58370,60480,,
99,U.S.,1,US,611000,Educational Services,"3-digit, ownership",2,51-4000,Metal Workers and Plastic Workers,minor,460,0.4,,,0.02,1,33.62,69920,0.4,24.35,28.62,32.24,39.35,41.85,50650,59520,67060,81850,87050,,
99,U.S.,1,US,611000,Educational Services,"3-digit, ownership",2,51-4040,Machinists,broad,340,0.2,,,0.02,1,34.96,72710,0.3,26.04,31.76,32.39,39.75,43.85,54170,66050,67380,82670,91200,,
99,U.S.,1,US,611000,Educational Services,"3-digit, ownership",2,51-4041,Machinists,detailed,340,0.2,,,0.02,1,34.96,72710,0.3,26.04,31.76,32.39,39.75,43.85,54170,66050,67380,82670,91200,,
99,U.S.,1,US,611000,Educational Services,"3-digit, ownership",2,51-4120,"Welding, Soldering, and Brazing Workers",broad,90,0.7,,,0,1,28.84,59990,0.4,20.95,24.13,27.37,30.85,38.69,43570,50200,56920,64170,80470,,
99,U.S.,1,US,611000,Educational Services,"3-digit, ownership",2,51-4121,"Welders, Cutters, Solderers, and Brazers",detailed,90,0.6,,,0,1,28.77,59840,0.4,20.95,24.13,26.87,30.85,38.69,43570,50200,55880,64170,80470,,
99,U.S.,1,US,611000,Educational Services,"3-digit, ownership",2,51-5100,Printing Workers,minor,590,1.2,,,0.03,3,23.02,47870,0.3,16.37,19.03,22.43,25.92,31.89,34050,39570,46660,53910,66330,,
99,U.S.,1,US,611000,Educational Services,"3-digit, ownership",2,51-5110,Printing Workers,broad,590,1.2,,,0.03,3,23.02,47870,0.3,16.37,19.03,22.43,25.92,31.89,34050,39570,46660,53910,66330,,
99,U.S.,1,US,611000,Educational Services,"3-digit, ownership",2,51-5111,Prepress Technicians and Workers,detailed,80,3.1,,,0,1,23.58,49040,0.7,13.86,17.77,23.13,29.75,33.05,28830,36950,48110,61880,68750,,
99,U.S.,1,US,611000,Educational Services,"3-digit, ownership",2,51-5112,Printing Press Operators,detailed,420,1.2,,,0.02,3,23.18,48210,0.3,17.24,19.16,22.65,25.92,31.89,35860,39860,47120,53910,66330,,
99,U.S.,1,US,611000,Educational Services,"3-digit, ownership",2,51-5113,Print Binding and Finishing Workers,detailed,90,4,,,0,1,21.68,45100,0.6,16.22,17.95,20.72,24.29,27.74,33730,37330,43090,50520,57710,,
99,U.S.,1,US,611000,Educational Services,"3-digit, ownership",2,51-6000,"Textile, Apparel, and Furnishings Workers",minor,470,1.4,,,0.02,1,15.66,32580,0.4,11.57,11.57,14.16,18.56,21.9,24070,24070,29450,38610,45550,,
99,U.S.,1,US,611000,Educational Services,"3-digit, ownership",2,51-6010,Laundry and Dry-Cleaning Workers,broad,170,2.1,,,0.01,1,18.48,38430,0.4,15.3,17.18,18.52,20.11,23.08,31820,35740,38520,41820,48010,,
99,U.S.,1,US,611000,Educational Services,"3-digit, ownership",2,51-6011,Laundry and Dry-Cleaning Workers,detailed,170,2.1,,,0.01,1,18.48,38430,0.4,15.3,17.18,18.52,20.11,23.08,31820,35740,38520,41820,48010,,
99,U.S.,1,US,611000,Educational Services,"3-digit, ownership",2,51-6030,Sewing Machine Operators,broad,270,0.5,,,0.01,~,12.56,26120,0.3,11.57,11.57,11.57,14.16,14.16,24070,24070,24070,29450,29450,,
99,U.S.,1,US,611000,Educational Services,"3-digit, ownership",2,51-6031,Sewing Machine Operators,detailed,270,0.5,,,0.01,~,12.56,26120,0.3,11.57,11.57,11.57,14.16,14.16,24070,24070,24070,29450,29450,,
99,U.S.,1,US,611000,Educational Services,"3-digit, ownership",2,51-7000,Woodworkers,minor,50,2.5,,,0,~,30.9,64280,0.6,23.23,23.56,28.95,36.87,40.85,48320,49010,60220,76700,84970,,
99,U.S.,1,US,611000,Educational Services,"3-digit, ownership",2,51-7010,Cabinetmakers and Bench Carpenters,broad,30,5.9,,,0,~,29.69,61760,0.8,23.49,23.56,28.31,32.25,47.62,48860,49010,58870,67080,99060,,
99,U.S.,1,US,611000,Educational Services,"3-digit, ownership",2,51-7011,Cabinetmakers and Bench Carpenters,detailed,30,5.9,,,0,~,29.69,61760,0.8,23.49,23.56,28.31,32.25,47.62,48860,49010,58870,67080,99060,,
99,U.S.,1,US,611000,Educational Services,"3-digit, ownership",2,51-8000,Plant and System Operators,minor,2930,1,,,0.14,5,34.16,71050,0.3,21.73,25.58,32.12,39.3,50.1,45190,53200,66800,81750,104200,,
99,U.S.,1,US,611000,Educational Services,"3-digit, ownership",2,51-8010,"Power Plant Operators, Distributors, and Dispatchers",broad,830,1.4,,,0.04,2,32.44,67480,0.4,21.33,25.1,31.11,38.26,48.53,44360,52200,64700,79580,100940,,
99,U.S.,1,US,611000,Educational Services,"3-digit, ownership",2,51-8011,Nuclear Power Reactor Operators,detailed,30,0.7,,,0,~,40.1,83410,0.2,27.19,32.57,34.41,42.85,58.14,56550,67750,71570,89130,120940,,
99,U.S.,1,US,611000,Educational Services,"3-digit, ownership",2,51-8012,Power Distributors and Dispatchers,detailed,130,0.3,,,0.01,~,42.69,88780,0.2,34.26,37.62,48.53,49.77,50.96,71250,78260,100940,103520,105990,,
99,U.S.,1,US,611000,Educational Services,"3-digit, ownership",2,51-8013,Power Plant Operators,detailed,670,1.8,,,0.03,1,30.05,62510,0.3,20.52,24.67,29.71,33.7,40.78,42680,51310,61810,70100,84820,,
99,U.S.,1,US,611000,Educational Services,"3-digit, ownership",2,51-8020,Stationary Engineers and Boiler Operators,broad,1750,1.4,,,0.08,4,35.37,73570,0.4,22.38,27.25,32.6,40.57,51.3,46550,56670,67810,84390,106700,,
99,U.S.,1,US,611000,Educational Services,"3-digit, ownership",2,51-8021,Stationary Engineers and Boiler Operators,detailed,1750,1.4,,,0.08,4,35.37,73570,0.4,22.38,27.25,32.6,40.57,51.3,46550,56670,67810,84390,106700,,
99,U.S.,1,US,611000,Educational Services,"3-digit, ownership",2,51-8030,Water and Wastewater Treatment Plant and System Operators,broad,280,1.7,,,0.01,1,30.43,63300,0.4,18.82,23.51,28.26,37.68,43.72,39140,48890,58780,78370,90930,,
99,U.S.,1,US,611000,Educational Services,"3-digit, ownership",2,51-8031,Water and Wastewater Treatment Plant and System Operators,detailed,280,1.7,,,0.01,1,30.43,63300,0.4,18.82,23.51,28.26,37.68,43.72,39140,48890,58780,78370,90930,,
99,U.S.,1,US,611000,Educational Services,"3-digit, ownership",2,51-8090,Miscellaneous Plant and System Operators,broad,70,0.4,,,0,~,39.15,81430,0.9,24.44,30.61,41.22,49.77,60.27,50840,63670,85730,103530,125360,,
99,U.S.,1,US,611000,Educational Services,"3-digit, ownership",2,51-8099,"Plant and System Operators, All Other",detailed,30,1.7,,,0,~,29.15,60630,0.8,23.72,24.44,25.54,33.45,36.12,49340,50840,53110,69580,75120,,
99,U.S.,1,US,611000,Educational Services,"3-digit, ownership",2,51-9000,Other Production Occupations,minor,380,2.7,,,0.02,2,26.17,54430,0.5,18.05,21.25,24.43,29.68,36.49,37540,44200,50820,61730,75900,,
99,U.S.,1,US,611000,Educational Services,"3-digit, ownership",2,51-9010,"Chemical Processing Machine Setters, Operators, and Tenders",broad,30,1.1,,,0,~,25.64,53340,0.4,18.64,25.22,25.22,25.22,34.93,38770,52450,52450,52450,72660,,
99,U.S.,1,US,611000,Educational Services,"3-digit, ownership",2,51-9060,"Inspectors, Testers, Sorters, Samplers, and Weighers",broad,60,2.5,,,0,~,33.95,70610,0.7,22.8,25.6,31.73,41.46,52,47420,53250,66000,86230,108170,,
99,U.S.,1,US,611000,Educational Services,"3-digit, ownership",2,51-9061,"Inspectors, Testers, Sorters, Samplers, and Weighers",detailed,60,2.5,,,0,~,33.95,70610,0.7,22.8,25.6,31.73,41.46,52,47420,53250,66000,86230,108170,,
99,U.S.,1,US,611000,Educational Services,"3-digit, ownership",2,51-9080,Dental and Ophthalmic Laboratory Technicians and Medical Appliance Technicians,broad,70,2.6,,,0,~,24.85,51680,0.8,18.62,20.28,23.86,29.47,34.71,38730,42170,49620,61310,72210,,
99,U.S.,1,US,611000,Educational Services,"3-digit, ownership",2,51-9081,Dental Laboratory Technicians,detailed,60,2.6,,,0,~,25.19,52400,0.9,19.54,20.28,24.43,29.47,34.63,40630,42170,50820,61310,72020,,
99,U.S.,1,US,611000,Educational Services,"3-digit, ownership",2,51-9150,Photographic Process Workers and Processing Machine Operators,broad,30,6,,,0,~,27.13,56420,1.4,15.91,23.92,29.42,31.25,34.43,33100,49750,61190,65010,71610,,
99,U.S.,1,US,611000,Educational Services,"3-digit, ownership",2,51-9151,Photographic Process Workers and Processing Machine Operators,detailed,30,6,,,0,~,27.13,56420,1.4,15.91,23.92,29.42,31.25,34.43,33100,49750,61190,65010,71610,,
99,U.S.,1,US,611000,Educational Services,"3-digit, ownership",2,51-9190,Miscellaneous Production Workers,broad,150,5.1,,,0.01,1,22.76,47350,0.6,15.82,20.16,23.05,24.42,26.8,32900,41930,47940,50800,55740,,
99,U.S.,1,US,611000,Educational Services,"3-digit, ownership",2,51-9198,Helpers--Production Workers,detailed,100,3.2,,,0,~,22.19,46160,1,15.96,19.97,23.12,24.11,26.56,33200,41540,48080,50160,55230,,
99,U.S.,1,US,611000,Educational Services,"3-digit, ownership",2,51-9199,"Production Workers, All Other",detailed,40,25.9,,,0,~,20.99,43660,0.9,15.56,17.66,21.27,23.55,26.66,32370,36740,44240,48990,55450,,
99,U.S.,1,US,611000,Educational Services,"3-digit, ownership",2,53-0000,Transportation and Material Moving Occupations,major,12040,0.9,,,0.58,21,21.79,45330,0.4,13.31,16.63,19.66,24.29,30.75,27690,34600,40890,50530,63960,,
99,U.S.,1,US,611000,Educational Services,"3-digit, ownership",2,53-1000,Supervisors of Transportation and Material Moving Workers,minor,770,0.9,,,0.04,3,31.04,64550,0.4,20.21,24.34,29.64,36.2,43.44,42040,50630,61640,75300,90350,,
99,U.S.,1,US,611000,Educational Services,"3-digit, ownership",2,53-1040,First-Line Supervisors of Transportation and Material Moving Workers,broad,770,0.9,,,0.04,3,31.04,64550,0.4,20.21,24.34,29.64,36.2,43.44,42040,50630,61640,75300,90350,,
99,U.S.,1,US,611000,Educational Services,"3-digit, ownership",2,53-1047,"First-Line Supervisors of Transportation and Material Moving Workers, Except Aircraft Cargo Handling Supervisors",detailed,770,0.9,,,0.04,3,31.03,64540,0.4,20.21,24.34,29.64,36.2,43.44,42040,50630,61640,75300,90350,,
99,U.S.,1,US,611000,Educational Services,"3-digit, ownership",2,53-2000,Air Transportation Workers,minor,300,8.1,,,0.01,1,*,89520,4.4,*,*,*,*,*,33490,41610,67220,101780,138380,TRUE,
99,U.S.,1,US,611000,Educational Services,"3-digit, ownership",2,53-2010,Aircraft Pilots and Flight Engineers,broad,260,8.8,,,0.01,1,*,94210,5,*,*,*,*,*,34960,48920,67310,105670,140080,TRUE,
99,U.S.,1,US,611000,Educational Services,"3-digit, ownership",2,53-2011,"Airline Pilots, Copilots, and Flight Engineers",detailed,60,4.2,,,0,~,*,163240,12.5,*,*,*,*,*,53440,66800,85950,215600,#,TRUE,
99,U.S.,1,US,611000,Educational Services,"3-digit, ownership",2,53-2012,Commercial Pilots,detailed,210,11.4,,,0.01,1,*,75740,3.1,*,*,*,*,*,33490,41610,66740,102900,134880,TRUE,
99,U.S.,1,US,611000,Educational Services,"3-digit, ownership",2,53-2020,Air Traffic Controllers and Airfield Operations Specialists,broad,40,6.8,,,0,~,27.69,57590,1.3,16.05,19.76,24.16,37.34,41.8,33390,41100,50250,77680,86940,,
99,U.S.,1,US,611000,Educational Services,"3-digit, ownership",2,53-2022,Airfield Operations Specialists,detailed,40,7,,,0,~,27.78,57780,1.4,16.05,19.76,24.97,37.34,41.8,33390,41100,51930,77680,86940,,
99,U.S.,1,US,611000,Educational Services,"3-digit, ownership",2,53-3000,Motor Vehicle Operators,minor,3550,2.1,,,0.17,8,20.74,43140,0.5,14.16,16.56,19.77,23.35,27.89,29440,34450,41130,48570,58000,,
99,U.S.,1,US,611000,Educational Services,"3-digit, ownership",2,53-3030,Driver/Sales Workers and Truck Drivers,broad,880,0.7,,,0.04,2,23.14,48140,0.5,14,18.04,21.99,26.37,34.39,29120,37530,45750,54840,71530,,
99,U.S.,1,US,611000,Educational Services,"3-digit, ownership",2,53-3031,Driver/Sales Workers,detailed,60,1.1,,,0,~,23.54,48960,1.1,15.29,18.66,21.54,24.3,38.58,31790,38810,44800,50550,80250,,
99,U.S.,1,US,611000,Educational Services,"3-digit, ownership",2,53-3032,Heavy and Tractor-Trailer Truck Drivers,detailed,230,1.9,,,0.01,1,26.59,55310,0.9,15.6,19.1,27.54,30.24,40.74,32450,39720,57290,62910,84730,,
99,U.S.,1,US,611000,Educational Services,"3-digit, ownership",2,53-3033,Light Truck Drivers,detailed,580,0.9,,,0.03,2,21.72,45180,0.6,14,17.35,20.61,24.27,29.72,29120,36090,42860,50480,61820,,
99,U.S.,1,US,611000,Educational Services,"3-digit, ownership",2,53-3050,Passenger Vehicle Drivers,broad,2480,2.5,,,0.12,6,19.65,40870,0.6,14.04,16.06,18.82,22.81,25.6,29190,33400,39140,47450,53250,,
99,U.S.,1,US,611000,Educational Services,"3-digit, ownership",2,53-3051,"Bus Drivers, School",detailed,1130,5.6,,,0.05,4,20.21,42040,1.2,14.22,16.06,18.73,23.43,27.49,29580,33400,38960,48720,57170,,
99,U.S.,1,US,611000,Educational Services,"3-digit, ownership",2,53-3052,"Bus Drivers, Transit and Intercity",detailed,360,0.3,,,0.02,~,21.66,45050,0.3,18.2,19.92,22.59,23.05,23.35,37850,41440,46990,47930,48570,,
99,U.S.,1,US,611000,Educational Services,"3-digit, ownership",2,53-3053,Shuttle Drivers and Chauffeurs,detailed,990,0.8,,,0.05,2,18.29,38040,0.4,12.25,14.79,18.41,21.23,24.17,25490,30770,38280,44160,50280,,
99,U.S.,1,US,611000,Educational Services,"3-digit, ownership",2,53-3090,Miscellaneous Motor Vehicle Operators,broad,180,17.8,,,0.01,1,24.17,50270,2.8,18.43,20.57,23.76,28.31,29.43,38330,42790,49430,58880,61220,,
99,U.S.,1,US,611000,Educational Services,"3-digit, ownership",2,53-3099,"Motor Vehicle Operators, All Other",detailed,180,17.8,,,0.01,1,24.17,50270,2.8,18.43,20.57,23.76,28.31,29.43,38330,42790,49430,58880,61220,,
99,U.S.,1,US,611000,Educational Services,"3-digit, ownership",2,53-5000,Water Transportation Workers,minor,250,1.9,,,0.01,1,38.36,79780,0.4,22.54,29.13,37.57,46.31,52.65,46890,60590,78140,96320,109520,,
99,U.S.,1,US,611000,Educational Services,"3-digit, ownership",2,53-5010,Sailors and Marine Oilers,broad,50,7.5,,,0,~,29.43,61210,0.4,22.5,22.5,28.71,33.01,37.57,46800,46800,59720,68660,78140,,
99,U.S.,1,US,611000,Educational Services,"3-digit, ownership",2,53-5011,Sailors and Marine Oilers,detailed,50,7.5,,,0,~,29.43,61210,0.4,22.5,22.5,28.71,33.01,37.57,46800,46800,59720,68660,78140,,
99,U.S.,1,US,611000,Educational Services,"3-digit, ownership",2,53-5020,Ship and Boat Captains and Operators,broad,150,5,,,0.01,1,39.22,81580,0.9,22.56,30.99,37.56,46.8,55.33,46930,64450,78130,97350,115080,,
99,U.S.,1,US,611000,Educational Services,"3-digit, ownership",2,53-5021,"Captains, Mates, and Pilots of Water Vessels",detailed,140,4.6,,,0.01,1,39.68,82540,0.9,22.55,30.56,37.59,47.35,55.33,46910,63570,78190,98480,115080,,
99,U.S.,1,US,611000,Educational Services,"3-digit, ownership",2,53-5030,Ship Engineers,broad,50,1.4,,,0,~,45.13,93880,0.3,40.02,40.02,45.54,48.72,54.01,83240,83240,94730,101330,112340,,
99,U.S.,1,US,611000,Educational Services,"3-digit, ownership",2,53-5031,Ship Engineers,detailed,50,1.4,,,0,~,45.13,93880,0.3,40.02,40.02,45.54,48.72,54.01,83240,83240,94730,101330,112340,,
99,U.S.,1,US,611000,Educational Services,"3-digit, ownership",2,53-6000,Other Transportation Workers,minor,1320,3.1,,,0.06,7,19.18,39890,0.7,11.68,15.26,18.04,22.9,27.87,24280,31740,37530,47620,57980,,
99,U.S.,1,US,611000,Educational Services,"3-digit, ownership",2,53-6020,Parking Attendants,broad,1240,3.3,,,0.06,6,18.95,39420,0.8,11.68,15.25,17.84,22.9,27.87,24280,31730,37110,47620,57970,,
99,U.S.,1,US,611000,Educational Services,"3-digit, ownership",2,53-6021,Parking Attendants,detailed,1240,3.3,,,0.06,6,18.95,39420,0.8,11.68,15.25,17.84,22.9,27.87,24280,31730,37110,47620,57970,,
99,U.S.,1,US,611000,Educational Services,"3-digit, ownership",2,53-6030,Transportation Service Attendants,broad,30,5,,,0,~,23.89,49700,0.9,12.94,18.89,24.78,28.06,31.25,26920,39290,51540,58360,65010,,
99,U.S.,1,US,611000,Educational Services,"3-digit, ownership",2,53-6090,Miscellaneous Transportation Workers,broad,40,1.2,,,0,~,20.82,43300,0.5,16.49,16.81,18.04,22.06,28.29,34290,34960,37530,45880,58840,,
99,U.S.,1,US,611000,Educational Services,"3-digit, ownership",2,53-6099,"Transportation Workers, All Other",detailed,40,1.2,,,0,~,20.82,43300,0.5,16.49,16.81,18.04,22.06,28.29,34290,34960,37530,45880,58840,,
99,U.S.,1,US,611000,Educational Services,"3-digit, ownership",2,53-7000,Material Moving Workers,minor,5840,0.7,,,0.28,11,19.97,41530,0.4,12.3,16.15,18.92,23.2,28,25580,33600,39350,48250,58240,,
99,U.S.,1,US,611000,Educational Services,"3-digit, ownership",2,53-7050,Industrial Truck and Tractor Operators,broad,90,1.5,,,0,~,23.41,48700,1.1,16.68,18.96,22.45,24.7,28.35,34690,39450,46690,51380,58970,,
99,U.S.,1,US,611000,Educational Services,"3-digit, ownership",2,53-7051,Industrial Truck and Tractor Operators,detailed,90,1.5,,,0,~,23.41,48700,1.1,16.68,18.96,22.45,24.7,28.35,34690,39450,46690,51380,58970,,
99,U.S.,1,US,611000,Educational Services,"3-digit, ownership",2,53-7060,Laborers and Material Movers,broad,5540,0.8,,,0.27,11,19.89,41360,0.4,12.29,16.08,18.88,23.17,28,25560,33450,39260,48190,58230,,
99,U.S.,1,US,611000,Educational Services,"3-digit, ownership",2,53-7061,Cleaners of Vehicles and Equipment,detailed,50,1.1,,,0,~,19.53,40610,1.1,18.79,18.79,18.79,18.93,22.81,39080,39080,39080,39380,47440,,
99,U.S.,1,US,611000,Educational Services,"3-digit, ownership",2,53-7062,"Laborers and Freight, Stock, and Material Movers, Hand",detailed,3270,1.2,,,0.16,6,19.15,39830,0.6,11.26,14.38,18.41,22.74,28.08,23420,29910,38300,47310,58410,,
99,U.S.,1,US,611000,Educational Services,"3-digit, ownership",2,53-7065,Stockers and Order Fillers,detailed,2220,1,,,0.11,7,20.98,43640,0.5,16.8,17.91,19.36,23.64,26.93,34940,37260,40260,49160,56020,,
99,U.S.,1,US,611000,Educational Services,"3-digit, ownership",2,53-7080,Refuse and Recyclable Material Collectors,broad,180,0.8,,,0.01,1,19.91,41410,0.6,14.44,16.81,18.92,22.37,25.61,30030,34970,39360,46520,53260,,
99,U.S.,1,US,611000,Educational Services,"3-digit, ownership",2,53-7081,Refuse and Recyclable Material Collectors,detailed,180,0.8,,,0.01,1,19.91,41410,0.6,14.44,16.81,18.92,22.37,25.61,30030,34970,39360,46520,53260,,
99,U.S.,1,US,611000,Educational Services,"3-digit, ownership",3,00-0000,All Occupations,total,8320800,0,,,100,100,30.67,63790,0.3,14.78,19.14,28.24,37.38,49.58,30750,39800,58740,77750,103130,,
99,U.S.,1,US,611000,Educational Services,"3-digit, ownership",3,11-0000,Management Occupations,major,367440,0.7,,,4.42,91,56.78,118110,0.3,36.11,41.51,51.65,65.95,81.57,75100,86330,107420,137180,169660,,
99,U.S.,1,US,611000,Educational Services,"3-digit, ownership",3,11-1000,Top Executives,minor,19580,2.4,,,0.24,19,80.09,166590,1.4,41.6,56.78,73.54,97.38,#,86530,118100,152950,202550,#,,
99,U.S.,1,US,611000,Educational Services,"3-digit, ownership",3,11-1010,Chief Executives,broad,10800,3.4,,,0.13,13,89.91,187000,1.9,51.09,63.68,79.65,106.4,#,106260,132460,165670,221310,#,,
99,U.S.,1,US,611000,Educational Services,"3-digit, ownership",3,11-1011,Chief Executives,detailed,10800,3.4,,,0.13,13,89.91,187000,1.9,51.09,63.68,79.65,106.4,#,106260,132460,165670,221310,#,,
99,U.S.,1,US,611000,Educational Services,"3-digit, ownership",3,11-1020,General and Operations Managers,broad,8780,3.8,,,0.11,8,68.01,141460,0.9,35.9,48.53,63.76,83.52,103.16,74670,100930,132620,173710,214570,,
99,U.S.,1,US,611000,Educational Services,"3-digit, ownership",3,11-1021,General and Operations Managers,detailed,8780,3.8,,,0.11,8,68.01,141460,0.9,35.9,48.53,63.76,83.52,103.16,74670,100930,132620,173710,214570,,
99,U.S.,1,US,611000,Educational Services,"3-digit, ownership",3,11-2000,"Advertising, Marketing, Promotions, Public Relations, and Sales Managers",minor,3510,3.5,,,0.04,3,59.43,123620,0.9,36.63,45.46,57.65,69.2,84.27,76200,94570,119910,143940,175290,,
99,U.S.,1,US,611000,Educational Services,"3-digit, ownership",3,11-2020,Marketing and Sales Managers,broad,940,3.8,,,0.01,1,58.32,121300,1,35.2,43.46,54.53,67.12,84.27,73210,90390,113420,139600,175290,,
99,U.S.,1,US,611000,Educational Services,"3-digit, ownership",3,11-2021,Marketing Managers,detailed,850,4.2,,,0.01,1,57.89,120410,1.2,35.78,43.46,52.87,66.42,83.8,74430,90390,109960,138150,174300,,
99,U.S.,1,US,611000,Educational Services,"3-digit, ownership",3,11-2022,Sales Managers,detailed,90,8.4,,,0,~,62.19,129350,3,32.17,40.48,58.66,68.45,86.95,66920,84190,122000,142380,180850,,
99,U.S.,1,US,611000,Educational Services,"3-digit, ownership",3,11-2030,Public Relations and Fundraising Managers,broad,2560,4.9,,,0.03,2,59.87,124530,1.1,36.64,46.11,59.43,70,84.17,76220,95900,123620,145600,175070,,
99,U.S.,1,US,611000,Educational Services,"3-digit, ownership",3,11-2032,Public Relations Managers,detailed,1850,6.3,,,0.02,2,61.11,127110,1.4,38.83,47.91,60.13,70.76,84.07,80760,99640,125080,147180,174870,,
99,U.S.,1,US,611000,Educational Services,"3-digit, ownership",3,11-2033,Fundraising Managers,detailed,710,3,,,0.01,1,56.64,117800,1.7,31.18,40.86,51.92,67.81,86.92,64860,84990,107990,141050,180790,,
99,U.S.,1,US,611000,Educational Services,"3-digit, ownership",3,11-3000,Operations Specialties Managers,minor,42770,1.8,,,0.51,25,57.82,120260,0.6,32.91,42.4,54.96,69.52,84.83,68460,88190,114320,144600,176450,,
99,U.S.,1,US,611000,Educational Services,"3-digit, ownership",3,11-3010,Administrative Services and Facilities Managers,broad,15370,2.1,,,0.18,14,52.95,110140,1.1,29.08,37.49,49.33,64.14,81.62,60490,77990,102600,133410,169760,,
99,U.S.,1,US,611000,Educational Services,"3-digit, ownership",3,11-3012,Administrative Services Managers,detailed,7000,3,,,0.08,7,58.69,122070,1.9,30.58,40.06,54.58,72.85,93.82,63610,83320,113520,151530,195150,,
99,U.S.,1,US,611000,Educational Services,"3-digit, ownership",3,11-3013,Facilities Managers,detailed,8370,2.7,,,0.1,9,48.15,100160,0.8,28.88,35.99,46.17,58.18,71.15,60070,74860,96030,121010,147990,,
99,U.S.,1,US,611000,Educational Services,"3-digit, ownership",3,11-3020,Computer and Information Systems Managers,broad,8880,2.9,,,0.11,9,59.03,122780,0.8,37.28,46.33,56.28,68.46,82.81,77540,96370,117070,142400,172250,,
99,U.S.,1,US,611000,Educational Services,"3-digit, ownership",3,11-3021,Computer and Information Systems Managers,detailed,8880,2.9,,,0.11,9,59.03,122780,0.8,37.28,46.33,56.28,68.46,82.81,77540,96370,117070,142400,172250,,
99,U.S.,1,US,611000,Educational Services,"3-digit, ownership",3,11-3030,Financial Managers,broad,8600,2.2,,,0.1,9,62.42,129840,0.7,38.06,48.68,61.08,74.99,88.53,79150,101260,127040,155990,184140,,
99,U.S.,1,US,611000,Educational Services,"3-digit, ownership",3,11-3031,Financial Managers,detailed,8600,2.2,,,0.1,9,62.42,129840,0.7,38.06,48.68,61.08,74.99,88.53,79150,101260,127040,155990,184140,,
99,U.S.,1,US,611000,Educational Services,"3-digit, ownership",3,11-3050,Industrial Production Managers,broad,30,44.1,,,0,~,45.63,94920,5.1,20.9,40.24,50.58,51.58,56.14,43470,83700,105210,107280,116770,,
99,U.S.,1,US,611000,Educational Services,"3-digit, ownership",3,11-3051,Industrial Production Managers,detailed,30,44.1,,,0,~,45.63,94920,5.1,20.9,40.24,50.58,51.58,56.14,43470,83700,105210,107280,116770,,
99,U.S.,1,US,611000,Educational Services,"3-digit, ownership",3,11-3060,Purchasing Managers,broad,620,4.1,,,0.01,1,56.01,116500,0.7,38.09,45.5,55.46,65.52,76.62,79220,94640,115360,136270,159380,,
99,U.S.,1,US,611000,Educational Services,"3-digit, ownership",3,11-3061,Purchasing Managers,detailed,620,4.1,,,0.01,1,56.01,116500,0.7,38.09,45.5,55.46,65.52,76.62,79220,94640,115360,136270,159380,,
99,U.S.,1,US,611000,Educational Services,"3-digit, ownership",3,11-3070,"Transportation, Storage, and Distribution Managers",broad,2600,3.4,,,0.03,3,46.01,95700,1,27.77,34.72,44.45,54.54,65.92,57760,72210,92460,113440,137110,,
99,U.S.,1,US,611000,Educational Services,"3-digit, ownership",3,11-3071,"Transportation, Storage, and Distribution Managers",detailed,2600,3.4,,,0.03,3,46.01,95700,1,27.77,34.72,44.45,54.54,65.92,57760,72210,92460,113440,137110,,
99,U.S.,1,US,611000,Educational Services,"3-digit, ownership",3,11-3110,Compensation and Benefits Managers,broad,390,8.1,,,0,~,58.57,121820,3.7,37.89,46.86,55.12,68.82,87.35,78810,97460,114650,143140,181690,,
99,U.S.,1,US,611000,Educational Services,"3-digit, ownership",3,11-3111,Compensation and Benefits Managers,detailed,390,8.1,,,0,~,58.57,121820,3.7,37.89,46.86,55.12,68.82,87.35,78810,97460,114650,143140,181690,,
99,U.S.,1,US,611000,Educational Services,"3-digit, ownership",3,11-3120,Human Resources Managers,broad,5790,3.2,,,0.07,6,67.52,140430,0.7,43.27,52.43,64.6,80.43,95.86,90010,109060,134370,167300,199400,,
99,U.S.,1,US,611000,Educational Services,"3-digit, ownership",3,11-3121,Human Resources Managers,detailed,5790,3.2,,,0.07,6,67.52,140430,0.7,43.27,52.43,64.6,80.43,95.86,90010,109060,134370,167300,199400,,
99,U.S.,1,US,611000,Educational Services,"3-digit, ownership",3,11-3130,Training and Development Managers,broad,490,3.9,,,0.01,1,58.27,121210,1.4,33.22,43.26,56.24,69.82,81.73,69110,89980,116980,145220,170010,,
99,U.S.,1,US,611000,Educational Services,"3-digit, ownership",3,11-3131,Training and Development Managers,detailed,490,3.9,,,0.01,1,58.27,121210,1.4,33.22,43.26,56.24,69.82,81.73,69110,89980,116980,145220,170010,,
99,U.S.,1,US,611000,Educational Services,"3-digit, ownership",3,11-9000,Other Management Occupations,minor,301580,0.7,,,3.62,90,55.09,114590,0.3,36.31,41.07,50.7,64.25,80.02,75530,85430,105450,133640,166430,,
99,U.S.,1,US,611000,Educational Services,"3-digit, ownership",3,11-9020,Construction Managers,broad,510,3.9,,,0.01,~,64.85,134890,1,41.06,50.52,62.98,73.3,85.41,85410,105070,130990,152460,177650,,
99,U.S.,1,US,611000,Educational Services,"3-digit, ownership",3,11-9021,Construction Managers,detailed,510,3.9,,,0.01,~,64.85,134890,1,41.06,50.52,62.98,73.3,85.41,85410,105070,130990,152460,177650,,
99,U.S.,1,US,611000,Educational Services,"3-digit, ownership",3,11-9030,Education and Childcare Administrators,broad,284480,0.7,,,3.42,89,55.4,115230,0.4,36.8,41.31,50.81,64.37,80.18,76540,85920,105680,133880,166780,,
99,U.S.,1,US,611000,Educational Services,"3-digit, ownership",3,11-9031,"Education and Childcare Administrators, Preschool and Daycare",detailed,2610,11.2,,,0.03,3,43.92,91360,3.6,22.82,30.85,42.92,53.18,65.48,47470,64180,89260,110600,136190,,
99,U.S.,1,US,611000,Educational Services,"3-digit, ownership",3,11-9032,"Education Administrators, Kindergarten through Secondary",detailed,254090,0.8,,,3.05,86,*,115600,0.4,*,*,*,*,*,77730,87120,106040,133910,166270,TRUE,
99,U.S.,1,US,611000,Educational Services,"3-digit, ownership",3,11-9033,"Education Administrators, Postsecondary",detailed,18150,0.9,,,0.22,2,57.06,118670,0.3,31.43,39.14,50.65,66.79,86.73,65380,81400,105350,138920,180400,,
99,U.S.,1,US,611000,Educational Services,"3-digit, ownership",3,11-9039,"Education Administrators, All Other",detailed,9630,4.2,,,0.12,7,50.7,105450,1.8,23.56,36.76,48.19,62.19,79.53,49000,76450,100240,129360,165410,,
99,U.S.,1,US,611000,Educational Services,"3-digit, ownership",3,11-9050,Food Service Managers,broad,4920,2.8,,,0.06,5,37.93,78890,1.1,19.04,25,36.55,47.22,58.28,39590,51990,76020,98220,121220,,
99,U.S.,1,US,611000,Educational Services,"3-digit, ownership",3,11-9051,Food Service Managers,detailed,4920,2.8,,,0.06,5,37.93,78890,1.1,19.04,25,36.55,47.22,58.28,39590,51990,76020,98220,121220,,
99,U.S.,1,US,611000,Educational Services,"3-digit, ownership",3,11-9070,Entertainment and Recreation Managers,broad,170,4.9,,,0,~,38.33,79730,2.5,21.53,27.76,38.11,45.75,54.16,44780,57740,79270,95160,112640,,
99,U.S.,1,US,611000,Educational Services,"3-digit, ownership",3,11-9072,"Entertainment and Recreation Managers, Except Gambling",detailed,170,4.9,,,0,~,38.33,79730,2.5,21.53,27.76,38.11,45.75,54.16,44780,57740,79270,95160,112640,,
99,U.S.,1,US,611000,Educational Services,"3-digit, ownership",3,11-9110,Medical and Health Services Managers,broad,960,2.6,,,0.01,1,60.67,126190,2.9,37.73,44.76,53.83,65.16,87.64,78470,93100,111960,135530,182300,,
99,U.S.,1,US,611000,Educational Services,"3-digit, ownership",3,11-9111,Medical and Health Services Managers,detailed,960,2.6,,,0.01,1,60.67,126190,2.9,37.73,44.76,53.83,65.16,87.64,78470,93100,111960,135530,182300,,
99,U.S.,1,US,611000,Educational Services,"3-digit, ownership",3,11-9120,Natural Sciences Managers,broad,60,4,,,0,~,57.36,119300,2.5,32.62,38.46,50.88,69.58,100.81,67850,80010,105840,144730,209680,,
99,U.S.,1,US,611000,Educational Services,"3-digit, ownership",3,11-9121,Natural Sciences Managers,detailed,60,4,,,0,~,57.36,119300,2.5,32.62,38.46,50.88,69.58,100.81,67850,80010,105840,144730,209680,,
99,U.S.,1,US,611000,Educational Services,"3-digit, ownership",3,11-9140,"Property, Real Estate, and Community Association Managers",broad,50,9.4,,,0,~,49.95,103900,1.2,28.84,37.03,57.34,57.34,69.54,59990,77030,119260,119260,144650,,
99,U.S.,1,US,611000,Educational Services,"3-digit, ownership",3,11-9141,"Property, Real Estate, and Community Association Managers",detailed,50,9.4,,,0,~,49.95,103900,1.2,28.84,37.03,57.34,57.34,69.54,59990,77030,119260,119260,144650,,
99,U.S.,1,US,611000,Educational Services,"3-digit, ownership",3,11-9150,Social and Community Service Managers,broad,1350,7,,,0.02,1,52.62,109450,2.2,30.78,38.34,49.96,65.52,77.65,64010,79750,103920,136280,161500,,
99,U.S.,1,US,611000,Educational Services,"3-digit, ownership",3,11-9151,Social and Community Service Managers,detailed,1350,7,,,0.02,1,52.62,109450,2.2,30.78,38.34,49.96,65.52,77.65,64010,79750,103920,136280,161500,,
99,U.S.,1,US,611000,Educational Services,"3-digit, ownership",3,11-9160,Emergency Management Directors,broad,140,5.3,,,0,~,47.04,97840,0.5,28.84,39.69,45.72,54.44,63.75,59990,82560,95090,113230,132590,,
99,U.S.,1,US,611000,Educational Services,"3-digit, ownership",3,11-9161,Emergency Management Directors,detailed,140,5.3,,,0,~,47.04,97840,0.5,28.84,39.69,45.72,54.44,63.75,59990,82560,95090,113230,132590,,
99,U.S.,1,US,611000,Educational Services,"3-digit, ownership",3,11-9170,Personal Service Managers,broad,50,9.4,,,0,~,28.88,60070,2.6,19.23,23.31,28.6,36.82,40.53,39990,48490,59490,76580,84300,,
99,U.S.,1,US,611000,Educational Services,"3-digit, ownership",3,11-9179,"Personal Service Managers, All Other",detailed,50,9.4,,,0,~,28.88,60070,2.6,19.23,23.31,28.6,36.82,40.53,39990,48490,59490,76580,84300,,
99,U.S.,1,US,611000,Educational Services,"3-digit, ownership",3,11-9190,Miscellaneous Managers,broad,8850,6.9,,,0.11,5,54.53,113410,1.1,30.09,40.7,53,64.98,78.67,62590,84650,110240,135150,163620,,
99,U.S.,1,US,611000,Educational Services,"3-digit, ownership",3,11-9199,"Managers, All Other",detailed,8850,6.9,,,0.11,5,54.53,113410,1.1,30.09,40.7,53,64.98,78.67,62590,84650,110240,135150,163620,,
99,U.S.,1,US,611000,Educational Services,"3-digit, ownership",3,13-0000,Business and Financial Operations Occupations,major,112390,1.4,,,1.35,33,37.03,77030,0.4,21.2,27.63,35.58,44.67,54.14,44090,57470,74010,92910,112610,,
99,U.S.,1,US,611000,Educational Services,"3-digit, ownership",3,13-1000,Business Operations Specialists,minor,90650,1.4,,,1.09,25,37.05,77070,0.5,20.11,26.97,35.6,45.1,55.46,41830,56090,74060,93800,115360,,
99,U.S.,1,US,611000,Educational Services,"3-digit, ownership",3,13-1020,Buyers and Purchasing Agents,broad,3690,2.9,,,0.04,3,33.53,69740,1,22.11,26.17,31.95,39,47.72,45980,54430,66460,81120,99260,,
99,U.S.,1,US,611000,Educational Services,"3-digit, ownership",3,13-1020,Buyers and Purchasing Agents,detailed,3690,2.9,,,0.04,3,33.53,69740,1,22.11,26.17,31.95,39,47.72,45980,54430,66460,81120,99260,,
99,U.S.,1,US,611000,Educational Services,"3-digit, ownership",3,13-1030,"Claims Adjusters, Appraisers, Examiners, and Investigators",broad,50,7.9,,,0,~,42.69,88800,2.6,26.87,33.95,38.15,47.83,66.93,55900,70620,79350,99480,139220,,
99,U.S.,1,US,611000,Educational Services,"3-digit, ownership",3,13-1031,"Claims Adjusters, Examiners, and Investigators",detailed,50,7.9,,,0,~,42.69,88800,2.6,26.87,33.95,38.15,47.83,66.93,55900,70620,79350,99480,139220,,
99,U.S.,1,US,611000,Educational Services,"3-digit, ownership",3,13-1040,Compliance Officers,broad,4600,4.2,,,0.06,3,35.91,74690,1.3,22.2,27.81,34.94,41.65,51.25,46170,57850,72680,86640,106590,,
99,U.S.,1,US,611000,Educational Services,"3-digit, ownership",3,13-1041,Compliance Officers,detailed,4600,4.2,,,0.06,3,35.91,74690,1.3,22.2,27.81,34.94,41.65,51.25,46170,57850,72680,86640,106590,,
99,U.S.,1,US,611000,Educational Services,"3-digit, ownership",3,13-1070,Human Resources Workers,broad,16060,1.8,,,0.19,10,34.73,72240,0.5,22.14,26.04,32.05,40.12,50.35,46060,54170,66660,83440,104730,,
99,U.S.,1,US,611000,Educational Services,"3-digit, ownership",3,13-1071,Human Resources Specialists,detailed,15680,1.8,,,0.19,10,34.5,71760,0.5,22.12,25.83,31.84,39.76,50.15,46010,53730,66230,82700,104300,,
99,U.S.,1,US,611000,Educational Services,"3-digit, ownership",3,13-1075,Labor Relations Specialists,detailed,380,4.9,,,0,~,44.28,92090,1.5,25.38,33.98,42.23,52.74,62.2,52790,70670,87840,109700,129380,,
99,U.S.,1,US,611000,Educational Services,"3-digit, ownership",3,13-1080,Logisticians and Project Management Specialists,broad,4440,2.7,,,0.05,2,44.05,91630,1,25.9,32.45,40.29,51.78,65.3,53880,67490,83800,107710,135820,,
99,U.S.,1,US,611000,Educational Services,"3-digit, ownership",3,13-1081,Logisticians,detailed,260,14.5,,,0,~,34.16,71050,1.7,21.25,25.96,32.76,37.71,51.78,44190,53990,68140,78430,107710,,
99,U.S.,1,US,611000,Educational Services,"3-digit, ownership",3,13-1082,Project Management Specialists,detailed,4180,2.7,,,0.05,2,44.68,92920,1,26.29,33.2,40.98,52.16,65.3,54680,69050,85230,108490,135830,,
99,U.S.,1,US,611000,Educational Services,"3-digit, ownership",3,13-1110,Management Analysts,broad,2300,3,,,0.03,1,47.73,99280,2.2,27.35,31.7,41.91,53.14,66.4,56880,65930,87170,110520,138100,,
99,U.S.,1,US,611000,Educational Services,"3-digit, ownership",3,13-1111,Management Analysts,detailed,2300,3,,,0.03,1,47.73,99280,2.2,27.35,31.7,41.91,53.14,66.4,56880,65930,87170,110520,138100,,
99,U.S.,1,US,611000,Educational Services,"3-digit, ownership",3,13-1120,"Meeting, Convention, and Event Planners",broad,940,3.1,,,0.01,1,28.92,60160,1.2,17.12,21.56,27.4,35.66,42.19,35600,44850,56990,74170,87740,,
99,U.S.,1,US,611000,Educational Services,"3-digit, ownership",3,13-1121,"Meeting, Convention, and Event Planners",detailed,940,3.1,,,0.01,1,28.92,60160,1.2,17.12,21.56,27.4,35.66,42.19,35600,44850,56990,74170,87740,,
99,U.S.,1,US,611000,Educational Services,"3-digit, ownership",3,13-1130,Fundraisers,broad,1740,26,,,0.02,1,39.31,81760,5.7,24.62,29.95,40.2,50,50,51210,62290,83620,104000,104000,,
99,U.S.,1,US,611000,Educational Services,"3-digit, ownership",3,13-1131,Fundraisers,detailed,1740,26,,,0.02,1,39.31,81760,5.7,24.62,29.95,40.2,50,50,51210,62290,83620,104000,104000,,
99,U.S.,1,US,611000,Educational Services,"3-digit, ownership",3,13-1140,"Compensation, Benefits, and Job Analysis Specialists",broad,3090,3.2,,,0.04,3,34.53,71820,0.9,22.64,27.09,32.96,40.23,49.38,47100,56350,68550,83670,102710,,
99,U.S.,1,US,611000,Educational Services,"3-digit, ownership",3,13-1141,"Compensation, Benefits, and Job Analysis Specialists",detailed,3090,3.2,,,0.04,3,34.53,71820,0.9,22.64,27.09,32.96,40.23,49.38,47100,56350,68550,83670,102710,,
99,U.S.,1,US,611000,Educational Services,"3-digit, ownership",3,13-1150,Training and Development Specialists,broad,9280,2.8,,,0.11,6,40.67,84590,2.1,24.16,30.25,37.36,48.32,61.08,50250,62920,77700,100500,127050,,
99,U.S.,1,US,611000,Educational Services,"3-digit, ownership",3,13-1151,Training and Development Specialists,detailed,9280,2.8,,,0.11,6,40.67,84590,2.1,24.16,30.25,37.36,48.32,61.08,50250,62920,77700,100500,127050,,
99,U.S.,1,US,611000,Educational Services,"3-digit, ownership",3,13-1160,Market Research Analysts and Marketing Specialists,broad,1480,3.3,,,0.02,1,32.43,67450,0.8,20.7,24.87,31.2,37.2,45.39,43050,51730,64890,77370,94400,,
99,U.S.,1,US,611000,Educational Services,"3-digit, ownership",3,13-1161,Market Research Analysts and Marketing Specialists,detailed,1480,3.3,,,0.02,1,32.43,67450,0.8,20.7,24.87,31.2,37.2,45.39,43050,51730,64890,77370,94400,,
99,U.S.,1,US,611000,Educational Services,"3-digit, ownership",3,13-1190,Miscellaneous Business Operations Specialists,broad,42950,2.3,,,0.52,10,36.69,76310,0.8,18,24.4,35.85,45.67,58.22,37440,50750,74570,95000,121100,,
99,U.S.,1,US,611000,Educational Services,"3-digit, ownership",3,13-1199,"Business Operations Specialists, All Other",detailed,42950,2.3,,,0.52,10,36.69,76310,0.8,18,24.4,35.85,45.67,58.22,37440,50750,74570,95000,121100,,
99,U.S.,1,US,611000,Educational Services,"3-digit, ownership",3,13-2000,Financial Specialists,minor,21740,2.1,,,0.26,15,36.96,76880,0.6,23.28,29.07,35.5,43.07,52.16,48410,60470,73830,89580,108490,,
99,U.S.,1,US,611000,Educational Services,"3-digit, ownership",3,13-2010,Accountants and Auditors,broad,15070,2.7,,,0.18,14,37.8,78620,0.7,24.39,29.79,36.12,43.41,52.36,50730,61970,75130,90290,108910,,
99,U.S.,1,US,611000,Educational Services,"3-digit, ownership",3,13-2011,Accountants and Auditors,detailed,15070,2.7,,,0.18,14,37.8,78620,0.7,24.39,29.79,36.12,43.41,52.36,50730,61970,75130,90290,108910,,
99,U.S.,1,US,611000,Educational Services,"3-digit, ownership",3,13-2020,Property Appraisers and Assessors,broad,40,38.9,,,0,~,32.3,67190,5.3,25.45,26.43,28.84,36.48,47.51,52930,54980,59990,75870,98820,,
99,U.S.,1,US,611000,Educational Services,"3-digit, ownership",3,13-2020,Property Appraisers and Assessors,detailed,40,38.9,,,0,~,32.3,67190,5.3,25.45,26.43,28.84,36.48,47.51,52930,54980,59990,75870,98820,,
99,U.S.,1,US,611000,Educational Services,"3-digit, ownership",3,13-2030,Budget Analysts,broad,1810,3.5,,,0.02,1,39.75,82680,1,26.87,32.07,38.13,47.31,52.24,55880,66700,79310,98410,108660,,
99,U.S.,1,US,611000,Educational Services,"3-digit, ownership",3,13-2031,Budget Analysts,detailed,1810,3.5,,,0.02,1,39.75,82680,1,26.87,32.07,38.13,47.31,52.24,55880,66700,79310,98410,108660,,
99,U.S.,1,US,611000,Educational Services,"3-digit, ownership",3,13-2050,Financial Analysts and Advisors,broad,920,3.5,,,0.01,1,41.79,86920,0.7,27.99,31.73,38.78,49.96,60.76,58210,66000,80660,103920,126390,,
99,U.S.,1,US,611000,Educational Services,"3-digit, ownership",3,13-2051,Financial and Investment Analysts,detailed,630,4.7,,,0.01,~,42.28,87930,0.8,29.65,33.55,38.94,50.03,59.99,61670,69780,80980,104070,124780,,
99,U.S.,1,US,611000,Educational Services,"3-digit, ownership",3,13-2052,Personal Financial Advisors,detailed,40,11.7,,,0,~,27.77,57760,3.1,17.83,19.39,23.78,31.4,40.55,37090,40340,49470,65310,84340,,
99,U.S.,1,US,611000,Educational Services,"3-digit, ownership",3,13-2054,Financial Risk Specialists,detailed,240,2.6,,,0,~,43.11,89660,0.6,29.64,31.96,40.42,52.58,62.62,61660,66470,84070,109360,130250,,
99,U.S.,1,US,611000,Educational Services,"3-digit, ownership",3,13-2070,Credit Counselors and Loan Officers,broad,2790,5.3,,,0.03,1,31.57,65670,3.1,19.16,23.15,29.66,38.31,48.12,39860,48160,61690,79680,100090,,
99,U.S.,1,US,611000,Educational Services,"3-digit, ownership",3,13-2071,Credit Counselors,detailed,2430,1.2,,,0.03,1,30.21,62840,0.3,18.76,22.98,29.05,36.74,44.88,39010,47800,60420,76410,93340,,
99,U.S.,1,US,611000,Educational Services,"3-digit, ownership",3,13-2072,Loan Officers,detailed,360,41.6,,,0,~,40.71,84670,11.7,22.53,29.87,42.58,52.33,52.33,46870,62120,88560,108840,108840,,
99,U.S.,1,US,611000,Educational Services,"3-digit, ownership",3,13-2090,Miscellaneous Financial Specialists,broad,1110,4.3,,,0.01,1,30.73,63920,0.9,18.07,22.98,28.99,37.17,44.91,37590,47800,60300,77320,93400,,
99,U.S.,1,US,611000,Educational Services,"3-digit, ownership",3,13-2099,"Financial Specialists, All Other",detailed,1110,4.3,,,0.01,1,30.73,63920,0.9,18.07,22.98,28.99,37.17,44.91,37590,47800,60300,77320,93400,,
99,U.S.,1,US,611000,Educational Services,"3-digit, ownership",3,15-0000,Computer and Mathematical Occupations,major,89220,1.3,,,1.07,37,34.04,70800,0.4,19.58,24.06,31.37,40.8,51.1,40720,50050,65250,84860,106280,,
99,U.S.,1,US,611000,Educational Services,"3-digit, ownership",3,15-1200,Computer Occupations,minor,86060,1.3,,,1.03,36,33.85,70410,0.4,19.4,23.87,31.17,40.63,51.06,40340,49650,64830,84510,106210,,
99,U.S.,1,US,611000,Educational Services,"3-digit, ownership",3,15-1210,Computer and Information Analysts,broad,5950,3.4,,,0.07,3,44.17,91860,1.1,28.2,34.84,42.77,52.03,62.75,58660,72470,88960,108220,130520,,
99,U.S.,1,US,611000,Educational Services,"3-digit, ownership",3,15-1211,Computer Systems Analysts,detailed,5210,3.6,,,0.06,3,44.39,92340,1.1,28.35,35.37,43.41,52.03,62.35,58970,73560,90290,108220,129690,,
99,U.S.,1,US,611000,Educational Services,"3-digit, ownership",3,15-1212,Information Security Analysts,detailed,730,5.4,,,0.01,1,42.54,88480,2.7,26.96,31.72,39.65,50.53,64.65,56070,65990,82480,105100,134470,,
99,U.S.,1,US,611000,Educational Services,"3-digit, ownership",3,15-1230,Computer Support Specialists,broad,52080,1.6,,,0.63,28,28.58,59450,0.4,17.85,22.2,27.39,33.94,40.83,37140,46170,56970,70600,84920,,
99,U.S.,1,US,611000,Educational Services,"3-digit, ownership",3,15-1231,Computer Network Support Specialists,detailed,9710,3.1,,,0.12,6,33.27,69190,0.9,21.53,25.06,31.35,38.6,48.2,44780,52120,65200,80290,100260,,
99,U.S.,1,US,611000,Educational Services,"3-digit, ownership",3,15-1232,Computer User Support Specialists,detailed,42370,1.8,,,0.51,24,27.51,57220,0.5,17.41,21.66,26.02,31.9,38.89,36210,45050,54130,66360,80890,,
99,U.S.,1,US,611000,Educational Services,"3-digit, ownership",3,15-1240,Database and Network Administrators and Architects,broad,17790,1.9,,,0.21,13,41.69,86710,0.6,26.9,32.66,39.82,48.57,59.47,55960,67940,82820,101020,123690,,
99,U.S.,1,US,611000,Educational Services,"3-digit, ownership",3,15-1241,Computer Network Architects,detailed,1220,5.9,,,0.01,1,48.07,99980,2.2,30.33,35.92,47.7,58.31,67.9,63090,74720,99220,121280,141230,,
99,U.S.,1,US,611000,Educational Services,"3-digit, ownership",3,15-1242,Database Administrators,detailed,2030,6.4,,,0.02,2,41.33,85960,1.8,23.83,31.4,39.9,48.57,60.2,49560,65310,82990,101020,125220,,
99,U.S.,1,US,611000,Educational Services,"3-digit, ownership",3,15-1243,Database Architects,detailed,230,9.9,,,0,~,45.72,95090,5.3,18.49,26.58,47.64,59.62,71.11,38460,55280,99090,124010,147920,,
99,U.S.,1,US,611000,Educational Services,"3-digit, ownership",3,15-1244,Network and Computer Systems Administrators,detailed,14320,2,,,0.17,11,41.13,85550,0.6,27.17,32.64,39.39,47.92,57.48,56520,67890,81920,99680,119550,,
99,U.S.,1,US,611000,Educational Services,"3-digit, ownership",3,15-1250,"Software and Web Developers, Programmers, and Testers",broad,5240,2.5,,,0.06,3,45.12,93850,0.8,28.03,34.24,41.97,53.43,64.54,58290,71230,87300,111140,134240,,
99,U.S.,1,US,611000,Educational Services,"3-digit, ownership",3,15-1251,Computer Programmers,detailed,1460,8.2,,,0.02,1,43.58,90640,1.2,28.81,33.8,40.35,52.75,61.21,59920,70310,83920,109710,127320,,
99,U.S.,1,US,611000,Educational Services,"3-digit, ownership",3,15-1252,Software Developers,detailed,2230,4,,,0.03,1,49.92,103840,1.4,31.03,38.25,49.14,60.02,70.42,64540,79550,102220,124850,146460,,
99,U.S.,1,US,611000,Educational Services,"3-digit, ownership",3,15-1253,Software Quality Assurance Analysts and Testers,detailed,280,6.4,,,0,~,40.58,84410,2,24.17,31.86,39.17,48.81,58.93,50270,66280,81480,101530,122580,,
99,U.S.,1,US,611000,Educational Services,"3-digit, ownership",3,15-1254,Web Developers,detailed,870,5.3,,,0.01,1,40.79,84850,1.6,24.71,31.85,39.1,47.5,59.19,51390,66240,81320,98790,123120,,
99,U.S.,1,US,611000,Educational Services,"3-digit, ownership",3,15-1255,Web and Digital Interface Designers,detailed,390,6.3,,,0,~,36.43,75760,4.2,23.49,27.09,33.61,42.82,52.9,48860,56350,69910,89070,110040,,
99,U.S.,1,US,611000,Educational Services,"3-digit, ownership",3,15-1290,Miscellaneous Computer Occupations,broad,4990,3.5,,,0.06,4,36.76,76450,0.9,21.06,27.83,35.27,43.99,54.01,43800,57880,73350,91500,112340,,
99,U.S.,1,US,611000,Educational Services,"3-digit, ownership",3,15-1299,"Computer Occupations, All Other",detailed,4990,3.5,,,0.06,4,36.76,76450,0.9,21.06,27.83,35.27,43.99,54.01,43800,57880,73350,91500,112340,,
99,U.S.,1,US,611000,Educational Services,"3-digit, ownership",3,15-2000,Mathematical Science Occupations,minor,3170,5.1,,,0.04,3,39.08,81290,2.8,24.98,30.42,37.05,45.5,52.41,51960,63270,77070,94650,109010,,
99,U.S.,1,US,611000,Educational Services,"3-digit, ownership",3,15-2030,Operations Research Analysts,broad,1380,9,,,0.02,1,38.23,79520,1.8,25.15,30.84,37.41,45.43,50.64,52310,64160,77820,94500,105320,,
99,U.S.,1,US,611000,Educational Services,"3-digit, ownership",3,15-2031,Operations Research Analysts,detailed,1380,9,,,0.02,1,38.23,79520,1.8,25.15,30.84,37.41,45.43,50.64,52310,64160,77820,94500,105320,,
99,U.S.,1,US,611000,Educational Services,"3-digit, ownership",3,15-2040,Statisticians,broad,300,4.5,,,0,~,39.69,82550,0.8,25.48,31.37,38.16,48.73,56.43,52990,65240,79380,101350,117360,,
99,U.S.,1,US,611000,Educational Services,"3-digit, ownership",3,15-2041,Statisticians,detailed,300,4.5,,,0,~,39.69,82550,0.8,25.48,31.37,38.16,48.73,56.43,52990,65240,79380,101350,117360,,
99,U.S.,1,US,611000,Educational Services,"3-digit, ownership",3,15-2050,Data Scientists,broad,1460,7.3,,,0.02,1,39.82,82830,5.3,24.46,30.08,36.72,45.3,54.26,50890,62570,76370,94210,112870,,
99,U.S.,1,US,611000,Educational Services,"3-digit, ownership",3,15-2051,Data Scientists,detailed,1460,7.3,,,0.02,1,39.82,82830,5.3,24.46,30.08,36.72,45.3,54.26,50890,62570,76370,94210,112870,,
99,U.S.,1,US,611000,Educational Services,"3-digit, ownership",3,17-0000,Architecture and Engineering Occupations,major,580,3.6,,,0.01,~,43.21,89880,1,25.8,32.94,42.89,52.81,61.03,53670,68520,89220,109840,126940,,
99,U.S.,1,US,611000,Educational Services,"3-digit, ownership",3,17-1000,"Architects, Surveyors, and Cartographers",minor,70,5.6,,,0,~,51.11,106310,1.1,30.31,42.27,53.88,60.75,66.78,63050,87910,112070,126360,138900,,
99,U.S.,1,US,611000,Educational Services,"3-digit, ownership",3,17-1010,"Architects, Except Naval",broad,50,4.6,,,0,~,57.37,119330,1.1,44.04,48.62,58.9,63.62,72.21,91610,101130,122520,132330,150190,,
99,U.S.,1,US,611000,Educational Services,"3-digit, ownership",3,17-1011,"Architects, Except Landscape and Naval",detailed,50,6.3,,,0,~,57.97,120570,1.8,44.04,48.93,59.94,63.62,72.21,91610,101780,124680,132330,150190,,
99,U.S.,1,US,611000,Educational Services,"3-digit, ownership",3,17-2000,Engineers,minor,310,3.2,,,0,~,47.09,97950,1.2,30.97,39.16,47.4,53.01,63.35,64430,81450,98600,110250,131770,,
99,U.S.,1,US,611000,Educational Services,"3-digit, ownership",3,17-2050,Civil Engineers,broad,100,5.7,,,0,~,48.62,101130,0.7,33.54,40.42,47.4,55.81,65.53,69770,84060,98600,116080,136300,,
99,U.S.,1,US,611000,Educational Services,"3-digit, ownership",3,17-2051,Civil Engineers,detailed,100,5.7,,,0,~,48.62,101130,0.7,33.54,40.42,47.4,55.81,65.53,69770,84060,98600,116080,136300,,
99,U.S.,1,US,611000,Educational Services,"3-digit, ownership",3,17-2070,Electrical and Electronics Engineers,broad,50,5.3,,,0,~,47.29,98350,0.9,33.02,39.68,47.51,52.39,65.08,68670,82540,98820,108970,135370,,
99,U.S.,1,US,611000,Educational Services,"3-digit, ownership",3,17-2071,Electrical Engineers,detailed,30,3.7,,,0,~,48.61,101100,0.6,33.02,42.64,50.47,52.39,65.08,68670,88700,104990,108970,135370,,
99,U.S.,1,US,611000,Educational Services,"3-digit, ownership",3,17-2140,Mechanical Engineers,broad,30,9.1,,,0,~,48.28,100410,0.7,33.22,44.2,51.03,51.97,63.35,69090,91930,106140,108110,131770,,
99,U.S.,1,US,611000,Educational Services,"3-digit, ownership",3,17-2141,Mechanical Engineers,detailed,30,9.1,,,0,~,48.28,100410,0.7,33.22,44.2,51.03,51.97,63.35,69090,91930,106140,108110,131770,,
99,U.S.,1,US,611000,Educational Services,"3-digit, ownership",3,17-2190,Miscellaneous Engineers,broad,80,5.7,,,0,~,45.9,95480,2,30.28,37.43,48.78,53,58.52,62990,77850,101450,110250,121720,,
99,U.S.,1,US,611000,Educational Services,"3-digit, ownership",3,17-2199,"Engineers, All Other",detailed,80,5.7,,,0,~,45.9,95480,2,30.28,37.43,48.78,53,58.52,62990,77850,101450,110250,121720,,
99,U.S.,1,US,611000,Educational Services,"3-digit, ownership",3,17-3000,"Drafters, Engineering Technicians, and Mapping Technicians",minor,190,8.2,,,0,~,34.25,71250,3.5,21.93,26.44,32.97,43.15,49.03,45620,55000,68580,89750,101990,,
99,U.S.,1,US,611000,Educational Services,"3-digit, ownership",3,17-3010,Drafters,broad,60,3.9,,,0,~,33.88,70460,0.4,19.42,27.01,34.08,40.01,47.23,40390,56180,70880,83220,98240,,
99,U.S.,1,US,611000,Educational Services,"3-digit, ownership",3,17-3011,Architectural and Civil Drafters,detailed,30,4.5,,,0,~,34.27,71270,0.4,19.42,27.01,34.08,42.5,47.23,40390,56180,70880,88410,98240,,
99,U.S.,1,US,611000,Educational Services,"3-digit, ownership",3,17-3020,"Engineering Technologists and Technicians, Except Drafters",broad,120,13.1,,,0,~,35.33,73490,5.3,20.69,26.89,34.72,44.01,49.5,43040,55940,72220,91540,102950,,
99,U.S.,1,US,611000,Educational Services,"3-digit, ownership",3,17-3023,Electrical and Electronic Engineering Technologists and Technicians,detailed,60,27.9,,,0,~,38.69,80480,8.4,24.34,31.33,39.85,49.03,49.03,50620,65170,82880,101990,101990,,
99,U.S.,1,US,611000,Educational Services,"3-digit, ownership",3,17-3029,"Engineering Technologists and Technicians, Except Drafters, All Other",detailed,40,3.1,,,0,~,27.91,58040,1.8,19.02,22.52,27.51,34.57,40.37,39570,46850,57210,71910,83970,,
99,U.S.,1,US,611000,Educational Services,"3-digit, ownership",3,19-0000,"Life, Physical, and Social Science Occupations",major,58860,2.3,,,0.71,32,43.49,90460,0.7,28.25,33.38,40.19,50.78,62.67,58760,69440,83600,105620,130360,,
99,U.S.,1,US,611000,Educational Services,"3-digit, ownership",3,19-1000,Life Scientists,minor,1200,1.4,,,0.01,~,41.47,86260,0.9,29.53,31.31,38.96,47.86,55.04,61420,65120,81050,99540,114490,,
99,U.S.,1,US,611000,Educational Services,"3-digit, ownership",3,19-1010,Agricultural and Food Scientists,broad,70,12.4,,,0,~,33.84,70380,2.1,25.31,29.53,29.53,38.09,46.1,52640,61420,61420,79220,95880,,
99,U.S.,1,US,611000,Educational Services,"3-digit, ownership",3,19-1013,Soil and Plant Scientists,detailed,70,12.4,,,0,~,33.84,70380,2.1,25.31,29.53,29.53,38.09,46.1,52640,61420,61420,79220,95880,,
99,U.S.,1,US,611000,Educational Services,"3-digit, ownership",3,19-1020,Biological Scientists,broad,190,2.7,,,0,~,37.65,78310,1.3,21.53,29.37,37.27,48.74,52.85,44790,61080,77530,101390,109930,,
99,U.S.,1,US,611000,Educational Services,"3-digit, ownership",3,19-1021,Biochemists and Biophysicists,detailed,70,2.6,,,0,~,42.61,88620,0.9,28.61,36.02,39.13,48.74,48.74,59520,74930,81400,101390,101390,,
99,U.S.,1,US,611000,Educational Services,"3-digit, ownership",3,19-1022,Microbiologists,detailed,30,1,,,0,~,36.65,76230,0.6,23.93,30.19,37.75,37.94,50.45,49770,62780,78520,78910,104930,,
99,U.S.,1,US,611000,Educational Services,"3-digit, ownership",3,19-1023,Zoologists and Wildlife Biologists,detailed,40,9.3,,,0,~,29.37,61080,5.9,21.3,21.3,22.44,31.79,45.85,44300,44300,46670,66110,95360,,
99,U.S.,1,US,611000,Educational Services,"3-digit, ownership",3,19-1029,"Biological Scientists, All Other",detailed,50,2.3,,,0,~,38.65,80380,1.1,29.37,30.55,31.38,39.08,57.12,61080,63540,65270,81280,118810,,
99,U.S.,1,US,611000,Educational Services,"3-digit, ownership",3,19-1030,Conservation Scientists and Foresters,broad,70,4.6,,,0,~,35.02,72850,0.9,22.99,29.89,37.42,37.48,46.92,47820,62180,77820,77960,97590,,
99,U.S.,1,US,611000,Educational Services,"3-digit, ownership",3,19-1031,Conservation Scientists,detailed,30,6.3,,,0,~,32.83,68290,1.8,17.49,22.99,29.14,38.78,49.74,36370,47820,60620,80660,103460,,
99,U.S.,1,US,611000,Educational Services,"3-digit, ownership",3,19-1032,Foresters,detailed,40,4.1,,,0,~,37.01,76970,0.6,29.89,29.89,37.48,37.48,46.92,62180,62180,77960,77960,97590,,
99,U.S.,1,US,611000,Educational Services,"3-digit, ownership",3,19-1040,Medical Scientists,broad,810,1.7,,,0.01,~,43.5,90490,1.1,30.82,38.96,38.96,47.86,62.36,64100,81050,81050,99540,129710,,
99,U.S.,1,US,611000,Educational Services,"3-digit, ownership",3,19-1042,"Medical Scientists, Except Epidemiologists",detailed,790,0.4,,,0.01,~,43.81,91120,0.8,30.82,38.96,38.96,47.86,62.36,64100,81050,81050,99540,129710,,
99,U.S.,1,US,611000,Educational Services,"3-digit, ownership",3,19-1090,Miscellaneous Life Scientists,broad,60,1,,,0,~,42.29,87970,0.6,28.64,37.96,45.22,48.04,48.04,59570,78960,94060,99930,99930,,
99,U.S.,1,US,611000,Educational Services,"3-digit, ownership",3,19-1099,"Life Scientists, All Other",detailed,60,1,,,0,~,42.29,87970,0.6,28.64,37.96,45.22,48.04,48.04,59570,78960,94060,99930,99930,,
99,U.S.,1,US,611000,Educational Services,"3-digit, ownership",3,19-2000,Physical Scientists,minor,270,4.5,,,0,~,38.75,80600,1.2,28.68,30.6,38.21,46.21,48.91,59660,63640,79470,96120,101740,,
99,U.S.,1,US,611000,Educational Services,"3-digit, ownership",3,19-2030,Chemists and Materials Scientists,broad,40,3.1,,,0,~,39.37,81880,1.5,30.09,30.34,36.77,47.68,50.62,62590,63100,76490,99180,105290,,
99,U.S.,1,US,611000,Educational Services,"3-digit, ownership",3,19-2031,Chemists,detailed,40,2.5,,,0,~,39.14,81420,0.8,30.09,30.34,36.77,47.68,50.62,62590,63100,76490,99180,105290,,
99,U.S.,1,US,611000,Educational Services,"3-digit, ownership",3,19-2040,Environmental Scientists and Geoscientists,broad,120,9.6,,,0,~,37.1,77160,1.7,25.92,30.6,38.29,40.38,47.92,53910,63640,79640,83990,99670,,
99,U.S.,1,US,611000,Educational Services,"3-digit, ownership",3,19-2041,"Environmental Scientists and Specialists, Including Health",detailed,60,17.8,,,0,~,34.69,72160,2.7,24.63,28.68,32.32,39.04,49.7,51230,59660,67220,81200,103370,,
99,U.S.,1,US,611000,Educational Services,"3-digit, ownership",3,19-2042,"Geoscientists, Except Hydrologists and Geographers",detailed,60,3.4,,,0,~,39.68,82530,0.7,30.6,34.63,38.74,47.92,47.92,63640,72020,80580,99670,99670,,
99,U.S.,1,US,611000,Educational Services,"3-digit, ownership",3,19-2090,Miscellaneous Physical Scientists,broad,80,4.7,,,0,~,40.17,83540,1.3,29.83,30.84,37.84,44.86,57.59,62040,64140,78700,93300,119790,,
99,U.S.,1,US,611000,Educational Services,"3-digit, ownership",3,19-2099,"Physical Scientists, All Other",detailed,80,4.7,,,0,~,40.17,83540,1.3,29.83,30.84,37.84,44.86,57.59,62040,64140,78700,93300,119790,,
99,U.S.,1,US,611000,Educational Services,"3-digit, ownership",3,19-3000,Social Scientists and Related Workers,minor,53550,2.5,,,0.64,31,44.58,92730,0.7,29.45,35.23,41.38,51.82,63.4,61260,73270,86070,107780,131880,,
99,U.S.,1,US,611000,Educational Services,"3-digit, ownership",3,19-3030,Psychologists,broad,53320,2.5,,,0.64,31,44.59,92760,0.7,29.45,35.23,41.38,51.86,63.41,61260,73270,86070,107880,131900,,
99,U.S.,1,US,611000,Educational Services,"3-digit, ownership",3,19-3033,Clinical and Counseling Psychologists,detailed,450,23.1,,,0.01,1,45.27,94160,5.2,26.99,34.9,41.47,56.63,59.25,56130,72590,86250,117790,123250,,
99,U.S.,1,US,611000,Educational Services,"3-digit, ownership",3,19-3034,School Psychologists,detailed,52680,2.6,,,0.63,30,44.59,92760,0.7,29.47,35.24,41.43,51.81,63.44,61300,73290,86180,107760,131960,,
99,U.S.,1,US,611000,Educational Services,"3-digit, ownership",3,19-3039,"Psychologists, All Other",detailed,170,10,,,0,~,41.58,86480,4.3,25.34,29.41,38.28,49.49,65.89,52710,61170,79620,102950,137050,,
99,U.S.,1,US,611000,Educational Services,"3-digit, ownership",3,19-3090,Miscellaneous Social Scientists and Related Workers,broad,190,21.8,,,0,~,41.91,87170,3.2,29.16,34.44,39.53,48.02,50.45,60650,71630,82220,99870,104940,,
99,U.S.,1,US,611000,Educational Services,"3-digit, ownership",3,19-3099,"Social Scientists and Related Workers, All Other",detailed,180,22.3,,,0,~,42.22,87820,3.2,30.03,35.07,40.7,49.04,50.45,62450,72940,84650,101990,104940,,
99,U.S.,1,US,611000,Educational Services,"3-digit, ownership",3,19-4000,"Life, Physical, and Social Science Technicians",minor,2740,1.6,,,0.03,~,27.05,56260,0.6,18.92,22.76,24.2,29.64,37.16,39360,47330,50340,61660,77290,,
99,U.S.,1,US,611000,Educational Services,"3-digit, ownership",3,19-4010,Agricultural and Food Science Technicians,broad,150,6,,,0,~,24.21,50350,1.3,17.69,17.69,24.2,28.66,31.87,36800,36800,50340,59600,66280,,
99,U.S.,1,US,611000,Educational Services,"3-digit, ownership",3,19-4012,Agricultural Technicians,detailed,140,5.9,,,0,~,23.5,48880,1,17.69,17.69,24.2,27.91,28.66,36800,36800,50340,58060,59600,,
99,U.S.,1,US,611000,Educational Services,"3-digit, ownership",3,19-4020,Biological Technicians,broad,1350,1.8,,,0.02,~,25.79,53630,0.7,18.92,22.76,22.76,29.63,33.12,39360,47330,47330,61640,68890,,
99,U.S.,1,US,611000,Educational Services,"3-digit, ownership",3,19-4021,Biological Technicians,detailed,1350,1.8,,,0.02,~,25.79,53630,0.7,18.92,22.76,22.76,29.63,33.12,39360,47330,47330,61640,68890,,
99,U.S.,1,US,611000,Educational Services,"3-digit, ownership",3,19-4030,Chemical Technicians,broad,80,6.9,,,0,~,30.15,62700,0.7,17.58,22.44,29.99,34.51,39.13,36560,46670,62390,71770,81380,,
99,U.S.,1,US,611000,Educational Services,"3-digit, ownership",3,19-4031,Chemical Technicians,detailed,80,6.9,,,0,~,30.15,62700,0.7,17.58,22.44,29.99,34.51,39.13,36560,46670,62390,71770,81380,,
99,U.S.,1,US,611000,Educational Services,"3-digit, ownership",3,19-4040,Environmental Science and Geoscience Technicians,broad,40,0.6,,,0,~,27.28,56750,3.5,14.89,15.13,19.5,32.64,63.42,30970,31470,40550,67890,131910,,
99,U.S.,1,US,611000,Educational Services,"3-digit, ownership",3,19-4042,"Environmental Science and Protection Technicians, Including Health",detailed,40,4.7,,,0,~,28.85,60000,1.7,14.89,16.52,20.51,32.64,63.42,30970,34350,42660,67890,131910,,
99,U.S.,1,US,611000,Educational Services,"3-digit, ownership",3,19-4060,Social Science Research Assistants,broad,120,5.7,,,0,~,33.54,69760,2.7,17.75,24.41,28.45,37.15,56.74,36930,50770,59170,77280,118020,,
99,U.S.,1,US,611000,Educational Services,"3-digit, ownership",3,19-4061,Social Science Research Assistants,detailed,120,5.7,,,0,~,33.54,69760,2.7,17.75,24.41,28.45,37.15,56.74,36930,50770,59170,77280,118020,,
99,U.S.,1,US,611000,Educational Services,"3-digit, ownership",3,19-4090,"Miscellaneous Life, Physical, and Social Science Technicians",broad,970,3.9,,,0.01,~,28.25,58760,1.1,19.05,21.58,26.26,31.4,38.37,39620,44880,54620,65300,79800,,
99,U.S.,1,US,611000,Educational Services,"3-digit, ownership",3,19-4099,"Life, Physical, and Social Science Technicians, All Other",detailed,**,**,,,**,**,28.27,58790,1.1,19.05,21.58,26.26,31.4,38.37,39620,44880,54620,65300,79800,,
99,U.S.,1,US,611000,Educational Services,"3-digit, ownership",3,19-5000,Occupational Health and Safety Specialists and Technicians,minor,1110,3.9,,,0.01,1,34.72,72220,0.9,22.55,27.5,33.71,40.08,48.96,46900,57200,70110,83370,101840,,
99,U.S.,1,US,611000,Educational Services,"3-digit, ownership",3,19-5010,Occupational Health and Safety Specialists and Technicians,broad,1110,3.9,,,0.01,1,34.72,72220,0.9,22.55,27.5,33.71,40.08,48.96,46900,57200,70110,83370,101840,,
99,U.S.,1,US,611000,Educational Services,"3-digit, ownership",3,19-5011,Occupational Health and Safety Specialists,detailed,980,3.5,,,0.01,1,35.12,73060,1,22.7,27.5,34.22,41.1,49.53,47220,57200,71170,85490,103020,,
99,U.S.,1,US,611000,Educational Services,"3-digit, ownership",3,19-5012,Occupational Health and Safety Technicians,detailed,120,21,,,0,~,31.42,65360,4.3,21.25,27.41,31.14,37.05,38.3,44190,57000,64770,77060,79670,,
99,U.S.,1,US,611000,Educational Services,"3-digit, ownership",3,21-0000,Community and Social Service Occupations,major,268500,0.7,,,3.23,83,37.02,77000,0.4,22.57,28,35.37,44.12,54.62,46950,58240,73570,91770,113610,,
99,U.S.,1,US,611000,Educational Services,"3-digit, ownership",3,21-1000,"Counselors, Social Workers, and Other Community and Social Service Specialists",minor,267800,0.7,,,3.22,83,37.05,77060,0.4,22.58,28.03,35.4,44.19,54.69,46960,58300,73630,91910,113750,,
99,U.S.,1,US,611000,Educational Services,"3-digit, ownership",3,21-1010,Counselors,broad,191360,0.8,,,2.3,74,38.46,80000,0.4,23.68,29.27,36.62,45.76,56.98,49260,60890,76170,95180,118510,,
99,U.S.,1,US,611000,Educational Services,"3-digit, ownership",3,21-1012,"Educational, Guidance, and Career Counselors and Advisors",detailed,170860,0.8,,,2.05,71,38.83,80760,0.4,24.2,29.57,36.8,45.98,57.38,50330,61500,76550,95630,119340,,
99,U.S.,1,US,611000,Educational Services,"3-digit, ownership",3,21-1013,Marriage and Family Therapists,detailed,210,27.9,,,0,~,34.56,71880,14.4,16.65,17.34,35.33,44.07,51.28,34630,36060,73490,91670,106650,,
99,U.S.,1,US,611000,Educational Services,"3-digit, ownership",3,21-1015,Rehabilitation Counselors,detailed,570,9.8,,,0.01,~,26.54,55190,2.6,11.84,16.18,24.75,31.56,45.46,24640,33650,51480,65640,94550,,
99,U.S.,1,US,611000,Educational Services,"3-digit, ownership",3,21-1018,"Substance Abuse, Behavioral Disorder, and Mental Health Counselors",detailed,18640,4.6,,,0.22,10,35.34,73510,1.2,21.13,24.67,32.55,43.55,52.83,43950,51300,67700,90590,109880,,
99,U.S.,1,US,611000,Educational Services,"3-digit, ownership",3,21-1019,"Counselors, All Other",detailed,1090,14.4,,,0.01,1,41.26,85820,3.5,24.34,30.11,40.45,49.47,60.58,50620,62620,84130,102900,126000,,
99,U.S.,1,US,611000,Educational Services,"3-digit, ownership",3,21-1020,Social Workers,broad,57950,1.5,,,0.7,32,35.71,74270,0.8,21.86,26.48,33.35,42.48,53.09,45470,55070,69370,88360,110420,,
99,U.S.,1,US,611000,Educational Services,"3-digit, ownership",3,21-1021,"Child, Family, and School Social Workers",detailed,56040,1.5,,,0.67,31,35.78,74410,0.8,21.88,26.5,33.36,42.6,53.25,45520,55130,69400,88620,110750,,
99,U.S.,1,US,611000,Educational Services,"3-digit, ownership",3,21-1022,Healthcare Social Workers,detailed,540,5.9,,,0.01,~,38.34,79750,1.2,26.08,32.04,38.11,48.29,50.79,54240,66650,79280,100450,105650,,
99,U.S.,1,US,611000,Educational Services,"3-digit, ownership",3,21-1023,Mental Health and Substance Abuse Social Workers,detailed,840,7.2,,,0.01,1,33.47,69610,1.3,21.66,26.56,31.71,37.96,43.2,45060,55240,65950,78950,89850,,
99,U.S.,1,US,611000,Educational Services,"3-digit, ownership",3,21-1029,"Social Workers, All Other",detailed,530,14.6,,,0.01,1,29.59,61540,4.5,12.84,23.59,28.84,36.07,42.93,26720,49060,59990,75030,89290,,
99,U.S.,1,US,611000,Educational Services,"3-digit, ownership",3,21-1090,Miscellaneous Community and Social Service Specialists,broad,18490,3.1,,,0.22,14,26.6,55320,0.8,16.81,19.46,25.1,30.55,39.08,34960,40480,52210,63540,81280,,
99,U.S.,1,US,611000,Educational Services,"3-digit, ownership",3,21-1091,Health Education Specialists,detailed,460,11.2,,,0.01,~,32.91,68450,2.2,20.59,23.31,28.24,40.81,50.24,42840,48480,58740,84890,104500,,
99,U.S.,1,US,611000,Educational Services,"3-digit, ownership",3,21-1093,Social and Human Service Assistants,detailed,8620,3.5,,,0.1,6,23.55,48980,0.8,16.81,18.25,22.85,27.64,32.44,34960,37950,47530,57500,67480,,
99,U.S.,1,US,611000,Educational Services,"3-digit, ownership",3,21-1094,Community Health Workers,detailed,670,6.9,,,0.01,~,24.49,50940,3.7,14.95,14.95,21.97,29.83,40.15,31100,31100,45700,62050,83510,,
99,U.S.,1,US,611000,Educational Services,"3-digit, ownership",3,21-1099,"Community and Social Service Specialists, All Other",detailed,8730,5.7,,,0.1,8,29.43,61200,1.4,17.3,21.83,27.17,35.59,45.04,35980,45400,56520,74040,93670,,
99,U.S.,1,US,611000,Educational Services,"3-digit, ownership",3,21-2000,Religious Workers,minor,700,7.1,,,0.01,~,26.99,56130,2.3,21.58,22.99,25.15,30.59,35.85,44880,47820,52320,63630,74570,,
99,U.S.,1,US,611000,Educational Services,"3-digit, ownership",3,21-2010,Clergy,broad,**,**,,,**,**,21.1,43890,16.1,13.14,13.41,22.92,24.51,25.1,27330,27890,47670,50980,52220,,
99,U.S.,1,US,611000,Educational Services,"3-digit, ownership",3,21-2011,Clergy,detailed,**,**,,,**,**,21.1,43890,16.1,13.14,13.41,22.92,24.51,25.1,27330,27890,47670,50980,52220,,
99,U.S.,1,US,611000,Educational Services,"3-digit, ownership",3,21-2020,"Directors, Religious Activities and Education",broad,650,4,,,0.01,~,27.38,56960,0.7,22.34,22.99,25.15,30.59,35.85,46460,47820,52320,63630,74570,,
99,U.S.,1,US,611000,Educational Services,"3-digit, ownership",3,21-2021,"Directors, Religious Activities and Education",detailed,650,4,,,0.01,~,27.38,56960,0.7,22.34,22.99,25.15,30.59,35.85,46460,47820,52320,63630,74570,,
99,U.S.,1,US,611000,Educational Services,"3-digit, ownership",3,23-0000,Legal Occupations,major,1400,5.5,,,0.02,1,62.01,128980,2.1,29.96,43.56,60.49,77.42,99.61,62310,90600,125810,161030,207180,,
99,U.S.,1,US,611000,Educational Services,"3-digit, ownership",3,23-1000,"Lawyers, Judges, and Related Workers",minor,1160,6.8,,,0.01,1,67.22,139820,2.5,33.58,49.31,62.7,81.68,102.73,69850,102570,130420,169900,213680,,
99,U.S.,1,US,611000,Educational Services,"3-digit, ownership",3,23-1010,Lawyers and Judicial Law Clerks,broad,840,3.4,,,0.01,1,72.5,150800,2.1,37.85,52.98,70.63,88.29,108.17,78730,110190,146920,183640,224990,,
99,U.S.,1,US,611000,Educational Services,"3-digit, ownership",3,23-1011,Lawyers,detailed,840,3.4,,,0.01,1,72.5,150800,2.1,37.85,52.98,70.63,88.29,108.17,78730,110190,146920,183640,224990,,
99,U.S.,1,US,611000,Educational Services,"3-digit, ownership",3,23-1020,"Judges, Magistrates, and Other Judicial Workers",broad,330,22.4,,,0,~,53.71,111710,4.4,30.28,46.25,56.9,61.01,73.41,62980,96200,118350,126900,152690,,
99,U.S.,1,US,611000,Educational Services,"3-digit, ownership",3,23-1022,"Arbitrators, Mediators, and Conciliators",detailed,300,24.5,,,0,~,53.94,112190,4.8,30.28,46.25,56.9,61.01,73.41,62980,96200,118350,126900,152690,,
99,U.S.,1,US,611000,Educational Services,"3-digit, ownership",3,23-2000,Legal Support Workers,minor,240,3,,,0,~,36.59,76110,1.4,23.03,27.73,35.08,44.21,51.95,47910,57680,72970,91960,108060,,
99,U.S.,1,US,611000,Educational Services,"3-digit, ownership",3,23-2010,Paralegals and Legal Assistants,broad,190,3.2,,,0,~,35.91,74690,1.7,23.52,29,34.97,43.32,48.83,48920,60310,72740,90110,101570,,
99,U.S.,1,US,611000,Educational Services,"3-digit, ownership",3,23-2011,Paralegals and Legal Assistants,detailed,190,3.2,,,0,~,35.91,74690,1.7,23.52,29,34.97,43.32,48.83,48920,60310,72740,90110,101570,,
99,U.S.,1,US,611000,Educational Services,"3-digit, ownership",3,23-2090,Miscellaneous Legal Support Workers,broad,50,8.6,,,0,~,39.41,81970,5.4,20.42,22.21,41.88,52.54,57.99,42480,46190,87100,109270,120620,,
99,U.S.,1,US,611000,Educational Services,"3-digit, ownership",3,23-2099,"Legal Support Workers, All Other",detailed,40,4.8,,,0,~,42.74,88890,1.6,21.99,29.55,47.19,53.81,62.14,45730,61470,98160,111920,129240,,
99,U.S.,1,US,611000,Educational Services,"3-digit, ownership",3,25-0000,Educational Instruction and Library Occupations,major,5392850,0.2,,,64.81,98,31.2,64890,0.5,15,22,28.97,37.47,48.76,31200,45750,60260,77940,101420,,
99,U.S.,1,US,611000,Educational Services,"3-digit, ownership",3,25-1000,Postsecondary Teachers,minor,218390,0.2,,,2.62,3,*,109180,0.5,*,*,*,*,*,46860,62910,94800,137060,203150,TRUE,
99,U.S.,1,US,611000,Educational Services,"3-digit, ownership",3,25-1010,"Business Teachers, Postsecondary",broad,10730,1.1,,,0.13,1,*,108580,0.6,*,*,*,*,*,47140,64610,95410,135700,198710,TRUE,
99,U.S.,1,US,611000,Educational Services,"3-digit, ownership",3,25-1011,"Business Teachers, Postsecondary",detailed,10730,1.1,,,0.13,1,*,108580,0.6,*,*,*,*,*,47140,64610,95410,135700,198710,TRUE,
99,U.S.,1,US,611000,Educational Services,"3-digit, ownership",3,25-1020,"Math and Computer Science Teachers, Postsecondary",broad,18390,0.3,,,0.22,1,*,105280,0.5,*,*,*,*,*,46360,63130,91400,130750,199410,TRUE,
99,U.S.,1,US,611000,Educational Services,"3-digit, ownership",3,25-1021,"Computer Science Teachers, Postsecondary",detailed,6020,0.6,,,0.07,1,*,104640,0.5,*,*,*,*,*,43800,63360,87180,129700,195280,TRUE,
99,U.S.,1,US,611000,Educational Services,"3-digit, ownership",3,25-1022,"Mathematical Science Teachers, Postsecondary",detailed,12370,0.3,,,0.15,1,*,105590,0.5,*,*,*,*,*,46850,63010,93650,130750,199660,TRUE,
99,U.S.,1,US,611000,Educational Services,"3-digit, ownership",3,25-1030,"Engineering and Architecture Teachers, Postsecondary",broad,3970,0.6,,,0.05,1,*,117490,0.6,*,*,*,*,*,53200,74360,103600,156500,209460,TRUE,
99,U.S.,1,US,611000,Educational Services,"3-digit, ownership",3,25-1031,"Architecture Teachers, Postsecondary",detailed,790,0.7,,,0.01,~,*,122880,1.1,*,*,*,*,*,59730,75920,106330,175760,214740,TRUE,
99,U.S.,1,US,611000,Educational Services,"3-digit, ownership",3,25-1032,"Engineering Teachers, Postsecondary",detailed,3180,0.7,,,0.04,1,*,116160,0.5,*,*,*,*,*,51640,73690,103600,140210,203820,TRUE,
99,U.S.,1,US,611000,Educational Services,"3-digit, ownership",3,25-1040,"Life Sciences Teachers, Postsecondary",broad,9550,0.6,,,0.11,1,*,98560,0.6,*,*,*,*,*,46250,63190,86350,126040,169320,TRUE,
99,U.S.,1,US,611000,Educational Services,"3-digit, ownership",3,25-1041,"Agricultural Sciences Teachers, Postsecondary",detailed,950,1.8,,,0.01,~,*,84670,0.7,*,*,*,*,*,45980,60490,76820,102080,132630,TRUE,
99,U.S.,1,US,611000,Educational Services,"3-digit, ownership",3,25-1042,"Biological Science Teachers, Postsecondary",detailed,8380,0.6,,,0.1,1,*,99880,0.6,*,*,*,*,*,45410,63530,91500,126630,176780,TRUE,
99,U.S.,1,US,611000,Educational Services,"3-digit, ownership",3,25-1043,"Forestry and Conservation Science Teachers, Postsecondary",detailed,220,1.3,,,0,~,*,108410,0.7,*,*,*,*,*,58400,77920,98880,133540,160970,TRUE,
99,U.S.,1,US,611000,Educational Services,"3-digit, ownership",3,25-1050,"Physical Sciences Teachers, Postsecondary",broad,7720,0.6,,,0.09,1,*,120090,0.5,*,*,*,*,*,53340,76390,105160,153440,208070,TRUE,
99,U.S.,1,US,611000,Educational Services,"3-digit, ownership",3,25-1051,"Atmospheric, Earth, Marine, and Space Sciences Teachers, Postsecondary",detailed,2450,1.7,,,0.03,~,*,141670,0.6,*,*,*,*,*,60760,94810,130030,195660,218760,TRUE,
99,U.S.,1,US,611000,Educational Services,"3-digit, ownership",3,25-1052,"Chemistry Teachers, Postsecondary",detailed,3200,0.4,,,0.04,1,*,113010,0.5,*,*,*,*,*,51920,75960,102180,134290,198450,TRUE,
99,U.S.,1,US,611000,Educational Services,"3-digit, ownership",3,25-1053,"Environmental Science Teachers, Postsecondary",detailed,**,**,,,**,**,*,94170,0.7,*,*,*,*,*,51290,63680,78730,118910,163380,TRUE,
99,U.S.,1,US,611000,Educational Services,"3-digit, ownership",3,25-1054,"Physics Teachers, Postsecondary",detailed,**,**,,,**,**,*,109340,0.5,*,*,*,*,*,52090,70540,101330,132170,182760,TRUE,
99,U.S.,1,US,611000,Educational Services,"3-digit, ownership",3,25-1060,"Social Sciences Teachers, Postsecondary",broad,19660,0.4,,,0.24,1,*,114440,0.4,*,*,*,*,*,48040,65090,99990,160130,206220,TRUE,
99,U.S.,1,US,611000,Educational Services,"3-digit, ownership",3,25-1061,"Anthropology and Archeology Teachers, Postsecondary",detailed,760,0.8,,,0.01,~,*,126250,0.5,*,*,*,*,*,52030,78460,110110,177870,208050,TRUE,
99,U.S.,1,US,611000,Educational Services,"3-digit, ownership",3,25-1062,"Area, Ethnic, and Cultural Studies Teachers, Postsecondary",detailed,1090,0.5,,,0.01,~,*,118460,0.6,*,*,*,*,*,57460,75870,101710,170500,206350,TRUE,
99,U.S.,1,US,611000,Educational Services,"3-digit, ownership",3,25-1063,"Economics Teachers, Postsecondary",detailed,1270,0.8,,,0.02,~,*,119730,0.5,*,*,*,*,*,50070,67810,105390,169100,204210,TRUE,
99,U.S.,1,US,611000,Educational Services,"3-digit, ownership",3,25-1064,"Geography Teachers, Postsecondary",detailed,500,1,,,0.01,~,*,109900,0.9,*,*,*,*,*,40470,62560,100490,143480,196690,TRUE,
99,U.S.,1,US,611000,Educational Services,"3-digit, ownership",3,25-1065,"Political Science Teachers, Postsecondary",detailed,1940,1,,,0.02,1,*,112720,0.6,*,*,*,*,*,49010,69210,99330,135770,199720,TRUE,
99,U.S.,1,US,611000,Educational Services,"3-digit, ownership",3,25-1066,"Psychology Teachers, Postsecondary",detailed,5880,0.4,,,0.07,1,*,114680,0.5,*,*,*,*,*,48630,68330,102890,152100,201070,TRUE,
99,U.S.,1,US,611000,Educational Services,"3-digit, ownership",3,25-1067,"Sociology Teachers, Postsecondary",detailed,2110,0.7,,,0.03,1,*,111570,0.6,*,*,*,*,*,50200,72700,99940,137840,201490,TRUE,
99,U.S.,1,US,611000,Educational Services,"3-digit, ownership",3,25-1069,"Social Sciences Teachers, Postsecondary, All Other",detailed,6110,1.2,,,0.07,1,*,112800,0.5,*,*,*,*,*,45520,60290,86770,167740,214600,TRUE,
99,U.S.,1,US,611000,Educational Services,"3-digit, ownership",3,25-1070,"Health Teachers, Postsecondary",broad,28390,0.6,,,0.34,1,*,96970,0.6,*,*,*,*,*,46590,61200,78750,122400,181160,TRUE,
99,U.S.,1,US,611000,Educational Services,"3-digit, ownership",3,25-1071,"Health Specialties Teachers, Postsecondary",detailed,17160,0.7,,,0.21,1,*,99980,0.8,*,*,*,*,*,46000,60240,78300,124890,198850,TRUE,
99,U.S.,1,US,611000,Educational Services,"3-digit, ownership",3,25-1072,"Nursing Instructors and Teachers, Postsecondary",detailed,11240,1,,,0.14,1,*,92390,0.5,*,*,*,*,*,47450,62850,79320,105440,163180,TRUE,
99,U.S.,1,US,611000,Educational Services,"3-digit, ownership",3,25-1080,"Education and Library Science Teachers, Postsecondary",broad,6350,1,,,0.08,1,*,100410,0.8,*,*,*,*,*,44190,61710,82010,127770,193650,TRUE,
99,U.S.,1,US,611000,Educational Services,"3-digit, ownership",3,25-1081,"Education Teachers, Postsecondary",detailed,5890,1,,,0.07,1,*,99780,0.8,*,*,*,*,*,44190,61410,81080,127730,197700,TRUE,
99,U.S.,1,US,611000,Educational Services,"3-digit, ownership",3,25-1082,"Library Science Teachers, Postsecondary",detailed,460,1.5,,,0.01,~,*,108510,1.1,*,*,*,*,*,60360,71140,92970,129070,169070,TRUE,
99,U.S.,1,US,611000,Educational Services,"3-digit, ownership",3,25-1110,"Law, Criminal Justice, and Social Work Teachers, Postsecondary",broad,4950,1.5,,,0.06,1,*,108020,0.9,*,*,*,*,*,44380,63840,91600,136870,201190,TRUE,
99,U.S.,1,US,611000,Educational Services,"3-digit, ownership",3,25-1111,"Criminal Justice and Law Enforcement Teachers, Postsecondary",detailed,3640,2.2,,,0.04,1,*,109010,1,*,*,*,*,*,44600,63840,83080,136650,206920,TRUE,
99,U.S.,1,US,611000,Educational Services,"3-digit, ownership",3,25-1112,"Law Teachers, Postsecondary",detailed,580,3.5,,,0.01,~,*,110820,1.1,*,*,*,*,*,39690,52660,107970,164830,167600,TRUE,
99,U.S.,1,US,611000,Educational Services,"3-digit, ownership",3,25-1113,"Social Work Teachers, Postsecondary",detailed,730,2.7,,,0.01,~,*,100770,1.2,*,*,*,*,*,46030,68590,94990,125260,177700,TRUE,
99,U.S.,1,US,611000,Educational Services,"3-digit, ownership",3,25-1120,"Arts, Communications, History, and Humanities Teachers, Postsecondary",broad,43210,0.3,,,0.52,1,*,114850,0.5,*,*,*,*,*,47100,65430,100650,157490,205830,TRUE,
99,U.S.,1,US,611000,Educational Services,"3-digit, ownership",3,25-1121,"Art, Drama, and Music Teachers, Postsecondary",detailed,13420,0.3,,,0.16,1,*,116800,0.6,*,*,*,*,*,46980,62950,100070,165490,209590,TRUE,
99,U.S.,1,US,611000,Educational Services,"3-digit, ownership",3,25-1122,"Communications Teachers, Postsecondary",detailed,6480,0.8,,,0.08,1,*,116480,0.8,*,*,*,*,*,46070,66300,99950,159580,206770,TRUE,
99,U.S.,1,US,611000,Educational Services,"3-digit, ownership",3,25-1123,"English Language and Literature Teachers, Postsecondary",detailed,15150,0.3,,,0.18,1,*,113050,0.5,*,*,*,*,*,48720,68370,101170,134830,201670,TRUE,
99,U.S.,1,US,611000,Educational Services,"3-digit, ownership",3,25-1124,"Foreign Language and Literature Teachers, Postsecondary",detailed,3150,0.6,,,0.04,1,*,121000,0.5,*,*,*,*,*,49170,68350,105770,163950,210410,TRUE,
99,U.S.,1,US,611000,Educational Services,"3-digit, ownership",3,25-1125,"History Teachers, Postsecondary",detailed,3430,0.9,,,0.04,1,*,111350,1.1,*,*,*,*,*,46190,64840,99310,134810,202160,TRUE,
99,U.S.,1,US,611000,Educational Services,"3-digit, ownership",3,25-1126,"Philosophy and Religion Teachers, Postsecondary",detailed,1590,1.3,,,0.02,1,*,104210,0.7,*,*,*,*,*,46400,64430,96120,131720,189960,TRUE,
99,U.S.,1,US,611000,Educational Services,"3-digit, ownership",3,25-1190,Miscellaneous Postsecondary Teachers,broad,65460,0.6,,,0.79,2,*,111060,0.6,*,*,*,*,*,46190,60880,86320,157660,215990,TRUE,
99,U.S.,1,US,611000,Educational Services,"3-digit, ownership",3,25-1192,"Family and Consumer Sciences Teachers, Postsecondary",detailed,390,1.2,,,0,~,*,112840,0.7,*,*,*,*,*,47490,58750,98920,157880,232150,TRUE,
99,U.S.,1,US,611000,Educational Services,"3-digit, ownership",3,25-1193,"Recreation and Fitness Studies Teachers, Postsecondary",detailed,3020,0.8,,,0.04,1,*,125990,0.5,*,*,*,*,*,47890,73260,123540,169790,219760,TRUE,
99,U.S.,1,US,611000,Educational Services,"3-digit, ownership",3,25-1194,"Career/Technical Education Teachers, Postsecondary",detailed,23670,0.7,,,0.28,2,38.22,79490,0.5,22.04,25.16,32.85,46.73,62.54,45850,52330,68330,97200,130090,,
99,U.S.,1,US,611000,Educational Services,"3-digit, ownership",3,25-1199,"Postsecondary Teachers, All Other",detailed,38380,1,,,0.46,1,*,129330,0.7,*,*,*,*,*,46780,70870,126210,174830,229420,TRUE,
99,U.S.,1,US,611000,Educational Services,"3-digit, ownership",3,25-2000,"Preschool, Elementary, Middle, Secondary, and Special Education Teachers",minor,3426890,0.3,,,41.18,93,*,72420,0.5,*,*,*,*,*,47550,57530,63980,81260,103260,TRUE,
99,U.S.,1,US,611000,Educational Services,"3-digit, ownership",3,25-2010,Preschool and Kindergarten Teachers,broad,149620,1.3,,,1.8,53,31.96,66470,0.6,21.91,24.24,29.6,37.15,47.18,45580,50430,61570,77270,98130,,
99,U.S.,1,US,611000,Educational Services,"3-digit, ownership",3,25-2011,"Preschool Teachers, Except Special Education",detailed,52130,2.8,,,0.63,26,29.25,60840,0.8,18.54,23.12,28.66,33.78,40.77,38570,48090,59610,70270,84810,,
99,U.S.,1,US,611000,Educational Services,"3-digit, ownership",3,25-2012,"Kindergarten Teachers, Except Special Education",detailed,97490,1.4,,,1.17,44,*,69490,0.7,*,*,*,*,*,47490,52240,62720,79100,101050,TRUE,
99,U.S.,1,US,611000,Educational Services,"3-digit, ownership",3,25-2020,Elementary and Middle School Teachers,broad,1781170,0.6,,,21.41,87,*,71460,0.6,*,*,*,*,*,47320,56020,63300,80380,102750,TRUE,
99,U.S.,1,US,611000,Educational Services,"3-digit, ownership",3,25-2021,"Elementary School Teachers, Except Special Education",detailed,1223850,0.9,,,14.71,83,*,71560,0.6,*,*,*,*,*,47190,53600,63160,80570,103220,TRUE,
99,U.S.,1,US,611000,Educational Services,"3-digit, ownership",3,25-2022,"Middle School Teachers, Except Special and Career/Technical Education",detailed,543660,1.7,,,6.53,60,*,71310,0.8,*,*,*,*,*,47780,57670,63580,80030,101940,TRUE,
99,U.S.,1,US,611000,Educational Services,"3-digit, ownership",3,25-2023,"Career/Technical Education Teachers, Middle School",detailed,13660,3.7,,,0.16,8,*,69130,1.3,*,*,*,*,*,47660,56680,63820,78290,98430,TRUE,
99,U.S.,1,US,611000,Educational Services,"3-digit, ownership",3,25-2030,Secondary School Teachers,broad,1007400,1,,,12.11,62,*,74820,0.7,*,*,*,*,*,48130,59040,66340,84190,105030,TRUE,
99,U.S.,1,US,611000,Educational Services,"3-digit, ownership",3,25-2031,"Secondary School Teachers, Except Special and Career/Technical Education",detailed,909550,1.1,,,10.93,60,*,75290,0.7,*,*,*,*,*,48070,59050,66930,89720,106120,TRUE,
99,U.S.,1,US,611000,Educational Services,"3-digit, ownership",3,25-2032,"Career/Technical Education Teachers, Secondary School",detailed,97850,2.1,,,1.18,26,*,70400,0.8,*,*,*,*,*,48830,58890,63780,78340,98450,TRUE,
99,U.S.,1,US,611000,Educational Services,"3-digit, ownership",3,25-2050,Special Education Teachers,broad,488690,0.7,,,5.87,81,*,72780,0.5,*,*,*,*,*,48000,58180,64950,81950,103280,TRUE,
99,U.S.,1,US,611000,Educational Services,"3-digit, ownership",3,25-2051,"Special Education Teachers, Preschool",detailed,16370,5.7,,,0.2,10,*,67610,1,*,*,*,*,*,47720,54900,63020,78170,95620,TRUE,
99,U.S.,1,US,611000,Educational Services,"3-digit, ownership",3,25-2052,"Special Education Teachers, Kindergarten and Elementary School",detailed,217160,1.2,,,2.61,63,*,70590,0.6,*,*,*,*,*,47770,57630,63210,79710,100930,TRUE,
99,U.S.,1,US,611000,Educational Services,"3-digit, ownership",3,25-2057,"Special Education Teachers, Middle School",detailed,89520,2.4,,,1.08,38,*,72960,1,*,*,*,*,*,48500,58950,65580,82400,102910,TRUE,
99,U.S.,1,US,611000,Educational Services,"3-digit, ownership",3,25-2058,"Special Education Teachers, Secondary School",detailed,142560,1.5,,,1.71,39,*,76110,0.7,*,*,*,*,*,48640,58850,72830,93000,108470,TRUE,
99,U.S.,1,US,611000,Educational Services,"3-digit, ownership",3,25-2059,"Special Education Teachers, All Other",detailed,23090,5.7,,,0.28,10,*,75660,1.9,*,*,*,*,*,48300,59940,72800,93150,108730,TRUE,
99,U.S.,1,US,611000,Educational Services,"3-digit, ownership",3,25-3000,Other Teachers and Instructors,minor,491660,1.5,,,5.91,67,24.59,51150,1.2,13.14,16.05,21.3,28.64,37.78,27340,33380,44310,59560,78590,,
99,U.S.,1,US,611000,Educational Services,"3-digit, ownership",3,25-3010,"Adult Basic Education, Adult Secondary Education, and English as a Second Language Instructors",broad,19650,2.6,,,0.24,7,33.45,69580,0.8,21.12,24.54,29.62,38.87,49.02,43920,51050,61610,80850,101950,,
99,U.S.,1,US,611000,Educational Services,"3-digit, ownership",3,25-3011,"Adult Basic Education, Adult Secondary Education, and English as a Second Language Instructors",detailed,19650,2.6,,,0.24,7,33.45,69580,0.8,21.12,24.54,29.62,38.87,49.02,43920,51050,61610,80850,101950,,
99,U.S.,1,US,611000,Educational Services,"3-digit, ownership",3,25-3020,Self-Enrichment Teachers,broad,9320,5.1,,,0.11,5,33.72,70130,2.1,16.57,22.74,29.3,38.57,53,34470,47300,60940,80220,110250,,
99,U.S.,1,US,611000,Educational Services,"3-digit, ownership",3,25-3021,Self-Enrichment Teachers,detailed,9320,5.1,,,0.11,5,33.72,70130,2.1,16.57,22.74,29.3,38.57,53,34470,47300,60940,80220,110250,,
99,U.S.,1,US,611000,Educational Services,"3-digit, ownership",3,25-3030,"Substitute Teachers, Short-Term",broad,370710,1.8,,,4.46,47,22.29,46350,1.2,12.31,15.11,19,26.63,32.34,25610,31420,39510,55400,67270,,
99,U.S.,1,US,611000,Educational Services,"3-digit, ownership",3,25-3031,"Substitute Teachers, Short-Term",detailed,370710,1.8,,,4.46,47,22.29,46350,1.2,12.31,15.11,19,26.63,32.34,25610,31420,39510,55400,67270,,
99,U.S.,1,US,611000,Educational Services,"3-digit, ownership",3,25-3040,Tutors,broad,45620,3.4,,,0.55,18,23.51,48900,1.1,14.14,16.52,20.73,28.44,38.57,29410,34360,43120,59160,80230,,
99,U.S.,1,US,611000,Educational Services,"3-digit, ownership",3,25-3041,Tutors,detailed,45620,3.4,,,0.55,18,23.51,48900,1.1,14.14,16.52,20.73,28.44,38.57,29410,34360,43120,59160,80230,,
99,U.S.,1,US,611000,Educational Services,"3-digit, ownership",3,25-3090,Miscellaneous Teachers and Instructors,broad,46360,9.1,,,0.56,15,*,80040,3.5,*,*,*,*,*,42880,59280,76790,101990,124500,TRUE,
99,U.S.,1,US,611000,Educational Services,"3-digit, ownership",3,25-3099,"Teachers and Instructors, All Other",detailed,46360,9.1,,,0.56,15,*,80040,3.5,*,*,*,*,*,42880,59280,76790,101990,124500,TRUE,
99,U.S.,1,US,611000,Educational Services,"3-digit, ownership",3,25-4000,"Librarians, Curators, and Archivists",minor,60860,1.1,,,0.73,46,32.73,68070,0.7,17.7,23.9,30.55,38.42,49.21,36810,49720,63550,79920,102360,,
99,U.S.,1,US,611000,Educational Services,"3-digit, ownership",3,25-4010,"Archivists, Curators, and Museum Technicians",broad,190,11.2,,,0,~,30.76,63980,1.5,16.03,22.2,29.05,37.84,47.59,33340,46180,60410,78710,98980,,
99,U.S.,1,US,611000,Educational Services,"3-digit, ownership",3,25-4011,Archivists,detailed,50,13.3,,,0,~,33.19,69030,1.8,20.67,26.58,30.73,38.27,48.34,42990,55280,63920,79590,100540,,
99,U.S.,1,US,611000,Educational Services,"3-digit, ownership",3,25-4012,Curators,detailed,80,26.7,,,0,~,30.79,64050,3.1,16.13,22.74,28.65,36.27,47.23,33540,47300,59590,75440,98240,,
99,U.S.,1,US,611000,Educational Services,"3-digit, ownership",3,25-4013,Museum Technicians and Conservators,detailed,70,2.3,,,0,~,28.9,60120,0.4,13.98,18.08,29.02,36.25,47.59,29080,37610,60370,75390,98980,,
99,U.S.,1,US,611000,Educational Services,"3-digit, ownership",3,25-4020,Librarians and Media Collections Specialists,broad,47470,1.3,,,0.57,36,35.76,74390,0.7,22.69,28.32,33.99,41.4,51.15,47190,58900,70700,86110,106380,,
99,U.S.,1,US,611000,Educational Services,"3-digit, ownership",3,25-4022,Librarians and Media Collections Specialists,detailed,47470,1.3,,,0.57,36,35.76,74390,0.7,22.69,28.32,33.99,41.4,51.15,47190,58900,70700,86110,106380,,
99,U.S.,1,US,611000,Educational Services,"3-digit, ownership",3,25-4030,Library Technicians,broad,13210,2.7,,,0.16,13,21.84,45420,0.9,13.89,17.22,21.71,26.15,29.87,28880,35810,45150,54400,62130,,
99,U.S.,1,US,611000,Educational Services,"3-digit, ownership",3,25-4031,Library Technicians,detailed,13210,2.7,,,0.16,13,21.84,45420,0.9,13.89,17.22,21.71,26.15,29.87,28880,35810,45150,54400,62130,,
99,U.S.,1,US,611000,Educational Services,"3-digit, ownership",3,25-9000,Other Educational Instruction and Library Occupations,minor,1195060,0.5,,,14.36,93,*,40710,0.5,*,*,*,*,*,23630,29360,36220,46310,61390,TRUE,
99,U.S.,1,US,611000,Educational Services,"3-digit, ownership",3,25-9020,Farm and Home Management Educators,broad,170,13.9,,,0,~,30.57,63590,1.7,16.38,21.8,30.09,36.93,40.15,34070,45350,62590,76820,83500,,
99,U.S.,1,US,611000,Educational Services,"3-digit, ownership",3,25-9021,Farm and Home Management Educators,detailed,170,13.9,,,0,~,30.57,63590,1.7,16.38,21.8,30.09,36.93,40.15,34070,45350,62590,76820,83500,,
99,U.S.,1,US,611000,Educational Services,"3-digit, ownership",3,25-9030,Instructional Coordinators,broad,95140,1.2,,,1.14,37,39.24,81610,0.6,24.55,30.4,37.27,46.46,57.42,51060,63220,77530,96630,119420,,
99,U.S.,1,US,611000,Educational Services,"3-digit, ownership",3,25-9031,Instructional Coordinators,detailed,95140,1.2,,,1.14,37,39.24,81610,0.6,24.55,30.4,37.27,46.46,57.42,51060,63220,77530,96630,119420,,
99,U.S.,1,US,611000,Educational Services,"3-digit, ownership",3,25-9040,Teaching Assistants,broad,1058580,0.5,,,12.72,91,*,36230,0.5,*,*,*,*,*,23190,28960,35450,43320,48730,TRUE,
99,U.S.,1,US,611000,Educational Services,"3-digit, ownership",3,25-9044,"Teaching Assistants, Postsecondary",detailed,15900,0.5,,,0.19,1,*,48560,0.5,*,*,*,*,*,31060,36260,39380,61350,78170,TRUE,
99,U.S.,1,US,611000,Educational Services,"3-digit, ownership",3,25-9045,"Teaching Assistants, Except Postsecondary",detailed,1042680,0.5,,,12.53,90,*,36040,0.5,*,*,*,*,*,23160,28900,35370,43070,48540,TRUE,
99,U.S.,1,US,611000,Educational Services,"3-digit, ownership",3,25-9090,Miscellaneous Educational Instruction and Library Workers,broad,41180,2.1,,,0.49,16,29.41,61160,0.9,14.82,17.71,27.82,37.25,48.17,30820,36840,57870,77470,100190,,
99,U.S.,1,US,611000,Educational Services,"3-digit, ownership",3,25-9099,"Educational Instruction and Library Workers, All Other",detailed,41180,2.1,,,0.49,16,29.41,61160,0.9,14.82,17.71,27.82,37.25,48.17,30820,36840,57870,77470,100190,,
99,U.S.,1,US,611000,Educational Services,"3-digit, ownership",3,27-0000,"Arts, Design, Entertainment, Sports, and Media Occupations",major,74380,2.2,,,0.89,25,27.71,57630,1.2,12,17.44,24.08,34.04,45.44,24960,36280,50080,70810,94520,,
99,U.S.,1,US,611000,Educational Services,"3-digit, ownership",3,27-1000,Art and Design Workers,minor,1630,6.4,,,0.02,2,29.05,60410,1.5,18.01,22.5,28.62,34.99,42.21,37460,46810,59530,72780,87800,,
99,U.S.,1,US,611000,Educational Services,"3-digit, ownership",3,27-1010,Artists and Related Workers,broad,180,26.7,,,0,~,36.42,75760,1.9,25.94,30.26,35.05,41.65,49.42,53960,62940,72910,86630,102800,,
99,U.S.,1,US,611000,Educational Services,"3-digit, ownership",3,27-1011,Art Directors,detailed,110,21.6,,,0,~,39.36,81860,3.2,26.02,33.8,37.52,47.41,50.87,54120,70300,78040,98610,105820,,
99,U.S.,1,US,611000,Educational Services,"3-digit, ownership",3,27-1019,"Artists and Related Workers, All Other",detailed,**,**,,,**,**,33.47,69620,7.2,28.11,33.8,33.8,36.9,36.9,58480,70300,70310,76760,76760,,
99,U.S.,1,US,611000,Educational Services,"3-digit, ownership",3,27-1020,Designers,broad,1450,6,,,0.02,1,28.13,58500,1.4,17.39,21.83,27.31,34.16,39.86,36170,45400,56800,71060,82900,,
99,U.S.,1,US,611000,Educational Services,"3-digit, ownership",3,27-1024,Graphic Designers,detailed,1220,6.8,,,0.01,1,29.5,61360,1.1,19.62,23.37,28.68,34.73,40.31,40810,48600,59650,72230,83850,,
99,U.S.,1,US,611000,Educational Services,"3-digit, ownership",3,27-1027,Set and Exhibit Designers,detailed,190,17.9,,,0,~,18.35,38160,7.6,9.22,9.66,9.66,23.15,31.71,19170,20090,20090,48150,65960,,
99,U.S.,1,US,611000,Educational Services,"3-digit, ownership",3,27-2000,"Entertainers and Performers, Sports and Related Workers",minor,51400,2.8,,,0.62,16,26.04,54170,1.4,11.1,15.01,22.51,30.47,42.93,23080,31210,46820,63380,89290,,
99,U.S.,1,US,611000,Educational Services,"3-digit, ownership",3,27-2010,"Actors, Producers, and Directors",broad,970,9,,,0.01,1,35.14,73080,2.5,18.91,25.82,32.39,41.58,51.79,39330,53700,67370,86490,107730,,
99,U.S.,1,US,611000,Educational Services,"3-digit, ownership",3,27-2011,Actors,detailed,150,14.4,,,0,~,25.62,*,1.6,14.77,18.73,20.01,24.02,37.2,*,*,*,*,*,,TRUE
99,U.S.,1,US,611000,Educational Services,"3-digit, ownership",3,27-2012,Producers and Directors,detailed,820,10.2,,,0.01,1,36.84,76620,2.7,24,28.45,35.64,43.99,52.73,49920,59170,74130,91490,109680,,
99,U.S.,1,US,611000,Educational Services,"3-digit, ownership",3,27-2020,"Athletes, Coaches, Umpires, and Related Workers",broad,48700,2.9,,,0.59,15,*,53660,1.4,*,*,*,*,*,22730,31200,46630,62880,86780,TRUE,
99,U.S.,1,US,611000,Educational Services,"3-digit, ownership",3,27-2022,Coaches and Scouts,detailed,48360,3,,,0.58,15,*,53710,1.4,*,*,*,*,*,22730,31200,46630,62960,87110,TRUE,
99,U.S.,1,US,611000,Educational Services,"3-digit, ownership",3,27-2023,"Umpires, Referees, and Other Sports Officials",detailed,340,10.5,,,0,~,*,46320,2.5,*,*,*,*,*,26760,30700,41790,54830,74520,TRUE,
99,U.S.,1,US,611000,Educational Services,"3-digit, ownership",3,27-2030,Dancers and Choreographers,broad,90,17.8,,,0,~,24.25,50440,4.8,15.27,17.99,22.2,31,36.02,31770,37420,46180,64480,74930,,
99,U.S.,1,US,611000,Educational Services,"3-digit, ownership",3,27-2032,Choreographers,detailed,80,19,,,0,~,24.29,50530,5.2,15.27,17.99,22.2,31,36.02,31770,37420,46180,64480,74930,,
99,U.S.,1,US,611000,Educational Services,"3-digit, ownership",3,27-2040,"Musicians, Singers, and Related Workers",broad,1460,4.3,,,0.02,1,27.29,*,1.3,16,19.32,25.33,31.93,38.62,*,*,*,*,*,,TRUE
99,U.S.,1,US,611000,Educational Services,"3-digit, ownership",3,27-2041,Music Directors and Composers,detailed,400,10.9,,,0,~,29.77,61920,2.6,21.33,23.97,26.89,34.39,40.25,44370,49850,55920,71520,83720,,
99,U.S.,1,US,611000,Educational Services,"3-digit, ownership",3,27-2042,Musicians and Singers,detailed,1070,4.4,,,0.01,1,26.37,*,1.4,15.6,18.26,24.2,31.47,37.07,*,*,*,*,*,,TRUE
99,U.S.,1,US,611000,Educational Services,"3-digit, ownership",3,27-2090,"Miscellaneous Entertainers and Performers, Sports and Related Workers",broad,180,11.8,,,0,~,33.2,*,4.1,14.04,16,20.09,56.04,79.99,*,*,*,*,*,,TRUE
99,U.S.,1,US,611000,Educational Services,"3-digit, ownership",3,27-2099,"Entertainers and Performers, Sports and Related Workers, All Other",detailed,180,11.8,,,0,~,33.2,*,4.1,14.04,16,20.09,56.04,79.99,*,*,*,*,*,,TRUE
99,U.S.,1,US,611000,Educational Services,"3-digit, ownership",3,27-3000,Media and Communication Workers,minor,18450,3.8,,,0.22,11,31.94,66440,1,18.5,23.6,29.58,38.15,48.75,38480,49080,61520,79360,101400,,
99,U.S.,1,US,611000,Educational Services,"3-digit, ownership",3,27-3010,Broadcast Announcers and Radio Disc Jockeys,broad,110,13.7,,,0,~,26.08,54240,1,12.07,18.08,23.24,29.89,51.22,25100,37600,48340,62160,106530,,
99,U.S.,1,US,611000,Educational Services,"3-digit, ownership",3,27-3011,Broadcast Announcers and Radio Disc Jockeys,detailed,110,13.7,,,0,~,26.08,54240,1,12.07,18.08,23.24,29.89,51.22,25100,37600,48340,62160,106530,,
99,U.S.,1,US,611000,Educational Services,"3-digit, ownership",3,27-3030,Public Relations Specialists,broad,7300,3.6,,,0.09,6,34.4,71560,1.3,20.7,25.43,31.71,40.86,50.17,43050,52890,65950,84980,104360,,
99,U.S.,1,US,611000,Educational Services,"3-digit, ownership",3,27-3031,Public Relations Specialists,detailed,7300,3.6,,,0.09,6,34.4,71560,1.3,20.7,25.43,31.71,40.86,50.17,43050,52890,65950,84980,104360,,
99,U.S.,1,US,611000,Educational Services,"3-digit, ownership",3,27-3040,Writers and Editors,broad,590,4,,,0.01,1,36.98,76920,1.9,20.42,28.55,34.51,44.61,54.15,42470,59390,71770,92790,112640,,
99,U.S.,1,US,611000,Educational Services,"3-digit, ownership",3,27-3041,Editors,detailed,180,1.9,,,0,~,33.89,70480,1.3,14,21.59,35.01,43.31,54.52,29120,44900,72820,90070,113400,,
99,U.S.,1,US,611000,Educational Services,"3-digit, ownership",3,27-3042,Technical Writers,detailed,120,10.3,,,0,~,34.03,70780,1.1,23.69,29.19,33.31,36.65,44.34,49260,60720,69280,76230,92240,,
99,U.S.,1,US,611000,Educational Services,"3-digit, ownership",3,27-3043,Writers and Authors,detailed,290,7.7,,,0,~,40.12,83450,2.9,25.16,29.38,37.08,47.85,57.79,52320,61110,77130,99520,120200,,
99,U.S.,1,US,611000,Educational Services,"3-digit, ownership",3,27-3090,Miscellaneous Media and Communication Workers,broad,10430,6.1,,,0.13,6,30.01,62410,1,17.75,22.59,28.38,35.91,45.3,36930,46980,59030,74690,94220,,
99,U.S.,1,US,611000,Educational Services,"3-digit, ownership",3,27-3091,Interpreters and Translators,detailed,9850,6.5,,,0.12,6,29.7,61770,1.1,17.76,22.49,28.17,35.21,44.78,36940,46780,58600,73240,93140,,
99,U.S.,1,US,611000,Educational Services,"3-digit, ownership",3,27-3092,Court Reporters and Simultaneous Captioners,detailed,30,8.1,,,0,~,29.79,61970,3,17.66,17.66,27.72,42.4,46.6,36730,36730,57660,88200,96940,,
99,U.S.,1,US,611000,Educational Services,"3-digit, ownership",3,27-3099,"Media and Communication Workers, All Other",detailed,540,10.5,,,0.01,1,35.59,74030,1.6,18.27,26.54,36.84,44.81,53.1,37990,55200,76620,93200,110450,,
99,U.S.,1,US,611000,Educational Services,"3-digit, ownership",3,27-4000,Media and Communication Equipment Workers,minor,2900,5.1,,,0.03,2,29.51,61380,1.6,17.87,23.08,28.83,35.92,41.62,37170,48010,59970,74710,86570,,
99,U.S.,1,US,611000,Educational Services,"3-digit, ownership",3,27-4010,"Broadcast, Sound, and Lighting Technicians",broad,2400,5.6,,,0.03,2,28.92,60140,1.3,17.43,22.75,28.25,35.31,39.92,36250,47310,58760,73440,83040,,
99,U.S.,1,US,611000,Educational Services,"3-digit, ownership",3,27-4011,Audio and Video Technicians,detailed,2050,6,,,0.02,2,28.21,58680,1.4,17.32,22.12,27.17,35.16,38.7,36020,46000,56510,73130,80490,,
99,U.S.,1,US,611000,Educational Services,"3-digit, ownership",3,27-4012,Broadcast Technicians,detailed,260,3.7,,,0,~,33.96,70640,0.8,22.76,27.33,32.54,38.93,46.69,47350,56840,67680,80980,97110,,
99,U.S.,1,US,611000,Educational Services,"3-digit, ownership",3,27-4014,Sound Engineering Technicians,detailed,50,32.2,,,0,~,32.59,67780,1.2,22.19,29.52,32.97,36.58,46.27,46160,61410,68580,76090,96240,,
99,U.S.,1,US,611000,Educational Services,"3-digit, ownership",3,27-4015,Lighting Technicians,detailed,40,33.3,,,0,~,27.05,56270,8.9,17.85,19.62,29.78,32.06,32.06,37120,40820,61940,66690,66690,,
99,U.S.,1,US,611000,Educational Services,"3-digit, ownership",3,27-4020,Photographers,broad,90,1.6,,,0,~,30.92,64320,0.7,17.81,24.22,32.22,36.39,38.45,37030,50390,67020,75690,79980,,
99,U.S.,1,US,611000,Educational Services,"3-digit, ownership",3,27-4021,Photographers,detailed,90,1.6,,,0,~,30.92,64320,0.7,17.81,24.22,32.22,36.39,38.45,37030,50390,67020,75690,79980,,
99,U.S.,1,US,611000,Educational Services,"3-digit, ownership",3,27-4030,"Television, Video, and Film Camera Operators and Editors",broad,130,5.9,,,0,~,31.26,65010,1.1,21.1,25.23,29.66,36.74,45.01,43880,52480,61700,76410,93610,,
99,U.S.,1,US,611000,Educational Services,"3-digit, ownership",3,27-4031,"Camera Operators, Television, Video, and Film",detailed,90,8.3,,,0,~,30.78,64010,1.3,20.69,24.57,29.66,37.61,44.16,43040,51100,61700,78220,91860,,
99,U.S.,1,US,611000,Educational Services,"3-digit, ownership",3,27-4032,Film and Video Editors,detailed,40,10.9,,,0,~,32.25,67080,1,22.62,26.11,28.91,34.03,49.11,47040,54310,60130,70780,102160,,
99,U.S.,1,US,611000,Educational Services,"3-digit, ownership",3,27-4090,Miscellaneous Media and Communication Equipment Workers,broad,280,17.1,,,0,~,33.33,69320,6.4,20.39,23.42,29.54,42.73,51.93,42410,48710,61440,88870,108010,,
99,U.S.,1,US,611000,Educational Services,"3-digit, ownership",3,27-4099,"Media and Communication Equipment Workers, All Other",detailed,280,17.1,,,0,~,33.33,69320,6.4,20.39,23.42,29.54,42.73,51.93,42410,48710,61440,88870,108010,,
99,U.S.,1,US,611000,Educational Services,"3-digit, ownership",3,29-0000,Healthcare Practitioners and Technical Occupations,major,177940,0.7,,,2.14,65,38.54,80160,0.3,23.05,28.94,36.43,46.82,58.76,47940,60180,75770,97390,122210,,
99,U.S.,1,US,611000,Educational Services,"3-digit, ownership",3,29-1000,Healthcare Diagnosing or Treating Practitioners,minor,159700,0.7,,,1.92,61,39.62,82400,0.3,24.09,29.67,37.18,47.87,59.91,50110,61720,77340,99570,124620,,
99,U.S.,1,US,611000,Educational Services,"3-digit, ownership",3,29-1020,Dentists,broad,60,5.1,,,0,~,71.97,149690,1.6,39.99,63.49,72.23,84.13,105.05,83180,132070,150240,174990,218500,,
99,U.S.,1,US,611000,Educational Services,"3-digit, ownership",3,29-1021,"Dentists, General",detailed,60,5.1,,,0,~,71.97,149690,1.6,39.99,63.49,72.23,84.13,105.05,83180,132070,150240,174990,218500,,
99,U.S.,1,US,611000,Educational Services,"3-digit, ownership",3,29-1030,Dietitians and Nutritionists,broad,1510,13.4,,,0.02,1,31.36,65220,4.9,18.17,22.19,26.46,36.77,50.85,37790,46150,55030,76490,105770,,
99,U.S.,1,US,611000,Educational Services,"3-digit, ownership",3,29-1031,Dietitians and Nutritionists,detailed,1510,13.4,,,0.02,1,31.36,65220,4.9,18.17,22.19,26.46,36.77,50.85,37790,46150,55030,76490,105770,,
99,U.S.,1,US,611000,Educational Services,"3-digit, ownership",3,29-1050,Pharmacists,broad,340,0.4,,,0,~,83.15,172950,0.2,65.95,81.88,81.88,99.89,99.89,137170,170310,170310,207760,207760,,
99,U.S.,1,US,611000,Educational Services,"3-digit, ownership",3,29-1051,Pharmacists,detailed,340,0.4,,,0,~,83.15,172950,0.2,65.95,81.88,81.88,99.89,99.89,137170,170310,170310,207760,207760,,
99,U.S.,1,US,611000,Educational Services,"3-digit, ownership",3,29-1120,Therapists,broad,92660,1.1,,,1.11,44,42.07,87500,0.4,27.68,31.87,39.08,49.74,61.26,57580,66290,81280,103460,127430,,
99,U.S.,1,US,611000,Educational Services,"3-digit, ownership",3,29-1122,Occupational Therapists,detailed,17570,2,,,0.21,11,42.98,89390,0.6,28.36,33.91,40.22,50.55,61.13,58990,70530,83660,105130,127150,,
99,U.S.,1,US,611000,Educational Services,"3-digit, ownership",3,29-1123,Physical Therapists,detailed,5920,2.9,,,0.07,5,46.15,96000,0.9,30.97,37.01,44.94,52.4,63.61,64420,76970,93480,109000,132310,,
99,U.S.,1,US,611000,Educational Services,"3-digit, ownership",3,29-1125,Recreational Therapists,detailed,30,12.3,,,0,~,32.93,68480,2,23.6,29.1,31.58,37.29,41.43,49080,60520,65690,77560,86160,,
99,U.S.,1,US,611000,Educational Services,"3-digit, ownership",3,29-1126,Respiratory Therapists,detailed,210,0.1,,,0,~,43.72,90940,0.4,32.15,38.6,39.71,48.74,51.32,66860,80290,82590,101390,106740,,
99,U.S.,1,US,611000,Educational Services,"3-digit, ownership",3,29-1127,Speech-Language Pathologists,detailed,67650,1.1,,,0.81,39,41.57,86460,0.4,27.4,31.44,38.45,49.36,61.15,56990,65390,79970,102670,127180,,
99,U.S.,1,US,611000,Educational Services,"3-digit, ownership",3,29-1129,"Therapists, All Other",detailed,1240,3.7,,,0.01,1,36.22,75330,1.5,24.03,27.44,31.54,40.35,59.81,49990,57080,65590,83930,124410,,
99,U.S.,1,US,611000,Educational Services,"3-digit, ownership",3,29-1140,Registered Nurses,broad,63110,0.8,,,0.76,40,35.43,73690,0.4,21.78,26.53,32.29,41.37,53.06,45290,55190,67170,86050,110370,,
99,U.S.,1,US,611000,Educational Services,"3-digit, ownership",3,29-1141,Registered Nurses,detailed,63110,0.8,,,0.76,40,35.43,73690,0.4,21.78,26.53,32.29,41.37,53.06,45290,55190,67170,86050,110370,,
99,U.S.,1,US,611000,Educational Services,"3-digit, ownership",3,29-1170,Nurse Practitioners,broad,250,9.6,,,0,~,46.08,95840,4.4,24.56,26.35,42.94,63.66,74.48,51090,54810,89320,132410,154920,,
99,U.S.,1,US,611000,Educational Services,"3-digit, ownership",3,29-1171,Nurse Practitioners,detailed,250,9.6,,,0,~,46.08,95840,4.4,24.56,26.35,42.94,63.66,74.48,51090,54810,89320,132410,154920,,
99,U.S.,1,US,611000,Educational Services,"3-digit, ownership",3,29-1180,Audiologists,broad,950,5.4,,,0.01,1,46.15,95990,0.9,28.68,35,44.79,58.33,65.63,59650,72810,93170,121330,136520,,
99,U.S.,1,US,611000,Educational Services,"3-digit, ownership",3,29-1181,Audiologists,detailed,950,5.4,,,0.01,1,46.15,95990,0.9,28.68,35,44.79,58.33,65.63,59650,72810,93170,121330,136520,,
99,U.S.,1,US,611000,Educational Services,"3-digit, ownership",3,29-1210,Physicians,broad,640,5.2,,,0.01,~,78.48,163240,2.9,29.65,29.65,35.92,#,#,61680,61680,74720,#,#,,
99,U.S.,1,US,611000,Educational Services,"3-digit, ownership",3,29-1229,"Physicians, All Other",detailed,580,5.7,,,0.01,~,79.53,165420,3.3,29.65,29.65,32.32,#,#,61680,61680,67230,#,#,,
99,U.S.,1,US,611000,Educational Services,"3-digit, ownership",3,29-1290,Miscellaneous Healthcare Diagnosing or Treating Practitioners,broad,130,10.9,,,0,~,37.98,78990,3.7,20.54,24.96,36.88,48.61,56.91,42730,51910,76710,101100,118360,,
99,U.S.,1,US,611000,Educational Services,"3-digit, ownership",3,29-1292,Dental Hygienists,detailed,80,9.1,,,0,~,36.55,76010,3.5,20.54,31.42,35.69,44.26,53.8,42730,65350,74240,92060,111900,,
99,U.S.,1,US,611000,Educational Services,"3-digit, ownership",3,29-1299,"Healthcare Diagnosing or Treating Practitioners, All Other",detailed,50,25.4,,,0,~,40.3,83830,7.6,21.5,23.97,45.85,53.09,61.35,44720,49850,95370,110440,127600,,
99,U.S.,1,US,611000,Educational Services,"3-digit, ownership",3,29-2000,Health Technologists and Technicians,minor,12720,2.8,,,0.15,8,26.8,55740,1,15.67,20.28,25,31.47,38.18,32600,42190,52000,65450,79420,,
99,U.S.,1,US,611000,Educational Services,"3-digit, ownership",3,29-2010,Clinical Laboratory Technologists and Technicians,broad,280,0.7,,,0,~,30.8,64070,0.3,16.13,23.59,29.68,38.29,49.83,33540,49060,61740,79640,103650,,
99,U.S.,1,US,611000,Educational Services,"3-digit, ownership",3,29-2010,Clinical Laboratory Technologists and Technicians,detailed,280,0.7,,,0,~,30.8,64070,0.3,16.13,23.59,29.68,38.29,49.83,33540,49060,61740,79640,103650,,
99,U.S.,1,US,611000,Educational Services,"3-digit, ownership",3,29-2030,Diagnostic Related Technologists and Technicians,broad,300,0.3,,,0,~,50.62,105300,0.3,33.87,39.35,49.4,60.96,64.11,70450,81850,102740,126800,133350,,
99,U.S.,1,US,611000,Educational Services,"3-digit, ownership",3,29-2034,Radiologic Technologists and Technicians,detailed,180,0.6,,,0,~,47.02,97810,0.3,31.98,39.35,49.4,49.4,60.96,66510,81850,102740,102740,126800,,
99,U.S.,1,US,611000,Educational Services,"3-digit, ownership",3,29-2040,Emergency Medical Technicians and Paramedics,broad,60,8.2,,,0,~,24.82,51620,1.5,13.75,18.15,24.94,27.65,32.75,28590,37750,51880,57500,68120,,
99,U.S.,1,US,611000,Educational Services,"3-digit, ownership",3,29-2042,Emergency Medical Technicians,detailed,60,8.6,,,0,~,24.72,51430,1.6,13.75,18.15,24.86,28.75,32.75,28590,37750,51700,59800,68120,,
99,U.S.,1,US,611000,Educational Services,"3-digit, ownership",3,29-2050,Health Practitioner Support Technologists and Technicians,broad,1990,9.5,,,0.02,1,27.76,57750,3.3,16.28,20.62,29.15,33.19,37.73,33860,42890,60630,69030,78480,,
99,U.S.,1,US,611000,Educational Services,"3-digit, ownership",3,29-2051,Dietetic Technicians,detailed,170,11,,,0,~,23.6,49090,4.3,14.72,17.35,19.25,23.56,39.24,30620,36090,40040,49000,81620,,
99,U.S.,1,US,611000,Educational Services,"3-digit, ownership",3,29-2052,Pharmacy Technicians,detailed,250,0.2,,,0,~,29.14,60620,0.3,24.56,24.56,30.57,30.57,35.65,51090,51090,63580,63580,74150,,
99,U.S.,1,US,611000,Educational Services,"3-digit, ownership",3,29-2053,Psychiatric Technicians,detailed,1250,15.1,,,0.02,~,26.7,55530,4.9,15.97,19.21,27.71,31.23,37.34,33220,39950,57640,64970,77670,,
99,U.S.,1,US,611000,Educational Services,"3-digit, ownership",3,29-2056,Veterinary Technologists and Technicians,detailed,150,0.8,,,0,~,31.57,65660,0.4,24.44,29.84,30.76,36.39,37.73,50830,62070,63970,75690,78480,,
99,U.S.,1,US,611000,Educational Services,"3-digit, ownership",3,29-2060,Licensed Practical and Licensed Vocational Nurses,broad,9390,3,,,0.11,8,25.23,52480,1.2,15.19,19.64,24.5,30.09,35.56,31580,40850,50950,62580,73960,,
99,U.S.,1,US,611000,Educational Services,"3-digit, ownership",3,29-2061,Licensed Practical and Licensed Vocational Nurses,detailed,9390,3,,,0.11,8,25.23,52480,1.2,15.19,19.64,24.5,30.09,35.56,31580,40850,50950,62580,73960,,
99,U.S.,1,US,611000,Educational Services,"3-digit, ownership",3,29-2070,Medical Records Specialists,broad,220,12.2,,,0,~,35.88,74620,4.6,22.18,32.9,38.81,38.81,46.15,46140,68430,80720,80720,95990,,
99,U.S.,1,US,611000,Educational Services,"3-digit, ownership",3,29-2072,Medical Records Specialists,detailed,220,12.2,,,0,~,35.88,74620,4.6,22.18,32.9,38.81,38.81,46.15,46140,68430,80720,80720,95990,,
99,U.S.,1,US,611000,Educational Services,"3-digit, ownership",3,29-2090,Miscellaneous Health Technologists and Technicians,broad,**,**,,,**,**,32.58,67770,2.1,19.44,23.67,29.98,38.45,49.32,40430,49230,62350,79970,102580,,
99,U.S.,1,US,611000,Educational Services,"3-digit, ownership",3,29-2099,"Health Technologists and Technicians, All Other",detailed,440,3,,,0.01,~,33.11,68870,2.1,19.69,24.1,31.3,38.45,50.25,40960,50140,65100,79970,104520,,
99,U.S.,1,US,611000,Educational Services,"3-digit, ownership",3,29-9000,Other Healthcare Practitioners and Technical Occupations,minor,5520,3.1,,,0.07,5,34.42,71600,1.4,21.21,26.88,33.29,39.72,48.84,44110,55910,69230,82620,101590,,
99,U.S.,1,US,611000,Educational Services,"3-digit, ownership",3,29-9020,Health Information Technologists and Medical Registrars,broad,120,20.7,,,0,~,46.15,95990,2.1,35.5,39.52,45.62,50.06,60.01,73840,82200,94880,104120,124820,,
99,U.S.,1,US,611000,Educational Services,"3-digit, ownership",3,29-9021,Health Information Technologists and Medical Registrars,detailed,120,20.7,,,0,~,46.15,95990,2.1,35.5,39.52,45.62,50.06,60.01,73840,82200,94880,104120,124820,,
99,U.S.,1,US,611000,Educational Services,"3-digit, ownership",3,29-9090,Miscellaneous Health Practitioners and Technical Workers,broad,5400,3.1,,,0.06,5,34.17,71080,1.4,21.11,26.7,33.14,39.41,48.24,43900,55530,68920,81980,100350,,
99,U.S.,1,US,611000,Educational Services,"3-digit, ownership",3,29-9091,Athletic Trainers,detailed,3940,2.6,,,0.05,3,*,72110,0.9,*,*,*,*,*,49270,59700,70810,81790,96220,TRUE,
99,U.S.,1,US,611000,Educational Services,"3-digit, ownership",3,29-9099,"Healthcare Practitioners and Technical Workers, All Other",detailed,1410,11,,,0.02,1,32.86,68360,4.8,17.6,19.72,29.31,40.7,55.82,36610,41030,60960,84650,116100,,
99,U.S.,1,US,611000,Educational Services,"3-digit, ownership",3,31-0000,Healthcare Support Occupations,major,25470,3.3,,,0.31,17,22.58,46970,0.7,14.61,17.68,21.83,26.64,30.81,30390,36780,45400,55420,64080,,
99,U.S.,1,US,611000,Educational Services,"3-digit, ownership",3,31-1100,"Home Health and Personal Care Aides; and Nursing Assistants, Orderlies, and Psychiatric Aides",minor,10010,5.6,,,0.12,6,18.43,38330,1.6,12.87,15.19,17.69,21.55,24.17,26760,31590,36800,44820,50260,,
99,U.S.,1,US,611000,Educational Services,"3-digit, ownership",3,31-1120,Home Health and Personal Care Aides,broad,2170,10.2,,,0.03,1,16.46,34230,1.9,12.48,13.83,15.95,18.58,21.5,25960,28760,33170,38640,44720,,
99,U.S.,1,US,611000,Educational Services,"3-digit, ownership",3,31-1120,Home Health and Personal Care Aides,detailed,2170,10.2,,,0.03,1,16.46,34230,1.9,12.48,13.83,15.95,18.58,21.5,25960,28760,33170,38640,44720,,
99,U.S.,1,US,611000,Educational Services,"3-digit, ownership",3,31-1130,"Nursing Assistants, Orderlies, and Psychiatric Aides",broad,7850,6.6,,,0.09,5,18.97,39460,1.7,13.11,15.76,18.16,22.18,24.91,27270,32780,37770,46120,51820,,
99,U.S.,1,US,611000,Educational Services,"3-digit, ownership",3,31-1131,Nursing Assistants,detailed,7710,6.6,,,0.09,5,18.83,39170,1.7,13.05,15.69,18.04,22.12,24.37,27150,32640,37520,46020,50690,,
99,U.S.,1,US,611000,Educational Services,"3-digit, ownership",3,31-1133,Psychiatric Aides,detailed,80,30.5,,,0,~,31.3,65100,4.7,16.82,27.53,36.19,36.94,39.28,34990,57260,75260,76820,81700,,
99,U.S.,1,US,611000,Educational Services,"3-digit, ownership",3,31-2000,Occupational Therapy and Physical Therapist Assistants and Aides,minor,3170,3.9,,,0.04,2,28.53,59340,1.4,18.38,22.98,28.08,34.22,38.95,38240,47790,58410,71190,81020,,
99,U.S.,1,US,611000,Educational Services,"3-digit, ownership",3,31-2010,Occupational Therapy Assistants and Aides,broad,2590,4.1,,,0.03,2,28.16,58570,1.5,18.01,22.9,27.72,33.42,38.33,37450,47640,57670,69510,79730,,
99,U.S.,1,US,611000,Educational Services,"3-digit, ownership",3,31-2011,Occupational Therapy Assistants,detailed,2540,4.2,,,0.03,2,28.11,58470,1.5,18.18,22.9,27.58,33.37,38.33,37810,47640,57360,69420,79730,,
99,U.S.,1,US,611000,Educational Services,"3-digit, ownership",3,31-2012,Occupational Therapy Aides,detailed,50,17.8,,,0,~,30.59,63630,7.6,17.11,26.53,31.75,37.33,37.55,35590,55170,66030,77640,78100,,
99,U.S.,1,US,611000,Educational Services,"3-digit, ownership",3,31-2020,Physical Therapist Assistants and Aides,broad,580,5.1,,,0.01,1,30.19,62780,1.9,20.74,23.67,29.23,35.71,42.82,43130,49230,60800,74280,89070,,
99,U.S.,1,US,611000,Educational Services,"3-digit, ownership",3,31-2021,Physical Therapist Assistants,detailed,570,5.2,,,0.01,1,30.32,63070,2,20.74,23.88,29.42,35.96,42.82,43130,49660,61200,74800,89070,,
99,U.S.,1,US,611000,Educational Services,"3-digit, ownership",3,31-9000,Other Healthcare Support Occupations,minor,12290,5,,,0.15,10,24.43,50820,0.8,17.69,20.39,23.29,27.96,30.97,36800,42420,48440,58170,64420,,
99,U.S.,1,US,611000,Educational Services,"3-digit, ownership",3,31-9090,Miscellaneous Healthcare Support Occupations,broad,12270,5,,,0.15,10,24.43,50810,0.8,17.69,20.39,23.29,27.96,30.95,36800,42420,48440,58170,64370,,
99,U.S.,1,US,611000,Educational Services,"3-digit, ownership",3,31-9091,Dental Assistants,detailed,90,4.9,,,0,~,27.1,56360,0.8,19.63,22.59,28.27,31.27,31.27,40830,46990,58800,65050,65050,,
99,U.S.,1,US,611000,Educational Services,"3-digit, ownership",3,31-9092,Medical Assistants,detailed,1590,7,,,0.02,1,22.83,47480,1.1,14.63,17.93,22.8,27.52,30.37,30420,37300,47430,57250,63160,,
99,U.S.,1,US,611000,Educational Services,"3-digit, ownership",3,31-9094,Medical Transcriptionists,detailed,90,0.8,,,0,~,20.47,42580,0.3,19.06,19.06,19.06,20.83,22.92,39650,39650,39650,43320,47660,,
99,U.S.,1,US,611000,Educational Services,"3-digit, ownership",3,31-9096,Veterinary Assistants and Laboratory Animal Caretakers,detailed,70,3,,,0,~,21.96,45670,0.4,17.98,18.38,21.93,23.23,29.49,37390,38240,45620,48320,61350,,
99,U.S.,1,US,611000,Educational Services,"3-digit, ownership",3,31-9097,Phlebotomists,detailed,40,3.5,,,0,~,27.4,56990,0.7,23.81,23.81,23.81,28.02,28.02,49520,49520,49520,58280,58280,,
99,U.S.,1,US,611000,Educational Services,"3-digit, ownership",3,31-9099,"Healthcare Support Workers, All Other",detailed,10240,5.9,,,0.12,9,24.63,51240,0.9,18,20.7,23.27,27.85,31.17,37450,43050,48410,57930,64840,,
99,U.S.,1,US,611000,Educational Services,"3-digit, ownership",3,33-0000,Protective Service Occupations,major,131630,1.9,,,1.58,41,20.9,43470,0.7,13.83,16.07,18.68,23.63,30.24,28760,33430,38860,49160,62910,,
99,U.S.,1,US,611000,Educational Services,"3-digit, ownership",3,33-1000,Supervisors of Protective Service Workers,minor,2280,3.9,,,0.03,2,36.7,76330,1.4,24,27.49,33.38,44.7,53.27,49920,57170,69420,92980,110790,,
99,U.S.,1,US,611000,Educational Services,"3-digit, ownership",3,33-1010,First-Line Supervisors of Law Enforcement Workers,broad,860,6.8,,,0.01,1,42.32,88020,1.6,28.2,32.18,39.04,50.62,60.8,58660,66930,81200,105280,126470,,
99,U.S.,1,US,611000,Educational Services,"3-digit, ownership",3,33-1012,First-Line Supervisors of Police and Detectives,detailed,860,6.8,,,0.01,1,42.32,88020,1.6,28.2,32.18,39.04,50.62,60.8,58660,66930,81200,105280,126470,,
99,U.S.,1,US,611000,Educational Services,"3-digit, ownership",3,33-1090,"Miscellaneous First-Line Supervisors, Protective Service Workers",broad,1430,4.6,,,0.02,1,33.31,69280,1.5,22.19,24.97,30.13,39.59,50,46140,51940,62680,82350,104000,,
99,U.S.,1,US,611000,Educational Services,"3-digit, ownership",3,33-1091,First-Line Supervisors of Security Workers,detailed,1190,4.7,,,0.01,1,34.04,70800,1.5,24.23,25.87,30.64,39.92,50.02,50390,53820,63730,83040,104040,,
99,U.S.,1,US,611000,Educational Services,"3-digit, ownership",3,33-1099,"First-Line Supervisors of Protective Service Workers, All Other",detailed,240,19.6,,,0,~,29.62,61600,5.4,17,21.82,29.42,33.48,44.7,35350,45390,61200,69640,92980,,
99,U.S.,1,US,611000,Educational Services,"3-digit, ownership",3,33-2000,Firefighting and Prevention Workers,minor,**,**,,,**,**,34.19,71120,8.5,25,26.17,33.25,37.26,51.17,52000,54430,69170,77500,106440,,
99,U.S.,1,US,611000,Educational Services,"3-digit, ownership",3,33-3000,Law Enforcement Workers,minor,10100,8.5,,,0.12,4,31.53,65580,1.8,20.71,24.72,30.08,37.38,43.04,43080,51410,62560,77750,89520,,
99,U.S.,1,US,611000,Educational Services,"3-digit, ownership",3,33-3040,Parking Enforcement Workers,broad,50,11.7,,,0,~,17.9,37230,1.6,8.41,11.03,17.27,18.83,35.15,17480,22950,35930,39170,73110,,
99,U.S.,1,US,611000,Educational Services,"3-digit, ownership",3,33-3041,Parking Enforcement Workers,detailed,50,11.7,,,0,~,17.9,37230,1.6,8.41,11.03,17.27,18.83,35.15,17480,22950,35930,39170,73110,,
99,U.S.,1,US,611000,Educational Services,"3-digit, ownership",3,33-3050,Police Officers,broad,10040,8.6,,,0.12,4,31.6,65730,1.8,20.92,24.72,30.08,37.38,43.04,43520,51410,62560,77750,89520,,
99,U.S.,1,US,611000,Educational Services,"3-digit, ownership",3,33-3051,Police and Sheriff's Patrol Officers,detailed,10040,8.6,,,0.12,4,31.6,65730,1.8,20.92,24.72,30.08,37.38,43.04,43520,51410,62560,77750,89520,,
99,U.S.,1,US,611000,Educational Services,"3-digit, ownership",3,33-9000,Other Protective Service Workers,minor,119210,2,,,1.43,39,19.69,40950,0.5,13.57,15.79,18.27,22.47,27.58,28230,32850,38010,46730,57370,,
99,U.S.,1,US,611000,Educational Services,"3-digit, ownership",3,33-9020,Private Detectives and Investigators,broad,70,7.9,,,0,~,40.67,84600,2.9,26.63,27.63,36.12,52.18,64.86,55400,57460,75140,108530,134910,,
99,U.S.,1,US,611000,Educational Services,"3-digit, ownership",3,33-9021,Private Detectives and Investigators,detailed,70,7.9,,,0,~,40.67,84600,2.9,26.63,27.63,36.12,52.18,64.86,55400,57460,75140,108530,134910,,
99,U.S.,1,US,611000,Educational Services,"3-digit, ownership",3,33-9030,Security Guards and Gambling Surveillance Officers,broad,52240,3.3,,,0.63,20,22.08,45920,0.8,14.96,17.48,21.44,25.25,30.35,31110,36350,44600,52510,63120,,
99,U.S.,1,US,611000,Educational Services,"3-digit, ownership",3,33-9032,Security Guards,detailed,52240,3.3,,,0.63,20,22.08,45920,0.8,14.96,17.48,21.44,25.25,30.35,31110,36350,44600,52510,63120,,
99,U.S.,1,US,611000,Educational Services,"3-digit, ownership",3,33-9090,Miscellaneous Protective Service Workers,broad,66900,2.6,,,0.8,27,17.8,37030,0.7,12.96,15,17.24,19.63,22.98,26970,31200,35850,40830,47810,,
99,U.S.,1,US,611000,Educational Services,"3-digit, ownership",3,33-9091,Crossing Guards and Flaggers,detailed,7330,4.1,,,0.09,3,18.33,38130,2.5,13.51,15.25,16.8,18.76,23.61,28110,31720,34950,39010,49120,,
99,U.S.,1,US,611000,Educational Services,"3-digit, ownership",3,33-9092,"Lifeguards, Ski Patrol, and Other Recreational Protective Service Workers",detailed,2550,10.3,,,0.03,1,15.37,31970,1.4,11.5,13.57,15,16.93,19.87,23920,28230,31200,35220,41320,,
99,U.S.,1,US,611000,Educational Services,"3-digit, ownership",3,33-9094,School Bus Monitors,detailed,29980,2.3,,,0.36,7,16.28,33870,0.7,12.25,14.03,15.8,18.03,20.79,25470,29180,32870,37500,43250,,
99,U.S.,1,US,611000,Educational Services,"3-digit, ownership",3,33-9099,"Protective Service Workers, All Other",detailed,27040,5.4,,,0.32,18,19.58,40720,0.9,15,17.22,18.31,21.54,25.62,31200,35820,38090,44810,53290,,
99,U.S.,1,US,611000,Educational Services,"3-digit, ownership",3,35-0000,Food Preparation and Serving Related Occupations,major,317290,0.8,,,3.81,73,17.15,35660,0.4,11.45,14.05,16.7,19.18,23.05,23810,29220,34730,39900,47940,,
99,U.S.,1,US,611000,Educational Services,"3-digit, ownership",3,35-1000,Supervisors of Food Preparation and Serving Workers,minor,34190,1.4,,,0.41,24,22.19,46150,0.5,14.24,17.55,21.27,25.84,30.96,29620,36510,44250,53750,64400,,
99,U.S.,1,US,611000,Educational Services,"3-digit, ownership",3,35-1010,Supervisors of Food Preparation and Serving Workers,broad,34190,1.4,,,0.41,24,22.19,46150,0.5,14.24,17.55,21.27,25.84,30.96,29620,36510,44250,53750,64400,,
99,U.S.,1,US,611000,Educational Services,"3-digit, ownership",3,35-1011,Chefs and Head Cooks,detailed,2120,3.5,,,0.03,1,22.56,46930,1,13.13,16.82,21.52,26.27,31.81,27310,34990,44770,54640,66160,,
99,U.S.,1,US,611000,Educational Services,"3-digit, ownership",3,35-1012,First-Line Supervisors of Food Preparation and Serving Workers,detailed,32070,1.5,,,0.39,23,22.16,46100,0.5,14.25,17.57,21.27,25.67,30.75,29650,36550,44230,53390,63970,,
99,U.S.,1,US,611000,Educational Services,"3-digit, ownership",3,35-2000,Cooks and Food Preparation Workers,minor,154990,1,,,1.86,47,16.67,34680,0.5,12.04,14.06,16.33,18.62,22.2,25040,29240,33960,38720,46170,,
99,U.S.,1,US,611000,Educational Services,"3-digit, ownership",3,35-2010,Cooks,broad,128360,1.1,,,1.54,44,16.53,34380,0.5,11.64,13.93,16.17,18.47,22.22,24200,28970,33630,38410,46210,,
99,U.S.,1,US,611000,Educational Services,"3-digit, ownership",3,35-2011,"Cooks, Fast Food",detailed,120,30.1,,,0,~,16.61,34550,3.8,12.2,14.82,16.97,17.95,20.04,25380,30830,35300,37330,41670,,
99,U.S.,1,US,611000,Educational Services,"3-digit, ownership",3,35-2012,"Cooks, Institution and Cafeteria",detailed,128200,1.1,,,1.54,43,16.53,34380,0.5,11.64,13.93,16.17,18.47,22.22,24200,28970,33630,38410,46220,,
99,U.S.,1,US,611000,Educational Services,"3-digit, ownership",3,35-2014,"Cooks, Restaurant",detailed,30,4.2,,,0,~,17,35350,1.8,14,14.24,14.71,18.71,23.34,29120,29630,30600,38930,48550,,
99,U.S.,1,US,611000,Educational Services,"3-digit, ownership",3,35-2020,Food Preparation Workers,broad,26630,3.6,,,0.32,10,17.37,36130,0.7,13.45,15.14,17.1,19.26,22.15,27980,31500,35570,40070,46080,,
99,U.S.,1,US,611000,Educational Services,"3-digit, ownership",3,35-2021,Food Preparation Workers,detailed,26630,3.6,,,0.32,10,17.37,36130,0.7,13.45,15.14,17.1,19.26,22.15,27980,31500,35570,40070,46080,,
99,U.S.,1,US,611000,Educational Services,"3-digit, ownership",3,35-3000,Food and Beverage Serving Workers,minor,99640,1.5,,,1.2,30,16.22,33730,0.5,10.63,13.48,16.05,18.38,22.33,22100,28030,33390,38230,46440,,
99,U.S.,1,US,611000,Educational Services,"3-digit, ownership",3,35-3020,Fast Food and Counter Workers,broad,96760,1.5,,,1.16,28,16.18,33660,0.5,10.59,13.35,16,18.37,22.33,22030,27770,33280,38210,46440,,
99,U.S.,1,US,611000,Educational Services,"3-digit, ownership",3,35-3023,Fast Food and Counter Workers,detailed,96760,1.5,,,1.16,28,16.18,33660,0.5,10.59,13.35,16,18.37,22.33,22030,27770,33280,38210,46440,,
99,U.S.,1,US,611000,Educational Services,"3-digit, ownership",3,35-3030,Waiters and Waitresses,broad,380,18.2,,,0,~,17.91,37260,4.2,14.01,14.31,17.84,22.3,22.3,29130,29770,37110,46380,46380,,
99,U.S.,1,US,611000,Educational Services,"3-digit, ownership",3,35-3031,Waiters and Waitresses,detailed,380,18.2,,,0,~,17.91,37260,4.2,14.01,14.31,17.84,22.3,22.3,29130,29770,37110,46380,46380,,
99,U.S.,1,US,611000,Educational Services,"3-digit, ownership",3,35-3040,"Food Servers, Nonrestaurant",broad,2470,9.8,,,0.03,2,17.25,35880,2,13.72,14.76,16.48,18.72,23.04,28540,30690,34280,38950,47920,,
99,U.S.,1,US,611000,Educational Services,"3-digit, ownership",3,35-3041,"Food Servers, Nonrestaurant",detailed,2470,9.8,,,0.03,2,17.25,35880,2,13.72,14.76,16.48,18.72,23.04,28540,30690,34280,38950,47920,,
99,U.S.,1,US,611000,Educational Services,"3-digit, ownership",3,35-9000,Other Food Preparation and Serving Related Workers,minor,28470,2.8,,,0.34,10,16.91,35170,0.5,13.76,15,16.59,18.11,21.67,28620,31200,34510,37660,45070,,
99,U.S.,1,US,611000,Educational Services,"3-digit, ownership",3,35-9010,Dining Room and Cafeteria Attendants and Bartender Helpers,broad,25750,3,,,0.31,9,16.9,35160,0.6,13.76,15,16.65,18.11,21.74,28630,31200,34630,37660,45220,,
99,U.S.,1,US,611000,Educational Services,"3-digit, ownership",3,35-9011,Dining Room and Cafeteria Attendants and Bartender Helpers,detailed,25750,3,,,0.31,9,16.9,35160,0.6,13.76,15,16.65,18.11,21.74,28630,31200,34630,37660,45220,,
99,U.S.,1,US,611000,Educational Services,"3-digit, ownership",3,35-9020,Dishwashers,broad,490,13.1,,,0.01,1,14.4,29940,2.3,11.34,12.3,14.37,16.05,17.51,23600,25580,29900,33390,36410,,
99,U.S.,1,US,611000,Educational Services,"3-digit, ownership",3,35-9021,Dishwashers,detailed,490,13.1,,,0.01,1,14.4,29940,2.3,11.34,12.3,14.37,16.05,17.51,23600,25580,29900,33390,36410,,
99,U.S.,1,US,611000,Educational Services,"3-digit, ownership",3,35-9090,Miscellaneous Food Preparation and Serving Related Workers,broad,2220,9.7,,,0.03,1,17.52,36430,1.4,15.13,15.25,16.19,18.43,20.66,31470,31720,33670,38340,42970,,
99,U.S.,1,US,611000,Educational Services,"3-digit, ownership",3,35-9099,"Food Preparation and Serving Related Workers, All Other",detailed,2220,9.7,,,0.03,1,17.52,36430,1.4,15.13,15.25,16.19,18.43,20.66,31470,31720,33670,38340,42970,,
99,U.S.,1,US,611000,Educational Services,"3-digit, ownership",3,37-0000,Building and Grounds Cleaning and Maintenance Occupations,major,345510,0.6,,,4.15,81,19.78,41130,0.3,13.45,15.25,18.28,23.03,28.54,27970,31720,38020,47900,59350,,
99,U.S.,1,US,611000,Educational Services,"3-digit, ownership",3,37-1000,Supervisors of Building and Grounds Cleaning and Maintenance Workers,minor,16470,2.1,,,0.2,14,27.04,56240,0.7,17.21,20.99,26.17,31.98,37.61,35790,43650,54430,66520,78230,,
99,U.S.,1,US,611000,Educational Services,"3-digit, ownership",3,37-1010,First-Line Supervisors of Building and Grounds Cleaning and Maintenance Workers,broad,16470,2.1,,,0.2,14,27.04,56240,0.7,17.21,20.99,26.17,31.98,37.61,35790,43650,54430,66520,78230,,
99,U.S.,1,US,611000,Educational Services,"3-digit, ownership",3,37-1011,First-Line Supervisors of Housekeeping and Janitorial Workers,detailed,15620,2.2,,,0.19,13,26.68,55480,0.7,17.08,20.73,25.9,31.4,36.82,35530,43110,53860,65300,76580,,
99,U.S.,1,US,611000,Educational Services,"3-digit, ownership",3,37-1012,"First-Line Supervisors of Landscaping, Lawn Service, and Groundskeeping Workers",detailed,850,5.8,,,0.01,1,33.66,70010,1.7,20.98,26.34,32.09,39.96,48.68,43630,54790,66750,83110,101250,,
99,U.S.,1,US,611000,Educational Services,"3-digit, ownership",3,37-2000,Building Cleaning and Pest Control Workers,minor,313790,0.6,,,3.77,80,19.25,40040,0.3,13.31,15.08,18.03,22.6,27.66,27690,31370,37500,47020,57520,,
99,U.S.,1,US,611000,Educational Services,"3-digit, ownership",3,37-2010,Building Cleaning Workers,broad,313620,0.6,,,3.77,80,19.25,40030,0.3,13.31,15.08,18.03,22.6,27.66,27680,31370,37500,47010,57520,,
99,U.S.,1,US,611000,Educational Services,"3-digit, ownership",3,37-2011,"Janitors and Cleaners, Except Maids and Housekeeping Cleaners",detailed,313070,0.6,,,3.76,80,19.25,40040,0.3,13.31,15.08,18.03,22.61,27.66,27680,31370,37500,47020,57520,,
99,U.S.,1,US,611000,Educational Services,"3-digit, ownership",3,37-2012,Maids and Housekeeping Cleaners,detailed,550,12.3,,,0.01,~,17.8,37030,2,12.95,14.51,18.03,20.14,23.24,26940,30170,37510,41890,48330,,
99,U.S.,1,US,611000,Educational Services,"3-digit, ownership",3,37-2020,Pest Control Workers,broad,170,8.8,,,0,~,24.81,51610,3.1,16.07,18.23,23.4,29.19,36.22,33430,37910,48660,60710,75340,,
99,U.S.,1,US,611000,Educational Services,"3-digit, ownership",3,37-2021,Pest Control Workers,detailed,170,8.8,,,0,~,24.81,51610,3.1,16.07,18.23,23.4,29.19,36.22,33430,37910,48660,60710,75340,,
99,U.S.,1,US,611000,Educational Services,"3-digit, ownership",3,37-3000,Grounds Maintenance Workers,minor,15250,2.7,,,0.18,9,22.75,47310,0.9,14.62,17.32,21.59,28.04,32.25,30410,36030,44900,58320,67090,,
99,U.S.,1,US,611000,Educational Services,"3-digit, ownership",3,37-3010,Grounds Maintenance Workers,broad,15250,2.7,,,0.18,9,22.75,47310,0.9,14.62,17.32,21.59,28.04,32.25,30410,36030,44900,58320,67090,,
99,U.S.,1,US,611000,Educational Services,"3-digit, ownership",3,37-3011,Landscaping and Groundskeeping Workers,detailed,14980,2.7,,,0.18,9,22.61,47040,0.9,14.59,17.26,21.5,27.84,32.06,30350,35910,44720,57900,66690,,
99,U.S.,1,US,611000,Educational Services,"3-digit, ownership",3,37-3012,"Pesticide Handlers, Sprayers, and Applicators, Vegetation",detailed,60,6,,,0,~,26.48,55080,1,19.34,21.67,24.8,29.48,37.53,40240,45070,51580,61320,78070,,
99,U.S.,1,US,611000,Educational Services,"3-digit, ownership",3,37-3019,"Grounds Maintenance Workers, All Other",detailed,200,11,,,0,~,31.72,65970,1.7,21.39,26.98,31.77,37.78,40.97,44500,56120,66080,78590,85220,,
99,U.S.,1,US,611000,Educational Services,"3-digit, ownership",3,39-0000,Personal Care and Service Occupations,major,102300,2.8,,,1.23,38,18.32,38100,0.6,13.33,15.15,17.33,20.39,23.65,27720,31510,36050,42410,49180,,
99,U.S.,1,US,611000,Educational Services,"3-digit, ownership",3,39-1000,Supervisors of Personal Care and Service Workers,minor,3300,7.2,,,0.04,3,25.6,53260,1.4,16.49,19.4,25.1,30.1,35.73,34290,40360,52200,62610,74310,,
99,U.S.,1,US,611000,Educational Services,"3-digit, ownership",3,39-1010,First-Line Supervisors of Entertainment and Recreation Workers,broad,640,6.5,,,0.01,~,24.08,50080,2.7,13.54,17.82,23.09,29.62,34.5,28170,37060,48020,61620,71750,,
99,U.S.,1,US,611000,Educational Services,"3-digit, ownership",3,39-1014,"First-Line Supervisors of Entertainment and Recreation Workers, Except Gambling Services",detailed,640,6.5,,,0.01,~,24.08,50080,2.7,13.54,17.82,23.09,29.62,34.5,28170,37060,48020,61620,71750,,
99,U.S.,1,US,611000,Educational Services,"3-digit, ownership",3,39-1020,First-Line Supervisors of Personal Service Workers,broad,2660,8.9,,,0.03,3,25.97,54020,1.5,16.56,19.62,25.76,30.27,35.85,34440,40820,53590,62960,74570,,
99,U.S.,1,US,611000,Educational Services,"3-digit, ownership",3,39-1022,First-Line Supervisors of Personal Service Workers,detailed,2660,8.9,,,0.03,3,25.97,54020,1.5,16.56,19.62,25.76,30.27,35.85,34440,40820,53590,62960,74570,,
99,U.S.,1,US,611000,Educational Services,"3-digit, ownership",3,39-2000,Animal Care and Service Workers,minor,190,10.2,,,0,~,16.38,34060,0.9,12.78,13.41,16,18.44,22.6,26580,27890,33280,38350,47010,,
99,U.S.,1,US,611000,Educational Services,"3-digit, ownership",3,39-2010,Animal Trainers,broad,50,39.3,,,0,~,18.67,38830,12.8,14.7,16.85,16.87,24.01,24.02,30580,35050,35080,49950,49950,,
99,U.S.,1,US,611000,Educational Services,"3-digit, ownership",3,39-2011,Animal Trainers,detailed,50,39.3,,,0,~,18.67,38830,12.8,14.7,16.85,16.87,24.01,24.02,30580,35050,35080,49950,49950,,
99,U.S.,1,US,611000,Educational Services,"3-digit, ownership",3,39-2020,Animal Caretakers,broad,140,6,,,0,~,15.62,32500,0.6,12.78,13.21,13.88,16.97,19.73,26580,27480,28860,35300,41030,,
99,U.S.,1,US,611000,Educational Services,"3-digit, ownership",3,39-2021,Animal Caretakers,detailed,140,6,,,0,~,15.62,32500,0.6,12.78,13.21,13.88,16.97,19.73,26580,27480,28860,35300,41030,,
99,U.S.,1,US,611000,Educational Services,"3-digit, ownership",3,39-3000,Entertainment Attendants and Related Workers,minor,4020,8.3,,,0.05,3,17.49,36390,2.3,10.96,13.55,16.16,21.03,27.67,22810,28180,33610,43750,57550,,
99,U.S.,1,US,611000,Educational Services,"3-digit, ownership",3,39-3030,"Ushers, Lobby Attendants, and Ticket Takers",broad,500,24.6,,,0.01,~,14.6,30360,1.5,11.43,12.6,14.32,16.12,17.62,23780,26210,29790,33520,36650,,
99,U.S.,1,US,611000,Educational Services,"3-digit, ownership",3,39-3031,"Ushers, Lobby Attendants, and Ticket Takers",detailed,500,24.6,,,0.01,~,14.6,30360,1.5,11.43,12.6,14.32,16.12,17.62,23780,26210,29790,33520,36650,,
99,U.S.,1,US,611000,Educational Services,"3-digit, ownership",3,39-3090,Miscellaneous Entertainment Attendants and Related Workers,broad,3520,8.9,,,0.04,2,17.9,37240,2.4,10.96,13.56,16.23,21.36,27.89,22810,28210,33750,44420,58020,,
99,U.S.,1,US,611000,Educational Services,"3-digit, ownership",3,39-3091,Amusement and Recreation Attendants,detailed,2380,10.4,,,0.03,1,15.84,32950,1.5,10.6,12.12,15.41,17,21.83,22050,25210,32050,35360,45400,,
99,U.S.,1,US,611000,Educational Services,"3-digit, ownership",3,39-3092,Costume Attendants,detailed,60,24.1,,,0,~,21.58,44890,1.8,14,14.16,19.45,24.05,31.53,29120,29450,40450,50020,65580,,
99,U.S.,1,US,611000,Educational Services,"3-digit, ownership",3,39-3093,"Locker Room, Coatroom, and Dressing Room Attendants",detailed,890,23.4,,,0.01,1,23.64,49160,3.6,16.63,20.15,21.93,27.89,31.2,34590,41920,45620,58020,64890,,
99,U.S.,1,US,611000,Educational Services,"3-digit, ownership",3,39-3099,"Entertainment Attendants and Related Workers, All Other",detailed,190,10.6,,,0,~,15.54,32320,2.8,13.55,13.55,13.55,15.41,19.14,28180,28180,28180,32050,39810,,
99,U.S.,1,US,611000,Educational Services,"3-digit, ownership",3,39-7000,Tour and Travel Guides,minor,40,7.3,,,0,~,16.64,34600,4.3,9.5,14,15.13,16.66,28.89,19760,29120,31470,34660,60080,,
99,U.S.,1,US,611000,Educational Services,"3-digit, ownership",3,39-7010,Tour and Travel Guides,broad,40,7.3,,,0,~,16.64,34600,4.3,9.5,14,15.13,16.66,28.89,19760,29120,31470,34660,60080,,
99,U.S.,1,US,611000,Educational Services,"3-digit, ownership",3,39-7010,Tour and Travel Guides,detailed,40,7.3,,,0,~,16.64,34600,4.3,9.5,14,15.13,16.66,28.89,19760,29120,31470,34660,60080,,
99,U.S.,1,US,611000,Educational Services,"3-digit, ownership",3,39-9000,Other Personal Care and Service Workers,minor,94730,2.9,,,1.14,36,18.1,37650,0.6,13.38,15.15,17.33,19.77,23.01,27830,31510,36040,41120,47860,,
99,U.S.,1,US,611000,Educational Services,"3-digit, ownership",3,39-9010,Childcare Workers,broad,85910,2.9,,,1.03,34,17.99,37420,0.7,13.55,15.2,17.33,19.58,22.79,28190,31620,36040,40730,47410,,
99,U.S.,1,US,611000,Educational Services,"3-digit, ownership",3,39-9011,Childcare Workers,detailed,85910,2.9,,,1.03,34,17.99,37420,0.7,13.55,15.2,17.33,19.58,22.79,28190,31620,36040,40730,47410,,
99,U.S.,1,US,611000,Educational Services,"3-digit, ownership",3,39-9030,Recreation and Fitness Workers,broad,7730,12,,,0.09,4,19.39,40330,2.2,12.15,14.48,17.26,21.69,29.01,25280,30110,35900,45110,60330,,
99,U.S.,1,US,611000,Educational Services,"3-digit, ownership",3,39-9031,Exercise Trainers and Group Fitness Instructors,detailed,690,17,,,0.01,1,25.42,52870,7,12.56,14.37,22.29,29,49.95,26110,29890,46360,60330,103890,,
99,U.S.,1,US,611000,Educational Services,"3-digit, ownership",3,39-9032,Recreation Workers,detailed,7040,13,,,0.08,4,18.8,39100,1.9,12.15,14.48,17.19,20.87,27.74,25280,30110,35760,43410,57690,,
99,U.S.,1,US,611000,Educational Services,"3-digit, ownership",3,39-9040,Residential Advisors,broad,880,12,,,0.01,~,18.63,38760,3.1,12.33,14,18.83,22.09,26.86,25640,29130,39170,45940,55870,,
99,U.S.,1,US,611000,Educational Services,"3-digit, ownership",3,39-9041,Residential Advisors,detailed,880,12,,,0.01,~,18.63,38760,3.1,12.33,14,18.83,22.09,26.86,25640,29130,39170,45940,55870,,
99,U.S.,1,US,611000,Educational Services,"3-digit, ownership",3,39-9090,Miscellaneous Personal Care and Service Workers,broad,210,17.7,,,0,~,13.36,27790,4.7,8.38,10.5,13.85,14.27,17.01,17430,21850,28800,29680,35390,,
99,U.S.,1,US,611000,Educational Services,"3-digit, ownership",3,39-9099,"Personal Care and Service Workers, All Other",detailed,210,17.7,,,0,~,13.36,27790,4.7,8.38,10.5,13.85,14.27,17.01,17430,21850,28800,29680,35390,,
99,U.S.,1,US,611000,Educational Services,"3-digit, ownership",3,41-0000,Sales and Related Occupations,major,5500,3.6,,,0.07,3,19.73,41040,1.4,12.38,14.04,17.54,22,30.82,25760,29190,36490,45760,64110,,
99,U.S.,1,US,611000,Educational Services,"3-digit, ownership",3,41-1000,Supervisors of Sales Workers,minor,350,3,,,0,~,29.65,61670,1.3,17.54,20.14,26.22,35.69,46.07,36490,41890,54540,74230,95820,,
99,U.S.,1,US,611000,Educational Services,"3-digit, ownership",3,41-1010,First-Line Supervisors of Sales Workers,broad,350,3,,,0,~,29.65,61670,1.3,17.54,20.14,26.22,35.69,46.07,36490,41890,54540,74230,95820,,
99,U.S.,1,US,611000,Educational Services,"3-digit, ownership",3,41-1011,First-Line Supervisors of Retail Sales Workers,detailed,320,3,,,0,~,27.94,58110,0.8,17.47,20.08,25.06,33.33,42.87,36330,41770,52130,69330,89170,,
99,U.S.,1,US,611000,Educational Services,"3-digit, ownership",3,41-2000,Retail Sales Workers,minor,4430,4.2,,,0.05,3,16.89,35120,1,11.13,13.81,16.38,18.69,23.36,23160,28720,34060,38870,48590,,
99,U.S.,1,US,611000,Educational Services,"3-digit, ownership",3,41-2010,Cashiers,broad,3910,4.8,,,0.05,3,16.59,34510,1.1,11,13.81,16.27,18.65,22.74,22870,28720,33830,38800,47290,,
99,U.S.,1,US,611000,Educational Services,"3-digit, ownership",3,41-2011,Cashiers,detailed,3910,4.8,,,0.05,3,16.59,34510,1.1,11,13.81,16.27,18.65,22.74,22870,28720,33830,38800,47290,,
99,U.S.,1,US,611000,Educational Services,"3-digit, ownership",3,41-2020,Counter and Rental Clerks and Parts Salespersons,broad,30,2.5,,,0,~,24.74,51450,3.4,15.17,18.98,26.78,29.34,30.76,31550,39470,55700,61030,63980,,
99,U.S.,1,US,611000,Educational Services,"3-digit, ownership",3,41-2021,Counter and Rental Clerks,detailed,30,2.5,,,0,~,24.74,51450,3.4,15.17,18.98,26.78,29.34,30.76,31550,39470,55700,61030,63980,,
99,U.S.,1,US,611000,Educational Services,"3-digit, ownership",3,41-2030,Retail Salespersons,broad,490,3.5,,,0.01,~,18.72,38930,0.8,13.74,15,17.42,20.58,27.18,28590,31200,36220,42800,56530,,
99,U.S.,1,US,611000,Educational Services,"3-digit, ownership",3,41-2031,Retail Salespersons,detailed,490,3.5,,,0.01,~,18.72,38930,0.8,13.74,15,17.42,20.58,27.18,28590,31200,36220,42800,56530,,
99,U.S.,1,US,611000,Educational Services,"3-digit, ownership",3,41-3000,"Sales Representatives, Services",minor,390,12,,,0,~,37.3,77590,4.6,22.09,29.18,34.9,41.24,48.73,45950,60690,72590,85770,101360,,
99,U.S.,1,US,611000,Educational Services,"3-digit, ownership",3,41-3090,"Miscellaneous Sales Representatives, Services",broad,380,12.1,,,0,~,37.39,77780,4.6,22.18,29.21,34.9,41.24,48.73,46130,60760,72590,85770,101360,,
99,U.S.,1,US,611000,Educational Services,"3-digit, ownership",3,41-3091,"Sales Representatives of Services, Except Advertising, Insurance, Financial Services, and Travel",detailed,380,12.1,,,0,~,37.39,77780,4.6,22.18,29.21,34.9,41.24,48.73,46130,60760,72590,85770,101360,,
99,U.S.,1,US,611000,Educational Services,"3-digit, ownership",3,41-9000,Other Sales and Related Workers,minor,320,4.9,,,0,~,26.85,55860,2.3,16.06,19.77,24.42,30.71,35,33400,41120,50800,63890,72800,,
99,U.S.,1,US,611000,Educational Services,"3-digit, ownership",3,41-9010,"Models, Demonstrators, and Product Promoters",broad,260,1.1,,,0,~,26.01,54090,0.4,16.15,19.73,23.27,30,31.88,33590,41040,48410,62400,66310,,
99,U.S.,1,US,611000,Educational Services,"3-digit, ownership",3,41-9012,Models,detailed,260,1.1,,,0,~,26.12,54330,0.4,16.39,19.91,23.27,30,31.88,34100,41400,48410,62400,66310,,
99,U.S.,1,US,611000,Educational Services,"3-digit, ownership",3,41-9090,Miscellaneous Sales and Related Workers,broad,50,32,,,0,~,31.3,65090,7.9,13.65,18.58,32.22,38.76,45.14,28400,38650,67010,80630,93900,,
99,U.S.,1,US,611000,Educational Services,"3-digit, ownership",3,41-9099,"Sales and Related Workers, All Other",detailed,50,32,,,0,~,31.3,65090,7.9,13.65,18.58,32.22,38.76,45.14,28400,38650,67010,80630,93900,,
99,U.S.,1,US,611000,Educational Services,"3-digit, ownership",3,43-0000,Office and Administrative Support Occupations,major,524100,0.5,,,6.3,92,23.22,48310,0.2,14.5,17.71,22.31,27.87,33.15,30150,36840,46400,57970,68950,,
99,U.S.,1,US,611000,Educational Services,"3-digit, ownership",3,43-1000,Supervisors of Office and Administrative Support Workers,minor,17340,1.7,,,0.21,12,34.29,71330,0.6,21.82,25.75,31.59,39.46,50.14,45390,53560,65710,82070,104290,,
99,U.S.,1,US,611000,Educational Services,"3-digit, ownership",3,43-1010,First-Line Supervisors of Office and Administrative Support Workers,broad,17340,1.7,,,0.21,12,34.29,71330,0.6,21.82,25.75,31.59,39.46,50.14,45390,53560,65710,82070,104290,,
99,U.S.,1,US,611000,Educational Services,"3-digit, ownership",3,43-1011,First-Line Supervisors of Office and Administrative Support Workers,detailed,17340,1.7,,,0.21,12,34.29,71330,0.6,21.82,25.75,31.59,39.46,50.14,45390,53560,65710,82070,104290,,
99,U.S.,1,US,611000,Educational Services,"3-digit, ownership",3,43-2000,Communications Equipment Operators,minor,230,8.2,,,0,~,20.32,42270,1.2,13.2,15.41,18.79,24.47,28.33,27450,32050,39090,50900,58930,,
99,U.S.,1,US,611000,Educational Services,"3-digit, ownership",3,43-2010,"Switchboard Operators, Including Answering Service",broad,200,4.2,,,0,~,20.25,42120,1.2,13.2,15.32,18.81,24.47,28.33,27450,31870,39120,50900,58930,,
99,U.S.,1,US,611000,Educational Services,"3-digit, ownership",3,43-2011,"Switchboard Operators, Including Answering Service",detailed,200,4.2,,,0,~,20.25,42120,1.2,13.2,15.32,18.81,24.47,28.33,27450,31870,39120,50900,58930,,
99,U.S.,1,US,611000,Educational Services,"3-digit, ownership",3,43-3000,Financial Clerks,minor,48170,1.7,,,0.58,32,25.9,53870,0.4,17.38,20.38,24.6,30.07,36.4,36150,42390,51160,62550,75720,,
99,U.S.,1,US,611000,Educational Services,"3-digit, ownership",3,43-3010,Bill and Account Collectors,broad,70,21.7,,,0,~,21.66,45050,5.9,15.53,17.63,19.55,27.45,27.81,32300,36670,40650,57090,57850,,
99,U.S.,1,US,611000,Educational Services,"3-digit, ownership",3,43-3011,Bill and Account Collectors,detailed,70,21.7,,,0,~,21.66,45050,5.9,15.53,17.63,19.55,27.45,27.81,32300,36670,40650,57090,57850,,
99,U.S.,1,US,611000,Educational Services,"3-digit, ownership",3,43-3020,Billing and Posting Clerks,broad,750,11.3,,,0.01,1,25.54,53110,1.8,19.25,20.93,24.92,30.54,31.02,40030,43530,51830,63510,64520,,
99,U.S.,1,US,611000,Educational Services,"3-digit, ownership",3,43-3021,Billing and Posting Clerks,detailed,750,11.3,,,0.01,1,25.54,53110,1.8,19.25,20.93,24.92,30.54,31.02,40030,43530,51830,63510,64520,,
99,U.S.,1,US,611000,Educational Services,"3-digit, ownership",3,43-3030,"Bookkeeping, Accounting, and Auditing Clerks",broad,37710,1.9,,,0.45,27,25.34,52710,0.5,17.16,19.94,23.95,29.38,35.88,35700,41480,49810,61100,74630,,
99,U.S.,1,US,611000,Educational Services,"3-digit, ownership",3,43-3031,"Bookkeeping, Accounting, and Auditing Clerks",detailed,37710,1.9,,,0.45,27,25.34,52710,0.5,17.16,19.94,23.95,29.38,35.88,35700,41480,49810,61100,74630,,
99,U.S.,1,US,611000,Educational Services,"3-digit, ownership",3,43-3050,Payroll and Timekeeping Clerks,broad,8610,3.2,,,0.1,9,28.82,59950,0.8,19.68,23.4,28.36,33.9,38.56,40930,48680,59000,70520,80200,,
99,U.S.,1,US,611000,Educational Services,"3-digit, ownership",3,43-3051,Payroll and Timekeeping Clerks,detailed,8610,3.2,,,0.1,9,28.82,59950,0.8,19.68,23.4,28.36,33.9,38.56,40930,48680,59000,70520,80200,,
99,U.S.,1,US,611000,Educational Services,"3-digit, ownership",3,43-3060,Procurement Clerks,broad,730,6,,,0.01,1,23.83,49570,1.9,16.07,19.45,23.04,27.91,32.56,33430,40460,47920,58040,67730,,
99,U.S.,1,US,611000,Educational Services,"3-digit, ownership",3,43-3061,Procurement Clerks,detailed,730,6,,,0.01,1,23.83,49570,1.9,16.07,19.45,23.04,27.91,32.56,33430,40460,47920,58040,67730,,
99,U.S.,1,US,611000,Educational Services,"3-digit, ownership",3,43-3090,Miscellaneous Financial Clerks,broad,300,6.1,,,0,~,19.7,40980,2.4,13.5,14.08,19.26,23.79,25.82,28080,29290,40070,49470,53710,,
99,U.S.,1,US,611000,Educational Services,"3-digit, ownership",3,43-3099,"Financial Clerks, All Other",detailed,300,6.1,,,0,~,19.7,40980,2.4,13.5,14.08,19.26,23.79,25.82,28080,29290,40070,49470,53710,,
99,U.S.,1,US,611000,Educational Services,"3-digit, ownership",3,43-4000,Information and Record Clerks,minor,47280,1.4,,,0.57,26,21.33,44360,0.4,13.89,16.42,20.07,25.02,30.2,28890,34140,41750,52050,62810,,
99,U.S.,1,US,611000,Educational Services,"3-digit, ownership",3,43-4050,Customer Service Representatives,broad,2610,2.6,,,0.03,1,22.26,46310,0.8,14.5,17,20.78,26.16,32.72,30160,35350,43220,54410,68060,,
99,U.S.,1,US,611000,Educational Services,"3-digit, ownership",3,43-4051,Customer Service Representatives,detailed,2610,2.6,,,0.03,1,22.26,46310,0.8,14.5,17,20.78,26.16,32.72,30160,35350,43220,54410,68060,,
99,U.S.,1,US,611000,Educational Services,"3-digit, ownership",3,43-4060,"Eligibility Interviewers, Government Programs",broad,220,10.5,,,0,~,26.88,55900,3.5,18.93,21.49,26.38,32.31,37.93,39370,44710,54870,67210,78890,,
99,U.S.,1,US,611000,Educational Services,"3-digit, ownership",3,43-4061,"Eligibility Interviewers, Government Programs",detailed,220,10.5,,,0,~,26.88,55900,3.5,18.93,21.49,26.38,32.31,37.93,39370,44710,54870,67210,78890,,
99,U.S.,1,US,611000,Educational Services,"3-digit, ownership",3,43-4070,File Clerks,broad,2700,3.8,,,0.03,2,21.13,43940,0.8,14.17,16.92,20.39,24.45,29.22,29480,35190,42410,50850,60780,,
99,U.S.,1,US,611000,Educational Services,"3-digit, ownership",3,43-4071,File Clerks,detailed,2700,3.8,,,0.03,2,21.13,43940,0.8,14.17,16.92,20.39,24.45,29.22,29480,35190,42410,50850,60780,,
99,U.S.,1,US,611000,Educational Services,"3-digit, ownership",3,43-4080,"Hotel, Motel, and Resort Desk Clerks",broad,30,6.2,,,0,~,17.08,35530,0.8,15.49,16,16.54,17.13,18.15,32220,33280,34410,35630,37750,,
99,U.S.,1,US,611000,Educational Services,"3-digit, ownership",3,43-4081,"Hotel, Motel, and Resort Desk Clerks",detailed,30,6.2,,,0,~,17.08,35530,0.8,15.49,16,16.54,17.13,18.15,32220,33280,34410,35630,37750,,
99,U.S.,1,US,611000,Educational Services,"3-digit, ownership",3,43-4110,"Interviewers, Except Eligibility and Loan",broad,1960,2.9,,,0.02,1,25.63,53300,0.6,17.76,21.1,25.02,28.79,34.82,36930,43890,52050,59870,72420,,
99,U.S.,1,US,611000,Educational Services,"3-digit, ownership",3,43-4111,"Interviewers, Except Eligibility and Loan",detailed,1960,2.9,,,0.02,1,25.63,53300,0.6,17.76,21.1,25.02,28.79,34.82,36930,43890,52050,59870,72420,,
99,U.S.,1,US,611000,Educational Services,"3-digit, ownership",3,43-4120,"Library Assistants, Clerical",broad,12230,2.4,,,0.15,10,18.54,38560,0.6,12.56,14.88,18.03,21.75,25.11,26130,30950,37510,45230,52240,,
99,U.S.,1,US,611000,Educational Services,"3-digit, ownership",3,43-4121,"Library Assistants, Clerical",detailed,12230,2.4,,,0.15,10,18.54,38560,0.6,12.56,14.88,18.03,21.75,25.11,26130,30950,37510,45230,52240,,
99,U.S.,1,US,611000,Educational Services,"3-digit, ownership",3,43-4130,Loan Interviewers and Clerks,broad,160,2.1,,,0,~,29.28,60900,1.4,18.51,25.45,30.19,33.74,38.17,38500,52940,62800,70190,79400,,
99,U.S.,1,US,611000,Educational Services,"3-digit, ownership",3,43-4131,Loan Interviewers and Clerks,detailed,160,2.1,,,0,~,29.28,60900,1.4,18.51,25.45,30.19,33.74,38.17,38500,52940,62800,70190,79400,,
99,U.S.,1,US,611000,Educational Services,"3-digit, ownership",3,43-4160,"Human Resources Assistants, Except Payroll and Timekeeping",broad,3270,3.1,,,0.04,3,26.34,54780,0.7,18.44,22.08,25.81,30.13,35.26,38360,45930,53690,62680,73330,,
99,U.S.,1,US,611000,Educational Services,"3-digit, ownership",3,43-4161,"Human Resources Assistants, Except Payroll and Timekeeping",detailed,3270,3.1,,,0.04,3,26.34,54780,0.7,18.44,22.08,25.81,30.13,35.26,38360,45930,53690,62680,73330,,
99,U.S.,1,US,611000,Educational Services,"3-digit, ownership",3,43-4170,Receptionists and Information Clerks,broad,10050,2.1,,,0.12,7,18.37,38200,0.6,12.27,14.99,17.77,21.34,24.86,25520,31170,36960,44390,51710,,
99,U.S.,1,US,611000,Educational Services,"3-digit, ownership",3,43-4171,Receptionists and Information Clerks,detailed,10050,2.1,,,0.12,7,18.37,38200,0.6,12.27,14.99,17.77,21.34,24.86,25520,31170,36960,44390,51710,,
99,U.S.,1,US,611000,Educational Services,"3-digit, ownership",3,43-4190,Miscellaneous Information and Record Clerks,broad,14000,3.4,,,0.17,9,23.81,49510,0.9,15.16,18.49,22.96,28.27,33,31520,38470,47760,58800,68650,,
99,U.S.,1,US,611000,Educational Services,"3-digit, ownership",3,43-4199,"Information and Record Clerks, All Other",detailed,14000,3.4,,,0.17,9,23.81,49510,0.9,15.16,18.49,22.96,28.27,33,31520,38470,47760,58800,68650,,
99,U.S.,1,US,611000,Educational Services,"3-digit, ownership",3,43-5000,"Material Recording, Scheduling, Dispatching, and Distributing Workers",minor,8610,2.2,,,0.1,5,26.08,54240,0.6,16.74,19.1,23.76,30.57,38.37,34820,39730,49420,63590,79810,,
99,U.S.,1,US,611000,Educational Services,"3-digit, ownership",3,43-5020,Couriers and Messengers,broad,950,12.6,,,0.01,1,20.39,42410,2.2,14.35,16.57,19.89,23.71,27.89,29850,34460,41370,49310,58000,,
99,U.S.,1,US,611000,Educational Services,"3-digit, ownership",3,43-5021,Couriers and Messengers,detailed,950,12.6,,,0.01,1,20.39,42410,2.2,14.35,16.57,19.89,23.71,27.89,29850,34460,41370,49310,58000,,
99,U.S.,1,US,611000,Educational Services,"3-digit, ownership",3,43-5030,Dispatchers,broad,3230,3.6,,,0.04,2,24.93,51850,0.9,17.81,19.33,23.49,29.2,35.2,37040,40200,48860,60740,73220,,
99,U.S.,1,US,611000,Educational Services,"3-digit, ownership",3,43-5031,Public Safety Telecommunicators,detailed,810,2.2,,,0.01,~,23.08,48010,0.4,18.3,18.3,21.41,24.56,32.42,38060,38060,44530,51080,67440,,
99,U.S.,1,US,611000,Educational Services,"3-digit, ownership",3,43-5032,"Dispatchers, Except Police, Fire, and Ambulance",detailed,2420,4.9,,,0.03,2,25.55,53130,1.1,17.81,20.15,24.1,29.95,35.5,37040,41910,50130,62300,73830,,
99,U.S.,1,US,611000,Educational Services,"3-digit, ownership",3,43-5060,"Production, Planning, and Expediting Clerks",broad,2440,3.2,,,0.03,2,32.97,68580,0.7,19.6,24.78,30.87,39.03,48.12,40760,51550,64220,81180,100100,,
99,U.S.,1,US,611000,Educational Services,"3-digit, ownership",3,43-5061,"Production, Planning, and Expediting Clerks",detailed,2440,3.2,,,0.03,2,32.97,68580,0.7,19.6,24.78,30.87,39.03,48.12,40760,51550,64220,81180,100100,,
99,U.S.,1,US,611000,Educational Services,"3-digit, ownership",3,43-5070,"Shipping, Receiving, and Inventory Clerks",broad,1980,1.6,,,0.02,1,22.19,46150,0.4,15.88,17.62,20.91,24.54,30.55,33020,36640,43490,51050,63530,,
99,U.S.,1,US,611000,Educational Services,"3-digit, ownership",3,43-5071,"Shipping, Receiving, and Inventory Clerks",detailed,1980,1.6,,,0.02,1,22.19,46150,0.4,15.88,17.62,20.91,24.54,30.55,33020,36640,43490,51050,63530,,
99,U.S.,1,US,611000,Educational Services,"3-digit, ownership",3,43-6000,Secretaries and Administrative Assistants,minor,238830,0.7,,,2.87,81,23.79,49490,0.2,14.98,18.18,22.77,28.45,33.5,31160,37800,47360,59170,69680,,
99,U.S.,1,US,611000,Educational Services,"3-digit, ownership",3,43-6010,Secretaries and Administrative Assistants,broad,238830,0.7,,,2.87,81,23.79,49490,0.2,14.98,18.18,22.77,28.45,33.5,31160,37800,47360,59170,69680,,
99,U.S.,1,US,611000,Educational Services,"3-digit, ownership",3,43-6011,Executive Secretaries and Executive Administrative Assistants,detailed,25510,2.3,,,0.31,17,34.78,72340,0.6,23.84,28.33,34.38,39.78,47.44,49590,58930,71510,82750,98670,,
99,U.S.,1,US,611000,Educational Services,"3-digit, ownership",3,43-6012,Legal Secretaries and Administrative Assistants,detailed,220,22.7,,,0,~,32.1,66770,1.5,25.74,28.83,33.27,33.27,36.36,53550,59960,69200,69200,75620,,
99,U.S.,1,US,611000,Educational Services,"3-digit, ownership",3,43-6013,Medical Secretaries and Administrative Assistants,detailed,1120,4.7,,,0.01,~,26.67,55470,1.9,16.78,24.43,30.46,30.46,30.46,34890,50820,63350,63350,63350,,
99,U.S.,1,US,611000,Educational Services,"3-digit, ownership",3,43-6014,"Secretaries and Administrative Assistants, Except Legal, Medical, and Executive",detailed,211990,0.7,,,2.55,77,22.45,46690,0.2,14.72,17.88,22.21,26.52,30.4,30620,37180,46190,55170,63230,,
99,U.S.,1,US,611000,Educational Services,"3-digit, ownership",3,43-9000,Other Office and Administrative Support Workers,minor,163630,1,,,1.97,55,20.83,43330,0.3,13.65,16.24,19.42,23.94,29.57,28390,33790,40400,49800,61510,,
99,U.S.,1,US,611000,Educational Services,"3-digit, ownership",3,43-9020,Data Entry and Information Processing Workers,broad,16890,4.8,,,0.2,11,22.34,46470,0.8,16.26,18.11,22.28,25.66,29.6,33820,37660,46340,53370,61570,,
99,U.S.,1,US,611000,Educational Services,"3-digit, ownership",3,43-9021,Data Entry Keyers,detailed,5020,2.9,,,0.06,3,19.82,41230,0.8,14.55,16.54,18.84,23.12,26.75,30250,34410,39190,48090,55630,,
99,U.S.,1,US,611000,Educational Services,"3-digit, ownership",3,43-9022,Word Processors and Typists,detailed,11870,6.7,,,0.14,8,23.41,48690,0.9,17.06,19.21,22.79,26.65,30.01,35490,39960,47410,55430,62410,,
99,U.S.,1,US,611000,Educational Services,"3-digit, ownership",3,43-9030,Desktop Publishers,broad,70,16.2,,,0,~,28.51,59300,6.5,17.39,18.42,24.77,38.25,42.39,36160,38310,51530,79560,88170,,
99,U.S.,1,US,611000,Educational Services,"3-digit, ownership",3,43-9031,Desktop Publishers,detailed,70,16.2,,,0,~,28.51,59300,6.5,17.39,18.42,24.77,38.25,42.39,36160,38310,51530,79560,88170,,
99,U.S.,1,US,611000,Educational Services,"3-digit, ownership",3,43-9050,"Mail Clerks and Mail Machine Operators, Except Postal Service",broad,750,2.2,,,0.01,1,21.22,44150,0.4,15.16,16.85,19.79,23.82,30.39,31530,35050,41170,49550,63200,,
99,U.S.,1,US,611000,Educational Services,"3-digit, ownership",3,43-9051,"Mail Clerks and Mail Machine Operators, Except Postal Service",detailed,750,2.2,,,0.01,1,21.22,44150,0.4,15.16,16.85,19.79,23.82,30.39,31530,35050,41170,49550,63200,,
99,U.S.,1,US,611000,Educational Services,"3-digit, ownership",3,43-9060,"Office Clerks, General",broad,129640,1,,,1.56,49,20.37,42370,0.3,13.56,15.73,18.82,23.6,28.98,28210,32720,39150,49090,60270,,
99,U.S.,1,US,611000,Educational Services,"3-digit, ownership",3,43-9061,"Office Clerks, General",detailed,129640,1,,,1.56,49,20.37,42370,0.3,13.56,15.73,18.82,23.6,28.98,28210,32720,39150,49090,60270,,
99,U.S.,1,US,611000,Educational Services,"3-digit, ownership",3,43-9070,"Office Machine Operators, Except Computer",broad,910,4.8,,,0.01,1,23.71,49320,1.3,15.32,18.07,22.67,28.87,34.55,31860,37590,47160,60050,71870,,
99,U.S.,1,US,611000,Educational Services,"3-digit, ownership",3,43-9071,"Office Machine Operators, Except Computer",detailed,910,4.8,,,0.01,1,23.71,49320,1.3,15.32,18.07,22.67,28.87,34.55,31860,37590,47160,60050,71870,,
99,U.S.,1,US,611000,Educational Services,"3-digit, ownership",3,43-9110,Statistical Assistants,broad,120,13.2,,,0,~,27.4,56990,2.2,20.21,23.72,25.92,30.86,38.72,42030,49340,53920,64200,80530,,
99,U.S.,1,US,611000,Educational Services,"3-digit, ownership",3,43-9111,Statistical Assistants,detailed,120,13.2,,,0,~,27.4,56990,2.2,20.21,23.72,25.92,30.86,38.72,42030,49340,53920,64200,80530,,
99,U.S.,1,US,611000,Educational Services,"3-digit, ownership",3,43-9190,Miscellaneous Office and Administrative Support Workers,broad,15230,5.1,,,0.18,4,22.81,47430,0.9,11.12,16.7,21.65,28.16,36.13,23140,34730,45030,58570,75150,,
99,U.S.,1,US,611000,Educational Services,"3-digit, ownership",3,43-9199,"Office and Administrative Support Workers, All Other",detailed,15230,5.1,,,0.18,4,22.81,47430,0.9,11.12,16.7,21.65,28.16,36.13,23140,34730,45030,58570,75150,,
99,U.S.,1,US,611000,Educational Services,"3-digit, ownership",3,45-0000,"Farming, Fishing, and Forestry Occupations",major,230,14.6,,,0,~,19.51,40570,5.7,12.36,12.54,16.3,25.44,29.9,25720,26080,33900,52920,62180,,
99,U.S.,1,US,611000,Educational Services,"3-digit, ownership",3,45-2000,Agricultural Workers,minor,210,15.8,,,0,~,18.7,38900,5.6,12.17,12.54,16.08,23.65,29.39,25310,26080,33450,49190,61140,,
99,U.S.,1,US,611000,Educational Services,"3-digit, ownership",3,45-2090,Miscellaneous Agricultural Workers,broad,210,15.8,,,0,~,18.7,38900,5.6,12.17,12.54,16.08,23.65,29.39,25310,26080,33450,49190,61140,,
99,U.S.,1,US,611000,Educational Services,"3-digit, ownership",3,45-2092,"Farmworkers and Laborers, Crop, Nursery, and Greenhouse",detailed,130,24.7,,,0,~,18.6,38690,10.8,10.3,12.54,13.62,25.34,30.41,21420,26080,28320,52710,63250,,
99,U.S.,1,US,611000,Educational Services,"3-digit, ownership",3,45-2093,"Farmworkers, Farm, Ranch, and Aquacultural Animals",detailed,80,10.2,,,0,~,18.52,38510,2.5,14.36,14.45,16.3,23.41,26.08,29870,30050,33900,48700,54250,,
99,U.S.,1,US,611000,Educational Services,"3-digit, ownership",3,47-0000,Construction and Extraction Occupations,major,16730,4.7,,,0.2,5,27.35,56900,1.2,13.77,20.02,25.59,33.82,41.27,28650,41650,53230,70350,85830,,
99,U.S.,1,US,611000,Educational Services,"3-digit, ownership",3,47-1000,Supervisors of Construction and Extraction Workers,minor,690,9.5,,,0.01,~,37.62,78240,1.6,24.64,29.54,37.55,44.26,52.29,51260,61430,78100,92060,108750,,
99,U.S.,1,US,611000,Educational Services,"3-digit, ownership",3,47-1010,First-Line Supervisors of Construction Trades and Extraction Workers,broad,690,9.5,,,0.01,~,37.62,78240,1.6,24.64,29.54,37.55,44.26,52.29,51260,61430,78100,92060,108750,,
99,U.S.,1,US,611000,Educational Services,"3-digit, ownership",3,47-1011,First-Line Supervisors of Construction Trades and Extraction Workers,detailed,690,9.5,,,0.01,~,37.62,78240,1.6,24.64,29.54,37.55,44.26,52.29,51260,61430,78100,92060,108750,,
99,U.S.,1,US,611000,Educational Services,"3-digit, ownership",3,47-2000,Construction Trades Workers,minor,15230,4.6,,,0.18,5,26.83,55800,1.3,13.32,19.76,25.12,32.96,40.2,27710,41090,52260,68570,83620,,
99,U.S.,1,US,611000,Educational Services,"3-digit, ownership",3,47-2010,Boilermakers,broad,50,37.6,,,0,~,26.22,54540,8.1,21.36,21.36,24.83,30.47,31.84,44430,44430,51640,63380,66240,,
99,U.S.,1,US,611000,Educational Services,"3-digit, ownership",3,47-2011,Boilermakers,detailed,50,37.6,,,0,~,26.22,54540,8.1,21.36,21.36,24.83,30.47,31.84,44430,44430,51640,63380,66240,,
99,U.S.,1,US,611000,Educational Services,"3-digit, ownership",3,47-2020,"Brickmasons, Blockmasons, and Stonemasons",broad,50,13,,,0,~,28.06,58360,6.3,21.12,21.98,24.66,31.07,38.03,43920,45710,51280,64630,79090,,
99,U.S.,1,US,611000,Educational Services,"3-digit, ownership",3,47-2021,Brickmasons and Blockmasons,detailed,50,14.1,,,0,~,28.13,58500,6.8,21.12,21.98,24.61,34.8,41.18,43920,45710,51180,72380,85640,,
99,U.S.,1,US,611000,Educational Services,"3-digit, ownership",3,47-2030,Carpenters,broad,2850,2.7,,,0.03,1,27.46,57110,1,18.34,20.97,24.72,32.47,39.77,38150,43630,51430,67540,82720,,
99,U.S.,1,US,611000,Educational Services,"3-digit, ownership",3,47-2031,Carpenters,detailed,2850,2.7,,,0.03,1,27.46,57110,1,18.34,20.97,24.72,32.47,39.77,38150,43630,51430,67540,82720,,
99,U.S.,1,US,611000,Educational Services,"3-digit, ownership",3,47-2040,"Carpet, Floor, and Tile Installers and Finishers",broad,30,8.3,,,0,~,27.43,57050,3.1,17.73,21.1,23.85,34.07,39.65,36890,43900,49610,70870,82460,,
99,U.S.,1,US,611000,Educational Services,"3-digit, ownership",3,47-2050,"Cement Masons, Concrete Finishers, and Terrazzo Workers",broad,60,12.4,,,0,~,30.33,63080,3.3,18.04,21.43,27.86,40.76,44.34,37520,44570,57940,84780,92230,,
99,U.S.,1,US,611000,Educational Services,"3-digit, ownership",3,47-2051,Cement Masons and Concrete Finishers,detailed,60,12.4,,,0,~,30.33,63080,3.3,18.04,21.43,27.86,40.76,44.34,37520,44570,57940,84780,92230,,
99,U.S.,1,US,611000,Educational Services,"3-digit, ownership",3,47-2060,Construction Laborers,broad,3160,20.3,,,0.04,2,17.21,35800,10.3,9.43,10.76,14.43,22.64,29.82,19620,22370,30010,47100,62030,,
99,U.S.,1,US,611000,Educational Services,"3-digit, ownership",3,47-2061,Construction Laborers,detailed,3160,20.3,,,0.04,2,17.21,35800,10.3,9.43,10.76,14.43,22.64,29.82,19620,22370,30010,47100,62030,,
99,U.S.,1,US,611000,Educational Services,"3-digit, ownership",3,47-2070,Construction Equipment Operators,broad,270,8.3,,,0,~,25.43,52900,3.1,18.12,19.73,23.83,30.62,36.66,37700,41030,49570,63690,76250,,
99,U.S.,1,US,611000,Educational Services,"3-digit, ownership",3,47-2073,Operating Engineers and Other Construction Equipment Operators,detailed,270,8.3,,,0,~,25.43,52900,3.1,18.12,19.73,23.83,30.62,36.66,37700,41030,49570,63690,76250,,
99,U.S.,1,US,611000,Educational Services,"3-digit, ownership",3,47-2110,Electricians,broad,3640,1.9,,,0.04,2,31.02,64520,0.5,19.33,23.88,29.93,36.87,44.39,40210,49670,62250,76690,92320,,
99,U.S.,1,US,611000,Educational Services,"3-digit, ownership",3,47-2111,Electricians,detailed,3640,1.9,,,0.04,2,31.02,64520,0.5,19.33,23.88,29.93,36.87,44.39,40210,49670,62250,76690,92320,,
99,U.S.,1,US,611000,Educational Services,"3-digit, ownership",3,47-2120,Glaziers,broad,110,8.2,,,0,~,30.52,63490,3.6,19.72,21.65,29.6,37.31,42.58,41010,45030,61570,77600,88560,,
99,U.S.,1,US,611000,Educational Services,"3-digit, ownership",3,47-2121,Glaziers,detailed,110,8.2,,,0,~,30.52,63490,3.6,19.72,21.65,29.6,37.31,42.58,41010,45030,61570,77600,88560,,
99,U.S.,1,US,611000,Educational Services,"3-digit, ownership",3,47-2140,Painters and Paperhangers,broad,1800,1.9,,,0.02,1,27.16,56500,0.9,18.25,21.02,24.94,32.14,40.31,37960,43710,51870,66840,83850,,
99,U.S.,1,US,611000,Educational Services,"3-digit, ownership",3,47-2141,"Painters, Construction and Maintenance",detailed,1800,1.9,,,0.02,1,27.16,56500,0.9,18.25,21.02,24.94,32.14,40.31,37960,43710,51870,66840,83850,,
99,U.S.,1,US,611000,Educational Services,"3-digit, ownership",3,47-2150,"Pipelayers, Plumbers, Pipefitters, and Steamfitters",broad,2890,3.8,,,0.03,2,30.66,63780,1.2,19.16,23.79,29.87,37.09,42.82,39850,49490,62130,77160,89070,,
99,U.S.,1,US,611000,Educational Services,"3-digit, ownership",3,47-2152,"Plumbers, Pipefitters, and Steamfitters",detailed,2890,3.8,,,0.03,2,30.66,63770,1.2,19.16,23.79,29.87,37.09,42.82,39850,49490,62130,77160,89070,,
99,U.S.,1,US,611000,Educational Services,"3-digit, ownership",3,47-2180,Roofers,broad,190,4,,,0,~,27.58,57370,0.7,19.31,22.01,25.53,31.87,36.42,40160,45770,53110,66290,75740,,
99,U.S.,1,US,611000,Educational Services,"3-digit, ownership",3,47-2181,Roofers,detailed,190,4,,,0,~,27.58,57370,0.7,19.31,22.01,25.53,31.87,36.42,40160,45770,53110,66290,75740,,
99,U.S.,1,US,611000,Educational Services,"3-digit, ownership",3,47-2210,Sheet Metal Workers,broad,80,21.4,,,0,~,37.12,77210,4.5,23.59,29.61,38.47,45.48,46.61,49070,61580,80030,94590,96940,,
99,U.S.,1,US,611000,Educational Services,"3-digit, ownership",3,47-2211,Sheet Metal Workers,detailed,80,21.4,,,0,~,37.12,77210,4.5,23.59,29.61,38.47,45.48,46.61,49070,61580,80030,94590,96940,,
99,U.S.,1,US,611000,Educational Services,"3-digit, ownership",3,47-3000,"Helpers, Construction Trades",minor,140,1.7,,,0,~,17.53,36470,0.3,9.38,13.72,17.37,19.45,22.91,19500,28550,36130,40460,47660,,
99,U.S.,1,US,611000,Educational Services,"3-digit, ownership",3,47-3010,"Helpers, Construction Trades",broad,140,1.7,,,0,~,17.53,36470,0.3,9.38,13.72,17.37,19.45,22.91,19500,28550,36130,40460,47660,,
99,U.S.,1,US,611000,Educational Services,"3-digit, ownership",3,47-3012,Helpers--Carpenters,detailed,40,4,,,0,~,11.8,24550,1.3,9.38,9.38,9.38,16.36,16.61,19500,19500,19500,34040,34540,,
99,U.S.,1,US,611000,Educational Services,"3-digit, ownership",3,47-3013,Helpers--Electricians,detailed,40,6,,,0,~,19.37,40290,1.2,11.77,15.35,17.58,20.15,34.97,24490,31930,36560,41920,72740,,
99,U.S.,1,US,611000,Educational Services,"3-digit, ownership",3,47-3015,"Helpers--Pipelayers, Plumbers, Pipefitters, and Steamfitters",detailed,30,4.6,,,0,~,20.89,43450,0.7,15.66,17.36,20.46,21.82,24.02,32560,36120,42550,45390,49960,,
99,U.S.,1,US,611000,Educational Services,"3-digit, ownership",3,47-4000,Other Construction and Related Workers,minor,680,45.3,,,0.01,1,30.74,63930,13.5,16.85,21.24,28.52,39.87,49.03,35050,44180,59320,82930,101980,,
99,U.S.,1,US,611000,Educational Services,"3-digit, ownership",3,47-4010,Construction and Building Inspectors,broad,330,3,,,0,~,38.85,80810,0.9,24.77,30.05,39.87,47.83,52.67,51520,62500,82930,99490,109550,,
99,U.S.,1,US,611000,Educational Services,"3-digit, ownership",3,47-4011,Construction and Building Inspectors,detailed,330,3,,,0,~,38.85,80810,0.9,24.77,30.05,39.87,47.83,52.67,51520,62500,82930,99490,109550,,
99,U.S.,1,US,611000,Educational Services,"3-digit, ownership",3,47-4040,Hazardous Materials Removal Workers,broad,**,**,,,**,**,22.94,47720,7.9,16.75,17.62,21.67,26.06,34.54,34840,36650,45080,54210,71830,,
99,U.S.,1,US,611000,Educational Services,"3-digit, ownership",3,47-4041,Hazardous Materials Removal Workers,detailed,**,**,,,**,**,22.94,47720,7.9,16.75,17.62,21.67,26.06,34.54,34840,36650,45080,54210,71830,,
99,U.S.,1,US,611000,Educational Services,"3-digit, ownership",3,47-4090,Miscellaneous Construction and Related Workers,broad,**,**,,,**,**,22.33,46450,22.2,13.85,15.68,15.68,31.21,35.34,28810,32610,32610,64910,73500,,
99,U.S.,1,US,611000,Educational Services,"3-digit, ownership",3,47-4090,Miscellaneous Construction and Related Workers,detailed,**,**,,,**,**,22.33,46450,22.2,13.85,15.68,15.68,31.21,35.34,28810,32610,32610,64910,73500,,
99,U.S.,1,US,611000,Educational Services,"3-digit, ownership",3,49-0000,"Installation, Maintenance, and Repair Occupations",major,94440,1.3,,,1.13,35,26.87,55900,0.4,17.01,20.34,25.14,31.7,38.48,35380,42310,52290,65940,80050,,
99,U.S.,1,US,611000,Educational Services,"3-digit, ownership",3,49-1000,"Supervisors of Installation, Maintenance, and Repair Workers",minor,8150,2.9,,,0.1,7,36.46,75830,0.9,23.59,29.29,35.97,42.96,49.61,49070,60930,74820,89360,103200,,
99,U.S.,1,US,611000,Educational Services,"3-digit, ownership",3,49-1010,"First-Line Supervisors of Mechanics, Installers, and Repairers",broad,8150,2.9,,,0.1,7,36.46,75830,0.9,23.59,29.29,35.97,42.96,49.61,49070,60930,74820,89360,103200,,
99,U.S.,1,US,611000,Educational Services,"3-digit, ownership",3,49-1011,"First-Line Supervisors of Mechanics, Installers, and Repairers",detailed,8150,2.9,,,0.1,7,36.46,75830,0.9,23.59,29.29,35.97,42.96,49.61,49070,60930,74820,89360,103200,,
99,U.S.,1,US,611000,Educational Services,"3-digit, ownership",3,49-2000,"Electrical and Electronic Equipment Mechanics, Installers, and Repairers",minor,1810,2.1,,,0.02,1,30.29,63010,0.6,20.93,23.59,29.04,35.3,41.46,43530,49080,60390,73430,86230,,
99,U.S.,1,US,611000,Educational Services,"3-digit, ownership",3,49-2010,"Computer, Automated Teller, and Office Machine Repairers",broad,720,4.3,,,0.01,~,30.03,62460,1.3,21.59,24.33,29.82,34.57,40.18,44920,50600,62030,71910,83560,,
99,U.S.,1,US,611000,Educational Services,"3-digit, ownership",3,49-2011,"Computer, Automated Teller, and Office Machine Repairers",detailed,720,4.3,,,0.01,~,30.03,62460,1.3,21.59,24.33,29.82,34.57,40.18,44920,50600,62030,71910,83560,,
99,U.S.,1,US,611000,Educational Services,"3-digit, ownership",3,49-2020,Radio and Telecommunications Equipment Installers and Repairers,broad,290,5.6,,,0,~,31.61,65760,1.2,18.81,24.12,30.07,40.75,47.4,39130,50170,62540,84770,98580,,
99,U.S.,1,US,611000,Educational Services,"3-digit, ownership",3,49-2022,"Telecommunications Equipment Installers and Repairers, Except Line Installers",detailed,280,5.7,,,0,~,31.65,65830,1.2,19.13,24.12,30.07,40.8,47.4,39800,50170,62540,84860,98580,,
99,U.S.,1,US,611000,Educational Services,"3-digit, ownership",3,49-2090,"Miscellaneous Electrical and Electronic Equipment Mechanics, Installers, and Repairers",broad,800,1.7,,,0.01,~,30.05,62500,0.8,20.93,23.1,28.04,34.76,42.19,43530,48040,58310,72300,87760,,
99,U.S.,1,US,611000,Educational Services,"3-digit, ownership",3,49-2094,"Electrical and Electronics Repairers, Commercial and Industrial Equipment",detailed,350,2,,,0,~,29.27,60880,0.9,20.93,22.55,26.54,33.08,43.19,43530,46890,55190,68800,89840,,
99,U.S.,1,US,611000,Educational Services,"3-digit, ownership",3,49-2097,Audiovisual Equipment Installers and Repairers,detailed,30,5.6,,,0,~,29.03,60390,0.6,20.17,26.9,27.4,33.46,37.69,41950,55960,56980,69590,78400,,
99,U.S.,1,US,611000,Educational Services,"3-digit, ownership",3,49-2098,Security and Fire Alarm Systems Installers,detailed,360,2.7,,,0,~,30.7,63850,1.6,22.01,23.93,28.7,35.07,41.44,45770,49770,59700,72940,86200,,
99,U.S.,1,US,611000,Educational Services,"3-digit, ownership",3,49-3000,"Vehicle and Mobile Equipment Mechanics, Installers, and Repairers",minor,11270,3.7,,,0.14,7,26.44,55000,0.7,18.29,21.54,24.8,30.41,37.38,38050,44810,51590,63240,77750,,
99,U.S.,1,US,611000,Educational Services,"3-digit, ownership",3,49-3010,Aircraft Mechanics and Service Technicians,broad,30,14.4,,,0,~,31.68,65890,3.5,19.17,25.54,33.19,37.25,43.5,39860,53130,69020,77490,90470,,
99,U.S.,1,US,611000,Educational Services,"3-digit, ownership",3,49-3011,Aircraft Mechanics and Service Technicians,detailed,30,14.4,,,0,~,31.68,65890,3.5,19.17,25.54,33.19,37.25,43.5,39860,53130,69020,77490,90470,,
99,U.S.,1,US,611000,Educational Services,"3-digit, ownership",3,49-3020,Automotive Technicians and Repairers,broad,1060,3.4,,,0.01,1,26.49,55100,0.6,18.24,20.2,24.37,30.69,38.68,37950,42020,50680,63830,80450,,
99,U.S.,1,US,611000,Educational Services,"3-digit, ownership",3,49-3021,Automotive Body and Related Repairers,detailed,90,3.8,,,0,~,23.48,48830,0.4,17.37,18.62,19.96,27.28,33.55,36130,38740,41510,56740,69780,,
99,U.S.,1,US,611000,Educational Services,"3-digit, ownership",3,49-3023,Automotive Service Technicians and Mechanics,detailed,960,3.7,,,0.01,1,26.78,55710,0.7,18.24,20.33,24.46,31.24,40.31,37950,42280,50870,64980,83850,,
99,U.S.,1,US,611000,Educational Services,"3-digit, ownership",3,49-3030,Bus and Truck Mechanics and Diesel Engine Specialists,broad,9930,4.1,,,0.12,7,26.34,54790,0.8,18.28,21.59,24.79,30.13,37.03,38030,44910,51570,62670,77030,,
99,U.S.,1,US,611000,Educational Services,"3-digit, ownership",3,49-3031,Bus and Truck Mechanics and Diesel Engine Specialists,detailed,9930,4.1,,,0.12,7,26.34,54790,0.8,18.28,21.59,24.79,30.13,37.03,38030,44910,51570,62670,77030,,
99,U.S.,1,US,611000,Educational Services,"3-digit, ownership",3,49-3040,Heavy Vehicle and Mobile Equipment Service Technicians and Mechanics,broad,80,3.3,,,0,~,34.26,71260,0.3,25.3,33.17,37.38,37.38,37.38,52620,69000,77750,77750,77750,,
99,U.S.,1,US,611000,Educational Services,"3-digit, ownership",3,49-3042,"Mobile Heavy Equipment Mechanics, Except Engines",detailed,70,2.9,,,0,~,34.33,71410,0.3,25.3,32.06,37.38,37.38,37.38,52620,66680,77750,77750,77750,,
99,U.S.,1,US,611000,Educational Services,"3-digit, ownership",3,49-3050,Small Engine Mechanics,broad,150,3.8,,,0,~,28.37,59000,0.9,19.3,21.88,26.19,33.02,41.44,40140,45510,54460,68680,86200,,
99,U.S.,1,US,611000,Educational Services,"3-digit, ownership",3,49-3053,Outdoor Power Equipment and Other Small Engine Mechanics,detailed,150,3.9,,,0,~,28.39,59040,0.9,19.3,21.88,26.36,33.02,40.73,40140,45510,54830,68680,84710,,
99,U.S.,1,US,611000,Educational Services,"3-digit, ownership",3,49-9000,"Other Installation, Maintenance, and Repair Occupations",minor,73210,1.4,,,0.88,31,25.79,53640,0.4,16.29,19.35,24.26,30.6,36.93,33880,40240,50450,63640,76810,,
99,U.S.,1,US,611000,Educational Services,"3-digit, ownership",3,49-9020,"Heating, Air Conditioning, and Refrigeration Mechanics and Installers",broad,5280,1.9,,,0.06,2,29.83,62040,0.5,20.09,23.85,29.07,35.05,40.53,41800,49600,60460,72910,84310,,
99,U.S.,1,US,611000,Educational Services,"3-digit, ownership",3,49-9021,"Heating, Air Conditioning, and Refrigeration Mechanics and Installers",detailed,5280,1.9,,,0.06,2,29.83,62040,0.5,20.09,23.85,29.07,35.05,40.53,41800,49600,60460,72910,84310,,
99,U.S.,1,US,611000,Educational Services,"3-digit, ownership",3,49-9030,Home Appliance Repairers,broad,80,11.6,,,0,~,25.15,52310,1.9,16.52,19.57,24.78,30.85,33.36,34370,40710,51530,64160,69390,,
99,U.S.,1,US,611000,Educational Services,"3-digit, ownership",3,49-9031,Home Appliance Repairers,detailed,80,11.6,,,0,~,25.15,52310,1.9,16.52,19.57,24.78,30.85,33.36,34370,40710,51530,64160,69390,,
99,U.S.,1,US,611000,Educational Services,"3-digit, ownership",3,49-9040,"Industrial Machinery Installation, Repair, and Maintenance Workers",broad,140,19,,,0,~,29.49,61350,5.5,18.48,20.87,27.61,34.38,42.54,38440,43400,57430,71500,88480,,
99,U.S.,1,US,611000,Educational Services,"3-digit, ownership",3,49-9041,Industrial Machinery Mechanics,detailed,70,7.7,,,0,~,28.7,59700,1.3,19.88,22.99,27.46,34.38,42.54,41360,47820,57120,71500,88480,,
99,U.S.,1,US,611000,Educational Services,"3-digit, ownership",3,49-9043,"Maintenance Workers, Machinery",detailed,60,43.4,,,0,~,30.44,63320,18.2,17.74,19.97,27.61,33.2,59.98,36890,41540,57430,69050,124750,,
99,U.S.,1,US,611000,Educational Services,"3-digit, ownership",3,49-9060,Precision Instrument and Equipment Repairers,broad,110,11.5,,,0,~,29.29,60930,2.7,14.28,22.05,27.28,38.52,41.33,29690,45860,56740,80130,85960,,
99,U.S.,1,US,611000,Educational Services,"3-digit, ownership",3,49-9061,Camera and Photographic Equipment Repairers,detailed,40,27.6,,,0,~,22.59,47000,1.8,14.28,14.28,23.14,23.98,33.86,29690,29690,48120,49870,70430,,
99,U.S.,1,US,611000,Educational Services,"3-digit, ownership",3,49-9062,Medical Equipment Repairers,detailed,30,3.3,,,0,~,39.5,82150,1.1,28.95,34.03,40.01,42.56,49.81,60220,70770,83220,88510,103600,,
99,U.S.,1,US,611000,Educational Services,"3-digit, ownership",3,49-9070,"Maintenance and Repair Workers, General",broad,65780,1.5,,,0.79,30,25.46,52960,0.4,16.05,19.09,23.99,30.29,36.56,33380,39710,49900,63010,76040,,
99,U.S.,1,US,611000,Educational Services,"3-digit, ownership",3,49-9071,"Maintenance and Repair Workers, General",detailed,65780,1.5,,,0.79,30,25.46,52960,0.4,16.05,19.09,23.99,30.29,36.56,33380,39710,49900,63010,76040,,
99,U.S.,1,US,611000,Educational Services,"3-digit, ownership",3,49-9090,"Miscellaneous Installation, Maintenance, and Repair Workers",broad,1800,4.2,,,0.02,1,25.43,52880,1.7,15.24,18.08,23.57,31.73,38.05,31710,37600,49020,66000,79150,,
99,U.S.,1,US,611000,Educational Services,"3-digit, ownership",3,49-9094,Locksmiths and Safe Repairers,detailed,710,5.3,,,0.01,1,30.14,62690,2.4,20.51,23.45,29,36.09,42.41,42670,48770,60330,75070,88220,,
99,U.S.,1,US,611000,Educational Services,"3-digit, ownership",3,49-9098,"Helpers--Installation, Maintenance, and Repair Workers",detailed,760,7.9,,,0.01,1,18.79,39090,1.1,13.57,15.54,17.82,20.33,26.64,28230,32330,37070,42290,55410,,
99,U.S.,1,US,611000,Educational Services,"3-digit, ownership",3,49-9099,"Installation, Maintenance, and Repair Workers, All Other",detailed,320,8,,,0,~,30.8,64060,1,19.12,24.84,31.28,35.84,39.55,39780,51670,65060,74550,82270,,
99,U.S.,1,US,611000,Educational Services,"3-digit, ownership",3,51-0000,Production Occupations,major,3810,5.6,,,0.05,3,30.45,63330,1.2,17.4,22.21,27.51,37.48,44.4,36190,46190,57220,77950,92360,,
99,U.S.,1,US,611000,Educational Services,"3-digit, ownership",3,51-1000,Supervisors of Production Workers,minor,310,1.7,,,0,~,32.77,68160,0.8,19.81,19.81,23.8,42.52,51.15,41210,41210,49500,88450,106390,,
99,U.S.,1,US,611000,Educational Services,"3-digit, ownership",3,51-1010,First-Line Supervisors of Production and Operating Workers,broad,310,1.7,,,0,~,32.77,68160,0.8,19.81,19.81,23.8,42.52,51.15,41210,41210,49500,88450,106390,,
99,U.S.,1,US,611000,Educational Services,"3-digit, ownership",3,51-1011,First-Line Supervisors of Production and Operating Workers,detailed,310,1.7,,,0,~,32.77,68160,0.8,19.81,19.81,23.8,42.52,51.15,41210,41210,49500,88450,106390,,
99,U.S.,1,US,611000,Educational Services,"3-digit, ownership",3,51-3000,Food Processing Workers,minor,350,7.8,,,0,~,18.21,37880,1.9,15.38,16.18,17.2,18.98,22.68,31990,33640,35770,39470,47180,,
99,U.S.,1,US,611000,Educational Services,"3-digit, ownership",3,51-3010,Bakers,broad,310,6,,,0,~,17.44,36280,1.1,15.33,16.18,17.2,18.24,20.84,31890,33640,35770,37950,43360,,
99,U.S.,1,US,611000,Educational Services,"3-digit, ownership",3,51-3011,Bakers,detailed,310,6,,,0,~,17.44,36280,1.1,15.33,16.18,17.2,18.24,20.84,31890,33640,35770,37950,43360,,
99,U.S.,1,US,611000,Educational Services,"3-digit, ownership",3,51-4000,Metal Workers and Plastic Workers,minor,190,3,,,0,~,29.89,62170,0.9,19.84,23.19,29.39,36.04,39.48,41280,48230,61130,74960,82120,,
99,U.S.,1,US,611000,Educational Services,"3-digit, ownership",3,51-4120,"Welding, Soldering, and Brazing Workers",broad,170,3.8,,,0,~,29.05,60430,1.4,19.84,23.19,28.95,34.11,39.48,41280,48230,60210,70960,82110,,
99,U.S.,1,US,611000,Educational Services,"3-digit, ownership",3,51-4121,"Welders, Cutters, Solderers, and Brazers",detailed,160,3.3,,,0,~,29.08,60490,1.5,19.84,23.19,28.95,34.21,39.48,41280,48230,60210,71150,82110,,
99,U.S.,1,US,611000,Educational Services,"3-digit, ownership",3,51-5100,Printing Workers,minor,860,6.8,,,0.01,1,26.21,54520,1,17.99,21.36,24.88,29.35,35.92,37420,44430,51750,61040,74720,,
99,U.S.,1,US,611000,Educational Services,"3-digit, ownership",3,51-5110,Printing Workers,broad,860,6.8,,,0.01,1,26.21,54520,1,17.99,21.36,24.88,29.35,35.92,37420,44430,51750,61040,74720,,
99,U.S.,1,US,611000,Educational Services,"3-digit, ownership",3,51-5111,Prepress Technicians and Workers,detailed,70,5.1,,,0,~,32.87,68380,0.4,22.25,26.43,34.98,38.92,42.85,46280,54970,72760,80950,89130,,
99,U.S.,1,US,611000,Educational Services,"3-digit, ownership",3,51-5112,Printing Press Operators,detailed,750,7.8,,,0.01,1,25.76,53590,1,17.83,21.28,24.48,28.82,34.4,37090,44260,50910,59950,71540,,
99,U.S.,1,US,611000,Educational Services,"3-digit, ownership",3,51-5113,Print Binding and Finishing Workers,detailed,40,4.8,,,0,~,21.68,45090,1,15.85,18.14,20.34,23.63,26.67,32960,37730,42320,49150,55470,,
99,U.S.,1,US,611000,Educational Services,"3-digit, ownership",3,51-6000,"Textile, Apparel, and Furnishings Workers",minor,120,11,,,0,~,17.64,36700,2.1,12.07,14.39,17.52,19.48,23.81,25100,29940,36440,40510,49510,,
99,U.S.,1,US,611000,Educational Services,"3-digit, ownership",3,51-6010,Laundry and Dry-Cleaning Workers,broad,100,13.5,,,0,~,16.33,33970,2.4,11,14.12,16.4,17.8,21.3,22890,29370,34100,37030,44300,,
99,U.S.,1,US,611000,Educational Services,"3-digit, ownership",3,51-6011,Laundry and Dry-Cleaning Workers,detailed,100,13.5,,,0,~,16.33,33970,2.4,11,14.12,16.4,17.8,21.3,22890,29370,34100,37030,44300,,
99,U.S.,1,US,611000,Educational Services,"3-digit, ownership",3,51-7000,Woodworkers,minor,30,28.8,,,0,~,26.17,54440,5.7,19.93,21.01,23.26,29.47,37.71,41450,43690,48380,61290,78450,,
99,U.S.,1,US,611000,Educational Services,"3-digit, ownership",3,51-8000,Plant and System Operators,minor,1850,9.9,,,0.02,2,35.79,74440,2.3,23.82,26.65,32.96,39.63,54.69,49550,55440,68560,82440,113750,,
99,U.S.,1,US,611000,Educational Services,"3-digit, ownership",3,51-8010,"Power Plant Operators, Distributors, and Dispatchers",broad,60,24.6,,,0,~,32.86,68340,6.1,20.21,23.9,35.4,40.51,40.79,42030,49710,73620,84260,84830,,
99,U.S.,1,US,611000,Educational Services,"3-digit, ownership",3,51-8013,Power Plant Operators,detailed,60,24.6,,,0,~,32.86,68340,6.1,20.21,23.9,35.4,40.51,40.79,42030,49710,73620,84260,84830,,
99,U.S.,1,US,611000,Educational Services,"3-digit, ownership",3,51-8020,Stationary Engineers and Boiler Operators,broad,1690,10.6,,,0.02,2,36.31,75530,2.4,24.45,26.65,33.62,39.7,54.69,50850,55440,69920,82580,113750,,
99,U.S.,1,US,611000,Educational Services,"3-digit, ownership",3,51-8021,Stationary Engineers and Boiler Operators,detailed,1690,10.6,,,0.02,2,36.31,75530,2.4,24.45,26.65,33.62,39.7,54.69,50850,55440,69920,82580,113750,,
99,U.S.,1,US,611000,Educational Services,"3-digit, ownership",3,51-8030,Water and Wastewater Treatment Plant and System Operators,broad,80,13.2,,,0,~,30,62410,1.8,19.93,22.96,28.52,33.08,49.99,41450,47760,59320,68800,103990,,
99,U.S.,1,US,611000,Educational Services,"3-digit, ownership",3,51-8031,Water and Wastewater Treatment Plant and System Operators,detailed,80,13.2,,,0,~,30,62410,1.8,19.93,22.96,28.52,33.08,49.99,41450,47760,59320,68800,103990,,
99,U.S.,1,US,611000,Educational Services,"3-digit, ownership",3,51-9000,Other Production Occupations,minor,80,23.1,,,0,~,21.14,43980,3.5,14.39,15.76,20.2,25.39,27.54,29930,32770,42010,52810,57290,,
99,U.S.,1,US,611000,Educational Services,"3-digit, ownership",3,51-9190,Miscellaneous Production Workers,broad,60,32.8,,,0,~,20.92,43510,5.2,14.47,15.76,20.04,25.39,25.4,30100,32770,41680,52810,52820,,
99,U.S.,1,US,611000,Educational Services,"3-digit, ownership",3,51-9198,Helpers--Production Workers,detailed,50,34.3,,,0,~,20.51,42660,5.9,14.47,15.76,20.04,25.39,25.4,30100,32770,41680,52810,52820,,
99,U.S.,1,US,611000,Educational Services,"3-digit, ownership",3,53-0000,Transportation and Material Moving Occupations,major,210240,1.3,,,2.53,34,21.21,44110,0.5,10.94,16.65,20.9,24.81,30.31,22760,34620,43470,51590,63050,,
99,U.S.,1,US,611000,Educational Services,"3-digit, ownership",3,53-1000,Supervisors of Transportation and Material Moving Workers,minor,5560,2.3,,,0.07,5,32.48,67550,0.6,21.49,25.42,30.85,37.88,46.19,44690,52860,64160,78790,96080,,
99,U.S.,1,US,611000,Educational Services,"3-digit, ownership",3,53-1040,First-Line Supervisors of Transportation and Material Moving Workers,broad,5560,2.3,,,0.07,5,32.48,67550,0.6,21.49,25.42,30.85,37.88,46.19,44690,52860,64160,78790,96080,,
99,U.S.,1,US,611000,Educational Services,"3-digit, ownership",3,53-1047,"First-Line Supervisors of Transportation and Material Moving Workers, Except Aircraft Cargo Handling Supervisors",detailed,5560,2.3,,,0.07,5,32.48,67550,0.6,21.49,25.42,30.85,37.88,46.19,44690,52860,64160,78790,96080,,
99,U.S.,1,US,611000,Educational Services,"3-digit, ownership",3,53-2000,Air Transportation Workers,minor,240,14.5,,,0,~,*,98590,5.2,*,*,*,*,*,40050,49210,74990,125880,166950,TRUE,
99,U.S.,1,US,611000,Educational Services,"3-digit, ownership",3,53-2010,Aircraft Pilots and Flight Engineers,broad,220,15.6,,,0,~,*,102750,6.2,*,*,*,*,*,45170,50630,95990,125880,166950,TRUE,
99,U.S.,1,US,611000,Educational Services,"3-digit, ownership",3,53-2012,Commercial Pilots,detailed,220,16,,,0,~,*,102840,6.2,*,*,*,*,*,45170,50630,95990,125880,166950,TRUE,
99,U.S.,1,US,611000,Educational Services,"3-digit, ownership",3,53-3000,Motor Vehicle Operators,minor,197910,1.4,,,2.38,32,20.81,43290,0.5,10.81,16.46,20.35,24.53,29.66,22490,34230,42320,51030,61690,,
99,U.S.,1,US,611000,Educational Services,"3-digit, ownership",3,53-3030,Driver/Sales Workers and Truck Drivers,broad,3600,4.2,,,0.04,2,22.9,47630,0.5,15.75,18.51,22.31,26.14,31.5,32760,38500,46390,54380,65530,,
99,U.S.,1,US,611000,Educational Services,"3-digit, ownership",3,53-3031,Driver/Sales Workers,detailed,590,21,,,0.01,~,22.88,47590,1.6,16.54,18.83,22.74,27.9,27.9,34400,39160,47300,58030,58040,,
99,U.S.,1,US,611000,Educational Services,"3-digit, ownership",3,53-3032,Heavy and Tractor-Trailer Truck Drivers,detailed,1010,5.5,,,0.01,~,24.07,50060,0.6,16.88,19,24.1,25.9,33.03,35100,39520,50130,53870,68690,,
99,U.S.,1,US,611000,Educational Services,"3-digit, ownership",3,53-3033,Light Truck Drivers,detailed,2000,4.4,,,0.02,1,22.32,46420,0.6,15.42,17.9,20.73,24.72,31.65,32070,37240,43130,51420,65830,,
99,U.S.,1,US,611000,Educational Services,"3-digit, ownership",3,53-3050,Passenger Vehicle Drivers,broad,194170,1.4,,,2.33,31,20.77,43210,0.6,10.79,16.34,20.35,24.52,29.65,22450,33990,42320,50990,61670,,
99,U.S.,1,US,611000,Educational Services,"3-digit, ownership",3,53-3051,"Bus Drivers, School",detailed,191400,1.4,,,2.3,30,20.79,43250,0.6,10.78,16.37,20.36,24.53,29.66,22430,34040,42340,51030,61700,,
99,U.S.,1,US,611000,Educational Services,"3-digit, ownership",3,53-3052,"Bus Drivers, Transit and Intercity",detailed,180,11.9,,,0,~,26.19,54480,2.6,19.46,23.5,26.04,29.45,31.06,40470,48880,54170,61260,64600,,
99,U.S.,1,US,611000,Educational Services,"3-digit, ownership",3,53-3053,Shuttle Drivers and Chauffeurs,detailed,2600,5.6,,,0.03,2,18.98,39480,1.4,14.09,15.73,17.99,22,24.34,29310,32720,37420,45760,50630,,
99,U.S.,1,US,611000,Educational Services,"3-digit, ownership",3,53-3090,Miscellaneous Motor Vehicle Operators,broad,130,22.2,,,0,~,22.73,47290,2.1,16.21,17.89,20.34,26.02,30.45,33720,37220,42300,54130,63330,,
99,U.S.,1,US,611000,Educational Services,"3-digit, ownership",3,53-3099,"Motor Vehicle Operators, All Other",detailed,130,22.2,,,0,~,22.73,47290,2.1,16.21,17.89,20.34,26.02,30.45,33720,37220,42300,54130,63330,,
99,U.S.,1,US,611000,Educational Services,"3-digit, ownership",3,53-5000,Water Transportation Workers,minor,40,28.5,,,0,~,36.37,75650,12.2,19.64,28.06,36.59,41.19,52.37,40840,58370,76110,85680,108920,,
99,U.S.,1,US,611000,Educational Services,"3-digit, ownership",3,53-6000,Other Transportation Workers,minor,880,2.7,,,0.01,~,18.15,37750,0.6,9.77,12.1,16.01,23.22,26.52,20320,25160,33290,48290,55160,,
99,U.S.,1,US,611000,Educational Services,"3-digit, ownership",3,53-6020,Parking Attendants,broad,150,3.5,,,0,~,20.91,43480,1.1,14.23,15.74,22.89,23.22,26.85,29600,32740,47620,48290,55840,,
99,U.S.,1,US,611000,Educational Services,"3-digit, ownership",3,53-6021,Parking Attendants,detailed,150,3.5,,,0,~,20.91,43480,1.1,14.23,15.74,22.89,23.22,26.85,29600,32740,47620,48290,55840,,
99,U.S.,1,US,611000,Educational Services,"3-digit, ownership",3,53-6030,Transportation Service Attendants,broad,40,13.1,,,0,~,21.32,44350,3,14.83,18.2,19.99,24.41,28.99,30840,37850,41590,50770,60300,,
99,U.S.,1,US,611000,Educational Services,"3-digit, ownership",3,53-6031,Automotive and Watercraft Service Attendants,detailed,40,13,,,0,~,21.36,44420,3.2,14.83,18.42,19.99,24.41,28.99,30840,38310,41590,50770,60300,,
99,U.S.,1,US,611000,Educational Services,"3-digit, ownership",3,53-6060,Passenger Attendants,broad,40,3.3,,,0,~,18.71,38910,0.3,14.38,17.29,18.19,21.44,21.44,29910,35970,37840,44590,44590,,
99,U.S.,1,US,611000,Educational Services,"3-digit, ownership",3,53-6061,Passenger Attendants,detailed,40,3.3,,,0,~,18.71,38910,0.3,14.38,17.29,18.19,21.44,21.44,29910,35970,37840,44590,44590,,
99,U.S.,1,US,611000,Educational Services,"3-digit, ownership",3,53-6090,Miscellaneous Transportation Workers,broad,660,3.4,,,0.01,~,17.28,35950,0.9,9.74,12.1,15.01,22.53,26.33,20250,25160,31220,46860,54760,,
99,U.S.,1,US,611000,Educational Services,"3-digit, ownership",3,53-6099,"Transportation Workers, All Other",detailed,660,3.4,,,0.01,~,17.28,35950,0.9,9.74,12.1,15.01,22.53,26.33,20250,25160,31220,46860,54760,,
99,U.S.,1,US,611000,Educational Services,"3-digit, ownership",3,53-7000,Material Moving Workers,minor,5610,3,,,0.07,3,23.08,48000,0.7,15.32,17.72,22.52,27.98,32.1,31860,36860,46850,58200,66770,,
99,U.S.,1,US,611000,Educational Services,"3-digit, ownership",3,53-7050,Industrial Truck and Tractor Operators,broad,360,3.6,,,0,~,25.25,52520,1.6,15.39,20.37,24.63,29.21,34.86,32020,42370,51230,60760,72510,,
99,U.S.,1,US,611000,Educational Services,"3-digit, ownership",3,53-7051,Industrial Truck and Tractor Operators,detailed,360,3.6,,,0,~,25.25,52520,1.6,15.39,20.37,24.63,29.21,34.86,32020,42370,51230,60760,72510,,
99,U.S.,1,US,611000,Educational Services,"3-digit, ownership",3,53-7060,Laborers and Material Movers,broad,5200,3.2,,,0.06,3,22.86,47560,0.7,15.32,17.64,22.2,27.57,31.97,31860,36680,46180,57350,66490,,
99,U.S.,1,US,611000,Educational Services,"3-digit, ownership",3,53-7061,Cleaners of Vehicles and Equipment,detailed,40,5.1,,,0,~,17.27,35920,1.4,11.27,13.7,15.68,21.08,21.85,23430,28500,32610,43850,45440,,
99,U.S.,1,US,611000,Educational Services,"3-digit, ownership",3,53-7062,"Laborers and Freight, Stock, and Material Movers, Hand",detailed,2830,6.4,,,0.03,2,22.3,46380,1.3,14.85,16.81,21.82,26.77,31.96,30890,34960,45380,55690,66480,,
99,U.S.,1,US,611000,Educational Services,"3-digit, ownership",3,53-7065,Stockers and Order Fillers,detailed,2330,3.2,,,0.03,2,23.65,49190,0.8,16.35,18.26,23.02,28.21,32.09,34000,37980,47870,58670,66740,,
99,U.S.,1,US,611000,Educational Services,"3-digit, ownership",5,00-0000,All Occupations,total,3273090,0,,,100,100,34.18,71090,0.3,15.36,19.62,28.21,39.14,59.63,31950,40800,58690,81410,124020,,
99,U.S.,1,US,611000,Educational Services,"3-digit, ownership",5,11-0000,Management Occupations,major,323880,0.6,,,9.9,50,57.44,119480,0.5,26.89,36.01,48.28,66.65,97.9,55920,74900,100420,138630,203630,,
99,U.S.,1,US,611000,Educational Services,"3-digit, ownership",5,11-1000,Top Executives,minor,58430,1.6,,,1.79,28,63.21,131480,1.6,21.63,31.18,47.99,77.53,#,44990,64850,99830,161260,#,,
99,U.S.,1,US,611000,Educational Services,"3-digit, ownership",5,11-1010,Chief Executives,broad,5200,5.8,,,0.16,3,122.72,255260,2.8,37.39,57.57,100.96,#,#,77780,119750,209990,#,#,,
99,U.S.,1,US,611000,Educational Services,"3-digit, ownership",5,11-1011,Chief Executives,detailed,5200,5.8,,,0.16,3,122.72,255260,2.8,37.39,57.57,100.96,#,#,77780,119750,209990,#,#,,
99,U.S.,1,US,611000,Educational Services,"3-digit, ownership",5,11-1020,General and Operations Managers,broad,53220,1.9,,,1.63,27,57.4,119380,1.7,21.19,30.37,46.14,69.66,104.44,44070,63170,95970,144890,217230,,
99,U.S.,1,US,611000,Educational Services,"3-digit, ownership",5,11-1021,General and Operations Managers,detailed,53220,1.9,,,1.63,27,57.4,119380,1.7,21.19,30.37,46.14,69.66,104.44,44070,63170,95970,144890,217230,,
99,U.S.,1,US,611000,Educational Services,"3-digit, ownership",5,11-2000,"Advertising, Marketing, Promotions, Public Relations, and Sales Managers",minor,23090,1.9,,,0.71,6,64.82,134820,1.4,34.27,44.65,59.26,79.03,103.13,71280,92870,123260,164370,214500,,
99,U.S.,1,US,611000,Educational Services,"3-digit, ownership",5,11-2010,Advertising and Promotions Managers,broad,130,22,,,0,~,51.38,106860,3.3,27.79,38.39,48.53,55.5,74.49,57800,79850,100940,115440,154940,,
99,U.S.,1,US,611000,Educational Services,"3-digit, ownership",5,11-2011,Advertising and Promotions Managers,detailed,130,22,,,0,~,51.38,106860,3.3,27.79,38.39,48.53,55.5,74.49,57800,79850,100940,115440,154940,,
99,U.S.,1,US,611000,Educational Services,"3-digit, ownership",5,11-2020,Marketing and Sales Managers,broad,10290,3.6,,,0.31,4,67.37,140130,3,34.11,46.18,60.54,81.78,105.81,70940,96040,125930,170110,220090,,
99,U.S.,1,US,611000,Educational Services,"3-digit, ownership",5,11-2021,Marketing Managers,detailed,7270,4.1,,,0.22,3,63.46,132000,1.6,32.29,43.71,58.55,76.92,98.89,67160,90920,121790,159990,205700,,
99,U.S.,1,US,611000,Educational Services,"3-digit, ownership",5,11-2022,Sales Managers,detailed,3030,10.4,,,0.09,2,76.74,159620,7.1,40.9,51.43,66.62,92.37,#,85060,106970,138570,192130,#,,
99,U.S.,1,US,611000,Educational Services,"3-digit, ownership",5,11-2030,Public Relations and Fundraising Managers,broad,12670,2.3,,,0.39,3,62.88,130790,0.7,34.6,42.8,57.57,76.69,100.79,71960,89020,119740,159510,209630,,
99,U.S.,1,US,611000,Educational Services,"3-digit, ownership",5,11-2032,Public Relations Managers,detailed,4500,3.3,,,0.14,2,58.06,120760,1.1,31.37,39.81,50.54,66.72,89.63,65260,82800,105110,138770,186430,,
99,U.S.,1,US,611000,Educational Services,"3-digit, ownership",5,11-2033,Fundraising Managers,detailed,8170,2.5,,,0.25,2,65.54,136310,0.8,36.15,46.4,60.31,79.6,103.25,75180,96510,125440,165580,214760,,
99,U.S.,1,US,611000,Educational Services,"3-digit, ownership",5,11-3000,Operations Specialties Managers,minor,51640,1.1,,,1.58,10,66.52,138360,0.5,34.79,45.22,59.69,79.39,104.01,72370,94060,124160,165130,216340,,
99,U.S.,1,US,611000,Educational Services,"3-digit, ownership",5,11-3010,Administrative Services and Facilities Managers,broad,15810,1.6,,,0.48,5,53.65,111590,0.9,29.07,37.1,48.29,62.96,82.97,60460,77160,100430,130960,172580,,
99,U.S.,1,US,611000,Educational Services,"3-digit, ownership",5,11-3012,Administrative Services Managers,detailed,9300,2.4,,,0.28,3,55.32,115070,1.1,29.68,38.15,49.48,64.36,85.5,61730,79350,102910,133860,177830,,
99,U.S.,1,US,611000,Educational Services,"3-digit, ownership",5,11-3013,Facilities Managers,detailed,6510,1.9,,,0.2,2,51.25,106610,1,28.52,35.84,46.78,62.1,80.5,59330,74560,97310,129160,167440,,
99,U.S.,1,US,611000,Educational Services,"3-digit, ownership",5,11-3020,Computer and Information Systems Managers,broad,12520,1.6,,,0.38,3,72,149750,0.8,39.63,49.87,64.68,82.75,105.47,82430,103730,134530,172120,219390,,
99,U.S.,1,US,611000,Educational Services,"3-digit, ownership",5,11-3021,Computer and Information Systems Managers,detailed,12520,1.6,,,0.38,3,72,149750,0.8,39.63,49.87,64.68,82.75,105.47,82430,103730,134530,172120,219390,,
99,U.S.,1,US,611000,Educational Services,"3-digit, ownership",5,11-3030,Financial Managers,broad,13850,2,,,0.42,4,78.43,163140,0.7,39.01,49.98,66.59,92.12,#,81150,103970,138500,191610,#,,
99,U.S.,1,US,611000,Educational Services,"3-digit, ownership",5,11-3031,Financial Managers,detailed,13850,2,,,0.42,4,78.43,163140,0.7,39.01,49.98,66.59,92.12,#,81150,103970,138500,191610,#,,
99,U.S.,1,US,611000,Educational Services,"3-digit, ownership",5,11-3050,Industrial Production Managers,broad,110,19.4,,,0,~,61.1,127080,3,33.25,37.35,58.84,78.06,96.37,69150,77680,122380,162360,200460,,
99,U.S.,1,US,611000,Educational Services,"3-digit, ownership",5,11-3051,Industrial Production Managers,detailed,110,19.4,,,0,~,61.1,127080,3,33.25,37.35,58.84,78.06,96.37,69150,77680,122380,162360,200460,,
99,U.S.,1,US,611000,Educational Services,"3-digit, ownership",5,11-3060,Purchasing Managers,broad,510,5,,,0.02,~,65.8,136860,1.5,39.16,47.99,60.77,77.38,102.23,81460,99820,126400,160950,212640,,
99,U.S.,1,US,611000,Educational Services,"3-digit, ownership",5,11-3061,Purchasing Managers,detailed,510,5,,,0.02,~,65.8,136860,1.5,39.16,47.99,60.77,77.38,102.23,81460,99820,126400,160950,212640,,
99,U.S.,1,US,611000,Educational Services,"3-digit, ownership",5,11-3070,"Transportation, Storage, and Distribution Managers",broad,440,6,,,0.01,~,49.68,103340,3.8,27.09,32.69,43.56,55.44,89.3,56360,67990,90600,115310,185750,,
99,U.S.,1,US,611000,Educational Services,"3-digit, ownership",5,11-3071,"Transportation, Storage, and Distribution Managers",detailed,440,6,,,0.01,~,49.68,103340,3.8,27.09,32.69,43.56,55.44,89.3,56360,67990,90600,115310,185750,,
99,U.S.,1,US,611000,Educational Services,"3-digit, ownership",5,11-3110,Compensation and Benefits Managers,broad,470,3.9,,,0.01,~,65.94,137150,1.7,40.32,50.69,62.42,76.77,92.47,83860,105440,129830,159670,192340,,
99,U.S.,1,US,611000,Educational Services,"3-digit, ownership",5,11-3111,Compensation and Benefits Managers,detailed,470,3.9,,,0.01,~,65.94,137150,1.7,40.32,50.69,62.42,76.77,92.47,83860,105440,129830,159670,192340,,
99,U.S.,1,US,611000,Educational Services,"3-digit, ownership",5,11-3120,Human Resources Managers,broad,5120,2.3,,,0.16,2,66.12,137520,0.8,38.03,47.91,61.34,79.5,98.54,79100,99650,127580,165360,204950,,
99,U.S.,1,US,611000,Educational Services,"3-digit, ownership",5,11-3121,Human Resources Managers,detailed,5120,2.3,,,0.16,2,66.12,137520,0.8,38.03,47.91,61.34,79.5,98.54,79100,99650,127580,165360,204950,,
99,U.S.,1,US,611000,Educational Services,"3-digit, ownership",5,11-3130,Training and Development Managers,broad,2810,5.5,,,0.09,1,59.61,124000,1.7,36.11,40.6,51.42,65.24,86.43,75110,84460,106960,135690,179770,,
99,U.S.,1,US,611000,Educational Services,"3-digit, ownership",5,11-3131,Training and Development Managers,detailed,2810,5.5,,,0.09,1,59.61,124000,1.7,36.11,40.6,51.42,65.24,86.43,75110,84460,106960,135690,179770,,
99,U.S.,1,US,611000,Educational Services,"3-digit, ownership",5,11-9000,Other Management Occupations,minor,190720,0.6,,,5.83,30,52.33,108840,0.4,26.16,33.81,45.9,61.83,82.91,54410,70320,95480,128600,172440,,
99,U.S.,1,US,611000,Educational Services,"3-digit, ownership",5,11-9010,"Farmers, Ranchers, and Other Agricultural Managers",broad,100,18.2,,,0,~,35.32,73460,8.1,16.83,20.09,30.81,40.04,69.56,35010,41790,64070,83290,144680,,
99,U.S.,1,US,611000,Educational Services,"3-digit, ownership",5,11-9013,"Farmers, Ranchers, and Other Agricultural Managers",detailed,100,18.2,,,0,~,35.32,73460,8.1,16.83,20.09,30.81,40.04,69.56,35010,41790,64070,83290,144680,,
99,U.S.,1,US,611000,Educational Services,"3-digit, ownership",5,11-9020,Construction Managers,broad,360,2.8,,,0.01,~,69.32,144190,2.2,40.93,50.43,65.12,86.64,102.23,85140,104880,135450,180210,212630,,
99,U.S.,1,US,611000,Educational Services,"3-digit, ownership",5,11-9021,Construction Managers,detailed,360,2.8,,,0.01,~,69.32,144190,2.2,40.93,50.43,65.12,86.64,102.23,85140,104880,135450,180210,212630,,
99,U.S.,1,US,611000,Educational Services,"3-digit, ownership",5,11-9030,Education and Childcare Administrators,broad,161350,0.7,,,4.93,27,52.25,108680,0.4,26.25,33.89,45.89,61.7,82.61,54600,70480,95450,128330,171830,,
99,U.S.,1,US,611000,Educational Services,"3-digit, ownership",5,11-9031,"Education and Childcare Administrators, Preschool and Daycare",detailed,2730,6.6,,,0.08,2,34.35,71440,5.1,18.56,22.55,28.56,38.39,55.82,38610,46900,59400,79850,116100,,
99,U.S.,1,US,611000,Educational Services,"3-digit, ownership",5,11-9032,"Education Administrators, Kindergarten through Secondary",detailed,57180,1.3,,,1.75,11,*,103330,0.8,*,*,*,*,*,57390,74060,95610,123730,162950,TRUE,
99,U.S.,1,US,611000,Educational Services,"3-digit, ownership",5,11-9033,"Education Administrators, Postsecondary",detailed,76650,0.7,,,2.34,6,57.57,119750,0.4,29.46,36.83,48.23,66.13,98.16,61290,76600,100310,137560,204180,,
99,U.S.,1,US,611000,Educational Services,"3-digit, ownership",5,11-9039,"Education Administrators, All Other",detailed,24790,3.5,,,0.76,11,43.69,90870,1.3,22.38,28.01,37.2,49.06,67.29,46540,58250,77370,102030,139950,,
99,U.S.,1,US,611000,Educational Services,"3-digit, ownership",5,11-9040,Architectural and Engineering Managers,broad,180,13.1,,,0.01,~,80.7,167860,1.8,51.79,66.41,77.42,99.04,108.5,107730,138130,161040,206000,225680,,
99,U.S.,1,US,611000,Educational Services,"3-digit, ownership",5,11-9041,Architectural and Engineering Managers,detailed,180,13.1,,,0.01,~,80.7,167860,1.8,51.79,66.41,77.42,99.04,108.5,107730,138130,161040,206000,225680,,
99,U.S.,1,US,611000,Educational Services,"3-digit, ownership",5,11-9050,Food Service Managers,broad,780,5.1,,,0.02,~,41.01,85300,1.5,23.7,29.6,38.54,49.15,60.07,49290,61580,80170,102230,124950,,
99,U.S.,1,US,611000,Educational Services,"3-digit, ownership",5,11-9051,Food Service Managers,detailed,780,5.1,,,0.02,~,41.01,85300,1.5,23.7,29.6,38.54,49.15,60.07,49290,61580,80170,102230,124950,,
99,U.S.,1,US,611000,Educational Services,"3-digit, ownership",5,11-9070,Entertainment and Recreation Managers,broad,1920,9.8,,,0.06,1,33.83,70360,4,20.64,24.09,30.69,39.22,54.41,42940,50100,63840,81570,113170,,
99,U.S.,1,US,611000,Educational Services,"3-digit, ownership",5,11-9072,"Entertainment and Recreation Managers, Except Gambling",detailed,1890,9.8,,,0.06,1,33.98,70680,4.1,20.8,24.3,31.18,39.47,54.41,43270,50550,64850,82100,113170,,
99,U.S.,1,US,611000,Educational Services,"3-digit, ownership",5,11-9080,Lodging Managers,broad,90,20.2,,,0,~,36.49,75900,3.2,25.72,29.25,32.83,41.78,48.55,53500,60830,68280,86890,100990,,
99,U.S.,1,US,611000,Educational Services,"3-digit, ownership",5,11-9081,Lodging Managers,detailed,90,20.2,,,0,~,36.49,75900,3.2,25.72,29.25,32.83,41.78,48.55,53500,60830,68280,86890,100990,,
99,U.S.,1,US,611000,Educational Services,"3-digit, ownership",5,11-9110,Medical and Health Services Managers,broad,4870,4.6,,,0.15,1,63.99,133100,2.3,34.67,42.09,53.34,75.94,101.71,72120,87540,110960,157950,211550,,
99,U.S.,1,US,611000,Educational Services,"3-digit, ownership",5,11-9111,Medical and Health Services Managers,detailed,4870,4.6,,,0.15,1,63.99,133100,2.3,34.67,42.09,53.34,75.94,101.71,72120,87540,110960,157950,211550,,
99,U.S.,1,US,611000,Educational Services,"3-digit, ownership",5,11-9120,Natural Sciences Managers,broad,2750,3.3,,,0.08,~,45.29,94210,1.9,25.15,30.16,37.97,52.14,66.9,52300,62720,78970,108450,139160,,
99,U.S.,1,US,611000,Educational Services,"3-digit, ownership",5,11-9121,Natural Sciences Managers,detailed,2750,3.3,,,0.08,~,45.29,94210,1.9,25.15,30.16,37.97,52.14,66.9,52300,62720,78970,108450,139160,,
99,U.S.,1,US,611000,Educational Services,"3-digit, ownership",5,11-9140,"Property, Real Estate, and Community Association Managers",broad,390,8,,,0.01,~,58.24,121150,6.1,30.33,35.83,48.62,68.06,106.55,63080,74520,101130,141570,221620,,
99,U.S.,1,US,611000,Educational Services,"3-digit, ownership",5,11-9141,"Property, Real Estate, and Community Association Managers",detailed,390,8,,,0.01,~,58.24,121150,6.1,30.33,35.83,48.62,68.06,106.55,63080,74520,101130,141570,221620,,
99,U.S.,1,US,611000,Educational Services,"3-digit, ownership",5,11-9150,Social and Community Service Managers,broad,3780,5.6,,,0.12,2,45,93610,1.6,27.85,33.78,41,53.39,63.91,57920,70260,85270,111060,132920,,
99,U.S.,1,US,611000,Educational Services,"3-digit, ownership",5,11-9151,Social and Community Service Managers,detailed,3780,5.6,,,0.12,2,45,93610,1.6,27.85,33.78,41,53.39,63.91,57920,70260,85270,111060,132920,,
99,U.S.,1,US,611000,Educational Services,"3-digit, ownership",5,11-9160,Emergency Management Directors,broad,200,5.4,,,0.01,~,51.87,107880,3.5,26.03,33.9,49.27,65.6,83.84,54140,70510,102480,136450,174380,,
99,U.S.,1,US,611000,Educational Services,"3-digit, ownership",5,11-9161,Emergency Management Directors,detailed,200,5.4,,,0.01,~,51.87,107880,3.5,26.03,33.9,49.27,65.6,83.84,54140,70510,102480,136450,174380,,
99,U.S.,1,US,611000,Educational Services,"3-digit, ownership",5,11-9170,Personal Service Managers,broad,**,**,,,**,**,33.58,69850,7.5,23.1,25.8,32.11,37.21,43.44,48050,53670,66780,77400,90360,,
99,U.S.,1,US,611000,Educational Services,"3-digit, ownership",5,11-9179,"Personal Service Managers, All Other",detailed,**,**,,,**,**,33.58,69850,7.5,23.1,25.8,32.11,37.21,43.44,48050,53670,66780,77400,90360,,
99,U.S.,1,US,611000,Educational Services,"3-digit, ownership",5,11-9190,Miscellaneous Managers,broad,13680,2.3,,,0.42,3,55.33,115080,1.2,27.22,36.24,47.9,65.11,95.04,56610,75380,99620,135430,197680,,
99,U.S.,1,US,611000,Educational Services,"3-digit, ownership",5,11-9199,"Managers, All Other",detailed,13680,2.3,,,0.42,3,55.33,115080,1.2,27.22,36.24,47.9,65.11,95.04,56610,75380,99620,135430,197680,,
99,U.S.,1,US,611000,Educational Services,"3-digit, ownership",5,13-0000,Business and Financial Operations Occupations,major,189220,0.8,,,5.78,34,37.48,77960,0.5,21.3,26.48,34.39,44.94,57.28,44310,55080,71530,93470,119130,,
99,U.S.,1,US,611000,Educational Services,"3-digit, ownership",5,13-1000,Business Operations Specialists,minor,151700,1,,,4.63,31,37.5,77990,0.6,21.05,26.23,33.99,44.97,57.71,43780,54560,70700,93530,120030,,
99,U.S.,1,US,611000,Educational Services,"3-digit, ownership",5,13-1020,Buyers and Purchasing Agents,broad,3410,2.7,,,0.1,1,36.08,75050,1.4,23.64,27.85,33.88,40.54,51.36,49160,57930,70470,84320,106820,,
99,U.S.,1,US,611000,Educational Services,"3-digit, ownership",5,13-1020,Buyers and Purchasing Agents,detailed,3410,2.7,,,0.1,1,36.08,75050,1.4,23.64,27.85,33.88,40.54,51.36,49160,57930,70470,84320,106820,,
99,U.S.,1,US,611000,Educational Services,"3-digit, ownership",5,13-1030,"Claims Adjusters, Appraisers, Examiners, and Investigators",broad,40,13.8,,,0,~,32.88,68390,2.8,13.04,25.95,35.03,37.04,48.74,27130,53970,72870,77030,101370,,
99,U.S.,1,US,611000,Educational Services,"3-digit, ownership",5,13-1031,"Claims Adjusters, Examiners, and Investigators",detailed,40,13.8,,,0,~,32.88,68390,2.8,13.04,25.95,35.03,37.04,48.74,27130,53970,72870,77030,101370,,
99,U.S.,1,US,611000,Educational Services,"3-digit, ownership",5,13-1040,Compliance Officers,broad,6010,3.6,,,0.18,2,37.2,77370,1.1,23.06,28.54,35.66,42.84,54,47960,59360,74180,89110,112320,,
99,U.S.,1,US,611000,Educational Services,"3-digit, ownership",5,13-1041,Compliance Officers,detailed,6010,3.6,,,0.18,2,37.2,77370,1.1,23.06,28.54,35.66,42.84,54,47960,59360,74180,89110,112320,,
99,U.S.,1,US,611000,Educational Services,"3-digit, ownership",5,13-1050,Cost Estimators,broad,30,19.4,,,0,~,38.43,79920,3.5,24.96,31.32,38.71,44.97,44.97,51920,65140,80530,93540,93540,,
99,U.S.,1,US,611000,Educational Services,"3-digit, ownership",5,13-1051,Cost Estimators,detailed,30,19.4,,,0,~,38.43,79920,3.5,24.96,31.32,38.71,44.97,44.97,51920,65140,80530,93540,93540,,
99,U.S.,1,US,611000,Educational Services,"3-digit, ownership",5,13-1070,Human Resources Workers,broad,17070,1.8,,,0.52,6,36.4,75700,0.8,22.63,27.66,34.61,43.48,52.47,47060,57530,71990,90430,109130,,
99,U.S.,1,US,611000,Educational Services,"3-digit, ownership",5,13-1071,Human Resources Specialists,detailed,16640,1.8,,,0.51,6,36.22,75340,0.7,22.58,27.57,34.21,43.26,52.03,46960,57340,71170,89990,108210,,
99,U.S.,1,US,611000,Educational Services,"3-digit, ownership",5,13-1075,Labor Relations Specialists,detailed,430,21.1,,,0.01,~,43.09,89630,3.7,26.85,34,39.37,52.12,62.5,55850,70710,81880,108420,129990,,
99,U.S.,1,US,611000,Educational Services,"3-digit, ownership",5,13-1080,Logisticians and Project Management Specialists,broad,14020,4.2,,,0.43,4,43.47,90410,1.2,25.38,30.56,39.01,50.02,64.29,52790,63560,81140,104040,133730,,
99,U.S.,1,US,611000,Educational Services,"3-digit, ownership",5,13-1081,Logisticians,detailed,600,8.1,,,0.02,~,43.09,89630,3.5,22.9,29,41.19,58.18,63.68,47630,60320,85670,121010,132460,,
99,U.S.,1,US,611000,Educational Services,"3-digit, ownership",5,13-1082,Project Management Specialists,detailed,13420,4.3,,,0.41,4,43.48,90440,1.3,25.48,30.61,38.97,50.02,64.29,52990,63670,81070,104030,133730,,
99,U.S.,1,US,611000,Educational Services,"3-digit, ownership",5,13-1110,Management Analysts,broad,8590,5.3,,,0.26,3,48.66,101220,3.8,23.93,32.84,41.42,54.15,76.3,49770,68310,86150,112640,158700,,
99,U.S.,1,US,611000,Educational Services,"3-digit, ownership",5,13-1111,Management Analysts,detailed,8590,5.3,,,0.26,3,48.66,101220,3.8,23.93,32.84,41.42,54.15,76.3,49770,68310,86150,112640,158700,,
99,U.S.,1,US,611000,Educational Services,"3-digit, ownership",5,13-1120,"Meeting, Convention, and Event Planners",broad,7770,2.6,,,0.24,3,30.14,62680,0.9,18.93,22.67,28.93,35.28,43.6,39370,47160,60180,73380,90690,,
99,U.S.,1,US,611000,Educational Services,"3-digit, ownership",5,13-1121,"Meeting, Convention, and Event Planners",detailed,7770,2.6,,,0.24,3,30.14,62680,0.9,18.93,22.67,28.93,35.28,43.6,39370,47160,60180,73380,90690,,
99,U.S.,1,US,611000,Educational Services,"3-digit, ownership",5,13-1130,Fundraisers,broad,17670,2.4,,,0.54,5,35.65,74140,0.7,22.79,27.33,33.77,41.48,49.9,47390,56850,70240,86280,103790,,
99,U.S.,1,US,611000,Educational Services,"3-digit, ownership",5,13-1131,Fundraisers,detailed,17670,2.4,,,0.54,5,35.65,74140,0.7,22.79,27.33,33.77,41.48,49.9,47390,56850,70240,86280,103790,,
99,U.S.,1,US,611000,Educational Services,"3-digit, ownership",5,13-1140,"Compensation, Benefits, and Job Analysis Specialists",broad,1880,3.2,,,0.06,1,37.91,78850,0.9,24.74,29.72,37.03,43.38,52.31,51470,61820,77030,90220,108810,,
99,U.S.,1,US,611000,Educational Services,"3-digit, ownership",5,13-1141,"Compensation, Benefits, and Job Analysis Specialists",detailed,1880,3.2,,,0.06,1,37.91,78850,0.9,24.74,29.72,37.03,43.38,52.31,51470,61820,77030,90220,108810,,
99,U.S.,1,US,611000,Educational Services,"3-digit, ownership",5,13-1150,Training and Development Specialists,broad,29750,3.3,,,0.91,11,38.55,80190,1.8,19.26,25.71,35.31,47.24,61.33,40070,53470,73450,98260,127570,,
99,U.S.,1,US,611000,Educational Services,"3-digit, ownership",5,13-1151,Training and Development Specialists,detailed,29750,3.3,,,0.91,11,38.55,80190,1.8,19.26,25.71,35.31,47.24,61.33,40070,53470,73450,98260,127570,,
99,U.S.,1,US,611000,Educational Services,"3-digit, ownership",5,13-1160,Market Research Analysts and Marketing Specialists,broad,19030,2.6,,,0.58,8,34.3,71340,1.2,19.53,24.37,31.51,40.26,50.48,40620,50680,65550,83740,105000,,
99,U.S.,1,US,611000,Educational Services,"3-digit, ownership",5,13-1161,Market Research Analysts and Marketing Specialists,detailed,19030,2.6,,,0.58,8,34.3,71340,1.2,19.53,24.37,31.51,40.26,50.48,40620,50680,65550,83740,105000,,
99,U.S.,1,US,611000,Educational Services,"3-digit, ownership",5,13-1190,Miscellaneous Business Operations Specialists,broad,26430,1.8,,,0.81,7,36.16,75200,1.9,19.52,24.54,31.11,40.95,53.06,40590,51050,64700,85170,110370,,
99,U.S.,1,US,611000,Educational Services,"3-digit, ownership",5,13-1199,"Business Operations Specialists, All Other",detailed,26430,1.8,,,0.81,7,36.16,75200,1.9,19.52,24.54,31.11,40.95,53.06,40590,51050,64700,85170,110370,,
99,U.S.,1,US,611000,Educational Services,"3-digit, ownership",5,13-2000,Financial Specialists,minor,37520,2,,,1.15,10,37.43,77860,0.6,22.21,27.36,35.34,44.82,55.75,46200,56900,73510,93230,115950,,
99,U.S.,1,US,611000,Educational Services,"3-digit, ownership",5,13-2010,Accountants and Auditors,broad,20730,2.4,,,0.63,8,40.32,83870,0.8,25,30.44,37.91,47.64,59.57,51990,63310,78840,99100,123910,,
99,U.S.,1,US,611000,Educational Services,"3-digit, ownership",5,13-2011,Accountants and Auditors,detailed,20730,2.4,,,0.63,8,40.32,83870,0.8,25,30.44,37.91,47.64,59.57,51990,63310,78840,99100,123910,,
99,U.S.,1,US,611000,Educational Services,"3-digit, ownership",5,13-2030,Budget Analysts,broad,1590,1.8,,,0.05,~,41.37,86050,0.5,26.35,31.63,38.66,48.75,61.04,54820,65800,80410,101400,126970,,
99,U.S.,1,US,611000,Educational Services,"3-digit, ownership",5,13-2031,Budget Analysts,detailed,1590,1.8,,,0.05,~,41.37,86050,0.5,26.35,31.63,38.66,48.75,61.04,54820,65800,80410,101400,126970,,
99,U.S.,1,US,611000,Educational Services,"3-digit, ownership",5,13-2050,Financial Analysts and Advisors,broad,3770,3.2,,,0.12,1,45.2,94020,1.6,29.07,35.94,41.53,51.05,62.09,60470,74750,86370,106170,129160,,
99,U.S.,1,US,611000,Educational Services,"3-digit, ownership",5,13-2051,Financial and Investment Analysts,detailed,3430,3.3,,,0.1,1,46.07,95820,1.8,30.79,37.52,41.87,51.05,62.3,64050,78040,87080,106170,129590,,
99,U.S.,1,US,611000,Educational Services,"3-digit, ownership",5,13-2052,Personal Financial Advisors,detailed,150,10.2,,,0,~,23.76,49430,4,16.68,19.03,22.15,25.88,29.89,34690,39570,46070,53820,62160,,
99,U.S.,1,US,611000,Educational Services,"3-digit, ownership",5,13-2054,Financial Risk Specialists,detailed,200,6.9,,,0.01,~,46.11,95920,6,25.71,33.75,42.89,53.52,63.11,53470,70190,89210,111310,131270,,
99,U.S.,1,US,611000,Educational Services,"3-digit, ownership",5,13-2060,Financial Examiners,broad,40,7.3,,,0,~,27.11,56380,0.4,18.67,20.33,24,28.8,34.44,38840,42290,49930,59900,71640,,
99,U.S.,1,US,611000,Educational Services,"3-digit, ownership",5,13-2061,Financial Examiners,detailed,40,7.3,,,0,~,27.11,56380,0.4,18.67,20.33,24,28.8,34.44,38840,42290,49930,59900,71640,,
99,U.S.,1,US,611000,Educational Services,"3-digit, ownership",5,13-2070,Credit Counselors and Loan Officers,broad,8210,2.3,,,0.25,2,27.46,57120,0.9,18.9,22.22,24.95,30.46,37.88,39310,46220,51900,63360,78780,,
99,U.S.,1,US,611000,Educational Services,"3-digit, ownership",5,13-2071,Credit Counselors,detailed,6980,2.4,,,0.21,2,27.09,56340,0.6,18.96,22.33,24.75,30.38,37.35,39430,46450,51490,63190,77680,,
99,U.S.,1,US,611000,Educational Services,"3-digit, ownership",5,13-2072,Loan Officers,detailed,1240,7.7,,,0.04,~,29.58,61520,4.7,18.38,21.2,26.71,33.46,45.79,38230,44100,55560,69590,95250,,
99,U.S.,1,US,611000,Educational Services,"3-digit, ownership",5,13-2090,Miscellaneous Financial Specialists,broad,3000,6.4,,,0.09,1,33.11,68860,1.5,19.46,23.33,30.35,39.68,51.01,40480,48520,63130,82540,106100,,
99,U.S.,1,US,611000,Educational Services,"3-digit, ownership",5,13-2099,"Financial Specialists, All Other",detailed,3000,6.4,,,0.09,1,33.11,68860,1.5,19.46,23.33,30.35,39.68,51.01,40480,48520,63130,82540,106100,,
99,U.S.,1,US,611000,Educational Services,"3-digit, ownership",5,15-0000,Computer and Mathematical Occupations,major,83800,1.4,,,2.56,13,42.55,88510,0.6,22.6,29.38,38.58,51.83,65.78,47000,61110,80250,107810,136820,,
99,U.S.,1,US,611000,Educational Services,"3-digit, ownership",5,15-1200,Computer Occupations,minor,75710,1.5,,,2.31,12,42.48,88360,0.7,22.38,29.09,38.51,52.1,66.13,46550,60510,80110,108370,137560,,
99,U.S.,1,US,611000,Educational Services,"3-digit, ownership",5,15-1210,Computer and Information Analysts,broad,6660,2.9,,,0.2,1,46.66,97050,0.8,29.83,36.61,45.19,55.55,65.99,62050,76160,93990,115550,137260,,
99,U.S.,1,US,611000,Educational Services,"3-digit, ownership",5,15-1211,Computer Systems Analysts,detailed,4860,3.4,,,0.15,1,45.47,94580,0.7,29.94,36.4,44.28,53.27,62.73,62270,75720,92100,110800,130470,,
99,U.S.,1,US,611000,Educational Services,"3-digit, ownership",5,15-1212,Information Security Analysts,detailed,1800,4.2,,,0.05,1,49.87,103740,2.1,29.48,36.78,47.33,61.86,75.19,61330,76490,98450,128670,156380,,
99,U.S.,1,US,611000,Educational Services,"3-digit, ownership",5,15-1220,Computer and Information Research Scientists,broad,240,5.6,,,0.01,~,64.25,133640,4.3,36.2,47.07,56,75.51,85.5,75290,97910,116490,157050,177840,,
99,U.S.,1,US,611000,Educational Services,"3-digit, ownership",5,15-1221,Computer and Information Research Scientists,detailed,240,5.6,,,0.01,~,64.25,133640,4.3,36.2,47.07,56,75.51,85.5,75290,97910,116490,157050,177840,,
99,U.S.,1,US,611000,Educational Services,"3-digit, ownership",5,15-1230,Computer Support Specialists,broad,22940,1.6,,,0.7,6,29.51,61370,0.5,18.64,22.54,28.28,34.97,41.93,38770,46890,58820,72740,87210,,
99,U.S.,1,US,611000,Educational Services,"3-digit, ownership",5,15-1231,Computer Network Support Specialists,detailed,3010,3.2,,,0.09,1,32,66550,1.4,21.77,24.93,29.87,36.19,45.18,45280,51850,62140,75280,93960,,
99,U.S.,1,US,611000,Educational Services,"3-digit, ownership",5,15-1232,Computer User Support Specialists,detailed,19940,1.7,,,0.61,5,29.13,60590,0.6,18.27,22.28,27.83,34.77,41.87,38010,46340,57890,72330,87090,,
99,U.S.,1,US,611000,Educational Services,"3-digit, ownership",5,15-1240,Database and Network Administrators and Architects,broad,16440,3.3,,,0.5,4,45.45,94540,1.2,27.26,33.4,42.05,54.55,68.07,56700,69480,87470,113460,141590,,
99,U.S.,1,US,611000,Educational Services,"3-digit, ownership",5,15-1241,Computer Network Architects,detailed,2020,4.6,,,0.06,1,58.88,122470,5,36.94,46.08,57.36,68.88,80.27,76820,95840,119300,143260,166960,,
99,U.S.,1,US,611000,Educational Services,"3-digit, ownership",5,15-1242,Database Administrators,detailed,3050,6.7,,,0.09,1,42.6,88620,1.3,25.21,30.01,38.54,51.67,67,52430,62420,80160,107480,139350,,
99,U.S.,1,US,611000,Educational Services,"3-digit, ownership",5,15-1243,Database Architects,detailed,780,4.7,,,0.02,~,57.48,119550,1.4,29.91,46.14,59.12,69.69,82.5,62200,95970,122970,144950,171600,,
99,U.S.,1,US,611000,Educational Services,"3-digit, ownership",5,15-1244,Network and Computer Systems Administrators,detailed,10590,2.7,,,0.32,3,42.83,89080,0.7,27.3,32.67,39.99,49.66,61.76,56790,67950,83170,103300,128450,,
99,U.S.,1,US,611000,Educational Services,"3-digit, ownership",5,15-1250,"Software and Web Developers, Programmers, and Testers",broad,22520,2.6,,,0.69,5,51.76,107670,1,29.3,37.44,49.04,62.44,77.65,60950,77860,102000,129860,161510,,
99,U.S.,1,US,611000,Educational Services,"3-digit, ownership",5,15-1251,Computer Programmers,detailed,2010,3.9,,,0.06,1,44.58,92720,1,28.86,35.64,42.03,53.41,61.85,60020,74120,87430,111090,128650,,
99,U.S.,1,US,611000,Educational Services,"3-digit, ownership",5,15-1252,Software Developers,detailed,13020,3.6,,,0.4,3,58.05,120740,1.4,34.89,43.8,57,69.44,82.98,72580,91100,118560,144440,172600,,
99,U.S.,1,US,611000,Educational Services,"3-digit, ownership",5,15-1253,Software Quality Assurance Analysts and Testers,detailed,1700,8.3,,,0.05,1,46.04,95750,2.3,29.94,35.61,44.34,55.67,65.91,62270,74060,92220,115780,137100,,
99,U.S.,1,US,611000,Educational Services,"3-digit, ownership",5,15-1254,Web Developers,detailed,3390,2.5,,,0.1,1,43.77,91040,1.2,26.46,32.41,41.85,52.31,62.99,55040,67410,87060,108800,131010,,
99,U.S.,1,US,611000,Educational Services,"3-digit, ownership",5,15-1255,Web and Digital Interface Designers,detailed,2400,12.2,,,0.07,1,39.07,81260,2.9,21.49,28.77,36.86,48.26,55.71,44710,59840,76660,100380,115880,,
99,U.S.,1,US,611000,Educational Services,"3-digit, ownership",5,15-1290,Miscellaneous Computer Occupations,broad,6900,5.1,,,0.21,2,43.43,90330,1.7,22.96,30.79,40.17,52.5,64.97,47760,64030,83550,109200,135140,,
99,U.S.,1,US,611000,Educational Services,"3-digit, ownership",5,15-1299,"Computer Occupations, All Other",detailed,6900,5.1,,,0.21,2,43.43,90330,1.7,22.96,30.79,40.17,52.5,64.97,47760,64030,83550,109200,135140,,
99,U.S.,1,US,611000,Educational Services,"3-digit, ownership",5,15-2000,Mathematical Science Occupations,minor,8090,2.5,,,0.25,2,43.24,89940,1.5,26.31,31.83,39.15,50.3,64.89,54730,66200,81430,104620,134970,,
99,U.S.,1,US,611000,Educational Services,"3-digit, ownership",5,15-2020,Mathematicians,broad,100,26.7,,,0,~,46.43,96580,4.7,35.42,41.67,41.67,48.4,61.44,73680,86670,86680,100680,127800,,
99,U.S.,1,US,611000,Educational Services,"3-digit, ownership",5,15-2021,Mathematicians,detailed,100,26.7,,,0,~,46.43,96580,4.7,35.42,41.67,41.67,48.4,61.44,73680,86670,86680,100680,127800,,
99,U.S.,1,US,611000,Educational Services,"3-digit, ownership",5,15-2030,Operations Research Analysts,broad,1580,4.2,,,0.05,~,40.5,84250,1.6,28.6,31.26,37.54,46.61,58.12,59480,65020,78080,96940,120890,,
99,U.S.,1,US,611000,Educational Services,"3-digit, ownership",5,15-2031,Operations Research Analysts,detailed,1580,4.2,,,0.05,~,40.5,84250,1.6,28.6,31.26,37.54,46.61,58.12,59480,65020,78080,96940,120890,,
99,U.S.,1,US,611000,Educational Services,"3-digit, ownership",5,15-2040,Statisticians,broad,1950,2.8,,,0.06,~,43.85,91210,1,26.68,32.93,39.89,52.85,65.09,55490,68500,82970,109930,135380,,
99,U.S.,1,US,611000,Educational Services,"3-digit, ownership",5,15-2041,Statisticians,detailed,1950,2.8,,,0.06,~,43.85,91210,1,26.68,32.93,39.89,52.85,65.09,55490,68500,82970,109930,135380,,
99,U.S.,1,US,611000,Educational Services,"3-digit, ownership",5,15-2050,Data Scientists,broad,4350,4.2,,,0.13,1,43.87,91250,2.6,24.78,31.31,39.32,50.69,67.93,51550,65120,81780,105420,141300,,
99,U.S.,1,US,611000,Educational Services,"3-digit, ownership",5,15-2051,Data Scientists,detailed,4350,4.2,,,0.13,1,43.87,91250,2.6,24.78,31.31,39.32,50.69,67.93,51550,65120,81780,105420,141300,,
99,U.S.,1,US,611000,Educational Services,"3-digit, ownership",5,15-2090,Miscellaneous Mathematical Science Occupations,broad,110,2.3,,,0,~,44.01,91540,1.3,26.28,33.76,42.86,54.6,63.9,54670,70230,89150,113560,132900,,
99,U.S.,1,US,611000,Educational Services,"3-digit, ownership",5,15-2099,"Mathematical Science Occupations, All Other",detailed,110,2.3,,,0,~,44.01,91540,1.3,26.28,33.76,42.86,54.6,63.9,54670,70230,89150,113560,132900,,
99,U.S.,1,US,611000,Educational Services,"3-digit, ownership",5,17-0000,Architecture and Engineering Occupations,major,3730,6.3,,,0.11,1,46.22,96140,1.4,25.89,33.8,44.22,55.24,69.19,53850,70300,91970,114900,143910,,
99,U.S.,1,US,611000,Educational Services,"3-digit, ownership",5,17-1000,"Architects, Surveyors, and Cartographers",minor,170,8.2,,,0.01,~,59.69,124150,2.8,33.92,44.36,57.89,69.62,83.13,70540,92270,120410,144810,172910,,
99,U.S.,1,US,611000,Educational Services,"3-digit, ownership",5,17-1010,"Architects, Except Naval",broad,150,9,,,0,~,62.51,130030,2.8,39.82,50.2,61.03,73.63,88.91,82820,104410,126950,153140,184940,,
99,U.S.,1,US,611000,Educational Services,"3-digit, ownership",5,17-1011,"Architects, Except Landscape and Naval",detailed,130,8.8,,,0,~,64.24,133630,3.1,40.88,50.61,61.54,73.92,88.91,85030,105260,128010,153750,184940,,
99,U.S.,1,US,611000,Educational Services,"3-digit, ownership",5,17-2000,Engineers,minor,2320,7,,,0.07,~,51.1,106290,1.7,31.63,38.72,49.59,61.12,74.38,65800,80530,103150,127130,154720,,
99,U.S.,1,US,611000,Educational Services,"3-digit, ownership",5,17-2010,Aerospace Engineers,broad,240,24.8,,,0.01,~,56.55,117620,5,38.54,44.22,57.05,69.19,74.62,80150,91970,118670,143910,155210,,
99,U.S.,1,US,611000,Educational Services,"3-digit, ownership",5,17-2011,Aerospace Engineers,detailed,240,24.8,,,0.01,~,56.55,117620,5,38.54,44.22,57.05,69.19,74.62,80150,91970,118670,143910,155210,,
99,U.S.,1,US,611000,Educational Services,"3-digit, ownership",5,17-2030,Bioengineers and Biomedical Engineers,broad,240,0.4,,,0.01,~,41.32,85940,0.5,28.24,29.83,37.36,47.36,60.6,58740,62050,77700,98500,126050,,
99,U.S.,1,US,611000,Educational Services,"3-digit, ownership",5,17-2031,Bioengineers and Biomedical Engineers,detailed,240,0.4,,,0.01,~,41.32,85940,0.5,28.24,29.83,37.36,47.36,60.6,58740,62050,77700,98500,126050,,
99,U.S.,1,US,611000,Educational Services,"3-digit, ownership",5,17-2050,Civil Engineers,broad,150,2.4,,,0,~,51.67,107470,0.4,31.69,38.2,51.08,64.38,80.32,65910,79450,106250,133920,167060,,
99,U.S.,1,US,611000,Educational Services,"3-digit, ownership",5,17-2051,Civil Engineers,detailed,150,2.4,,,0,~,51.67,107470,0.4,31.69,38.2,51.08,64.38,80.32,65910,79450,106250,133920,167060,,
99,U.S.,1,US,611000,Educational Services,"3-digit, ownership",5,17-2070,Electrical and Electronics Engineers,broad,380,33.6,,,0.01,~,50.85,105770,3.9,33.82,40.01,54.42,54.8,64.94,70350,83220,113180,113980,135080,,
99,U.S.,1,US,611000,Educational Services,"3-digit, ownership",5,17-2071,Electrical Engineers,detailed,170,6.1,,,0.01,~,47.36,98500,2.9,33.82,33.82,40.01,58.22,70.89,70350,70350,83220,121090,147460,,
99,U.S.,1,US,611000,Educational Services,"3-digit, ownership",5,17-2072,"Electronics Engineers, Except Computer",detailed,**,**,,,**,**,53.75,111800,6.8,44.99,52.45,54.52,54.56,62.05,93590,109100,113400,113480,129060,,
99,U.S.,1,US,611000,Educational Services,"3-digit, ownership",5,17-2080,Environmental Engineers,broad,90,14.7,,,0,~,43.94,91400,1.1,26.13,32.79,45.72,50.37,58.97,54340,68210,95100,104760,122660,,
99,U.S.,1,US,611000,Educational Services,"3-digit, ownership",5,17-2081,Environmental Engineers,detailed,90,14.7,,,0,~,43.94,91400,1.1,26.13,32.79,45.72,50.37,58.97,54340,68210,95100,104760,122660,,
99,U.S.,1,US,611000,Educational Services,"3-digit, ownership",5,17-2110,"Industrial Engineers, Including Health and Safety",broad,400,12.9,,,0.01,~,56.27,117050,7,32.69,41.33,50.89,63.11,83.7,67990,85970,105860,131270,174090,,
99,U.S.,1,US,611000,Educational Services,"3-digit, ownership",5,17-2111,"Health and Safety Engineers, Except Mining Safety Engineers and Inspectors",detailed,40,10,,,0,~,45.67,95000,1.7,31.37,37.35,42.57,52.05,54.08,65250,77690,88550,108270,112490,,
99,U.S.,1,US,611000,Educational Services,"3-digit, ownership",5,17-2112,Industrial Engineers,detailed,350,14.3,,,0.01,~,57.57,119740,7.6,32.72,42.41,56.01,66.94,83.7,68060,88200,116510,139230,174090,,
99,U.S.,1,US,611000,Educational Services,"3-digit, ownership",5,17-2140,Mechanical Engineers,broad,280,4.7,,,0.01,~,48.57,101030,1.8,30.5,38.43,45.67,62.46,68.6,63440,79930,94990,129920,142700,,
99,U.S.,1,US,611000,Educational Services,"3-digit, ownership",5,17-2141,Mechanical Engineers,detailed,280,4.7,,,0.01,~,48.57,101030,1.8,30.5,38.43,45.67,62.46,68.6,63440,79930,94990,129920,142700,,
99,U.S.,1,US,611000,Educational Services,"3-digit, ownership",5,17-2190,Miscellaneous Engineers,broad,490,5,,,0.01,~,52.18,108530,0.7,32.58,40.22,49.98,62.82,78.2,67760,83650,103950,130660,162650,,
99,U.S.,1,US,611000,Educational Services,"3-digit, ownership",5,17-2199,"Engineers, All Other",detailed,490,5,,,0.01,~,52.18,108530,0.7,32.58,40.22,49.98,62.82,78.2,67760,83650,103950,130660,162650,,
99,U.S.,1,US,611000,Educational Services,"3-digit, ownership",5,17-3000,"Drafters, Engineering Technicians, and Mapping Technicians",minor,1240,8.2,,,0.04,~,35.28,73380,1.9,20.52,25.82,34.44,42.85,51.07,42680,53710,71630,89140,106220,,
99,U.S.,1,US,611000,Educational Services,"3-digit, ownership",5,17-3010,Drafters,broad,90,1.5,,,0,~,34.36,71470,1.4,18.74,23.15,29.92,48.89,52.57,38990,48150,62240,101700,109350,,
99,U.S.,1,US,611000,Educational Services,"3-digit, ownership",5,17-3011,Architectural and Civil Drafters,detailed,40,6.4,,,0,~,29.68,61740,3,21.98,23.15,29.19,31.98,44.11,45710,48150,60710,66510,91740,,
99,U.S.,1,US,611000,Educational Services,"3-digit, ownership",5,17-3013,Mechanical Drafters,detailed,30,3.1,,,0,~,42.87,89170,1.8,19.74,36.08,48.89,51.86,52.69,41070,75040,101700,107870,109600,,
99,U.S.,1,US,611000,Educational Services,"3-digit, ownership",5,17-3020,"Engineering Technologists and Technicians, Except Drafters",broad,1130,9,,,0.03,~,35.51,73860,2.1,21.23,26,35.54,42.71,51.07,44150,54070,73910,88840,106220,,
99,U.S.,1,US,611000,Educational Services,"3-digit, ownership",5,17-3021,Aerospace Engineering and Operations Technologists and Technicians,detailed,290,24.6,,,0.01,~,37.34,77660,6.9,24.81,27.83,32.97,45.88,56.44,51590,57880,68590,95420,117390,,
99,U.S.,1,US,611000,Educational Services,"3-digit, ownership",5,17-3022,Civil Engineering Technologists and Technicians,detailed,40,3.1,,,0,~,37.61,78240,0.5,26.68,34.19,36.71,45.07,45.07,55480,71120,76350,93750,93750,,
99,U.S.,1,US,611000,Educational Services,"3-digit, ownership",5,17-3023,Electrical and Electronic Engineering Technologists and Technicians,detailed,180,14.5,,,0.01,~,36.8,76540,2.4,24.63,27.23,37.53,42.71,49.56,51220,56650,78060,88840,103090,,
99,U.S.,1,US,611000,Educational Services,"3-digit, ownership",5,17-3024,Electro-Mechanical and Mechatronics Technologists and Technicians,detailed,170,28.2,,,0.01,~,34.95,72690,1.2,21.67,21.67,35.54,38.7,46.82,45080,45080,73930,80500,97380,,
99,U.S.,1,US,611000,Educational Services,"3-digit, ownership",5,17-3026,Industrial Engineering Technologists and Technicians,detailed,40,14,,,0,~,41.75,86840,3.5,21.23,34.93,45.58,51.05,51.05,44170,72660,94800,106190,106190,,
99,U.S.,1,US,611000,Educational Services,"3-digit, ownership",5,17-3027,Mechanical Engineering Technologists and Technicians,detailed,90,12.3,,,0,~,36.13,75150,1,24.93,31.41,35.78,38.95,50.51,51850,65330,74420,81010,105060,,
99,U.S.,1,US,611000,Educational Services,"3-digit, ownership",5,17-3029,"Engineering Technologists and Technicians, Except Drafters, All Other",detailed,290,12.2,,,0.01,~,32.22,67010,7,17.61,17.83,29.45,45.64,51.07,36640,37090,61260,94940,106220,,
99,U.S.,1,US,611000,Educational Services,"3-digit, ownership",5,19-0000,"Life, Physical, and Social Science Occupations",major,41270,1.7,,,1.26,4,36.89,76720,1.2,19.86,26.29,32.11,40.84,53.82,41310,54680,66780,84950,111950,,
99,U.S.,1,US,611000,Educational Services,"3-digit, ownership",5,19-1000,Life Scientists,minor,13020,1,,,0.4,~,38.03,79100,0.5,27.47,30.38,35.27,40.27,53.31,57150,63200,73370,83750,110880,,
99,U.S.,1,US,611000,Educational Services,"3-digit, ownership",5,19-1010,Agricultural and Food Scientists,broad,140,10.9,,,0,~,33.87,70440,3.2,19.89,20.54,28.38,35.41,64.47,41370,42730,59040,73650,134090,,
99,U.S.,1,US,611000,Educational Services,"3-digit, ownership",5,19-1011,Animal Scientists,detailed,50,12.6,,,0,~,44.21,91960,4.9,25.22,28.66,29.13,64.47,80.98,52460,59610,60590,134090,168440,,
99,U.S.,1,US,611000,Educational Services,"3-digit, ownership",5,19-1013,Soil and Plant Scientists,detailed,70,20,,,0,~,25.09,52200,2.3,19.38,20.3,20.54,28.38,37.95,40300,42230,42730,59040,78930,,
99,U.S.,1,US,611000,Educational Services,"3-digit, ownership",5,19-1020,Biological Scientists,broad,3740,2.2,,,0.11,~,35.78,74420,0.6,26.65,29.91,30.43,39.44,49.6,55420,62210,63290,82040,103160,,
99,U.S.,1,US,611000,Educational Services,"3-digit, ownership",5,19-1021,Biochemists and Biophysicists,detailed,480,4.3,,,0.01,~,39.96,83120,2.1,28.48,30.44,37.1,42.46,61.28,59240,63320,77160,88320,127460,,
99,U.S.,1,US,611000,Educational Services,"3-digit, ownership",5,19-1022,Microbiologists,detailed,190,14.6,,,0.01,~,35.76,74370,1,29.04,31.77,31.98,38.71,44.9,60410,66080,66510,80520,93390,,
99,U.S.,1,US,611000,Educational Services,"3-digit, ownership",5,19-1023,Zoologists and Wildlife Biologists,detailed,150,16,,,0,~,37.01,76980,2.6,24.84,26.38,32.43,40.13,54.08,51660,54870,67440,83480,112490,,
99,U.S.,1,US,611000,Educational Services,"3-digit, ownership",5,19-1029,"Biological Scientists, All Other",detailed,2930,1.7,,,0.09,~,35.03,72860,0.6,26.65,29.91,30.43,39.32,47.69,55420,62210,63290,81790,99180,,
99,U.S.,1,US,611000,Educational Services,"3-digit, ownership",5,19-1030,Conservation Scientists and Foresters,broad,40,38.2,,,0,~,28.51,59300,5.1,21.03,23.97,24.63,29.95,42.09,43750,49850,51220,62300,87550,,
99,U.S.,1,US,611000,Educational Services,"3-digit, ownership",5,19-1040,Medical Scientists,broad,8770,0.7,,,0.27,~,39.1,81320,0.6,29.3,31.8,36.6,40.84,53.31,60940,66140,76120,84950,110880,,
99,U.S.,1,US,611000,Educational Services,"3-digit, ownership",5,19-1041,Epidemiologists,detailed,260,9.6,,,0.01,~,47.47,98730,2.7,33.55,34.8,47.9,57.92,64.84,69780,72380,99630,120470,134860,,
99,U.S.,1,US,611000,Educational Services,"3-digit, ownership",5,19-1042,"Medical Scientists, Except Epidemiologists",detailed,8510,0.6,,,0.26,~,38.84,80780,0.6,29.3,31.8,36.6,40.84,53.31,60940,66140,76120,84950,110880,,
99,U.S.,1,US,611000,Educational Services,"3-digit, ownership",5,19-1090,Miscellaneous Life Scientists,broad,320,1.2,,,0.01,~,38.17,79380,1.2,24.68,24.75,31.41,40.02,66.45,51330,51470,65330,83240,138220,,
99,U.S.,1,US,611000,Educational Services,"3-digit, ownership",5,19-1099,"Life Scientists, All Other",detailed,320,1.2,,,0.01,~,38.17,79380,1.2,24.68,24.75,31.41,40.02,66.45,51330,51470,65330,83240,138220,,
99,U.S.,1,US,611000,Educational Services,"3-digit, ownership",5,19-2000,Physical Scientists,minor,2520,2.9,,,0.08,~,56.67,117870,9.4,27.74,31.71,40.23,59.03,91.72,57690,65970,83680,122790,190770,,
99,U.S.,1,US,611000,Educational Services,"3-digit, ownership",5,19-2010,Astronomers and Physicists,broad,840,0.8,,,0.03,~,58.51,121710,0.4,30.91,36.99,50.12,78.42,102.15,64300,76930,104260,163120,212470,,
99,U.S.,1,US,611000,Educational Services,"3-digit, ownership",5,19-2012,Physicists,detailed,810,0.8,,,0.02,~,58.85,122410,0.4,30.91,37.45,50.12,78.42,102.87,64300,77890,104260,163120,213960,,
99,U.S.,1,US,611000,Educational Services,"3-digit, ownership",5,19-2030,Chemists and Materials Scientists,broad,740,0.9,,,0.02,~,38.24,79540,0.8,27.56,30.49,32.95,41.35,53.89,57320,63430,68540,86010,112090,,
99,U.S.,1,US,611000,Educational Services,"3-digit, ownership",5,19-2031,Chemists,detailed,660,0.9,,,0.02,~,36.36,75620,0.8,27.45,30.49,32.95,37.97,53.27,57090,63430,68540,78980,110800,,
99,U.S.,1,US,611000,Educational Services,"3-digit, ownership",5,19-2032,Materials Scientists,detailed,80,1.6,,,0,~,54.69,113760,1.2,39.86,45.75,47.81,52.32,62.26,82900,95160,99440,108820,129490,,
99,U.S.,1,US,611000,Educational Services,"3-digit, ownership",5,19-2040,Environmental Scientists and Geoscientists,broad,670,11,,,0.02,~,79.69,165750,25.8,21.57,30.2,40.48,56.6,#,44870,62820,84190,117720,#,,
99,U.S.,1,US,611000,Educational Services,"3-digit, ownership",5,19-2041,"Environmental Scientists and Specialists, Including Health",detailed,560,13.1,,,0.02,~,86.07,179030,29.2,21,30.14,40.48,68.33,#,43680,62700,84200,142130,#,,
99,U.S.,1,US,611000,Educational Services,"3-digit, ownership",5,19-2042,"Geoscientists, Except Hydrologists and Geographers",detailed,100,5.3,,,0,~,37.46,77910,1.6,22.67,30.1,36.67,40.51,48.82,47140,62610,76280,84260,101540,,
99,U.S.,1,US,611000,Educational Services,"3-digit, ownership",5,19-2090,Miscellaneous Physical Scientists,broad,260,6,,,0.01,~,45.74,95150,2.7,26.38,31.19,40.43,51.89,73.52,54870,64870,84090,107930,152930,,
99,U.S.,1,US,611000,Educational Services,"3-digit, ownership",5,19-2099,"Physical Scientists, All Other",detailed,260,6,,,0.01,~,45.74,95150,2.7,26.38,31.19,40.43,51.89,73.52,54870,64870,84090,107930,152930,,
99,U.S.,1,US,611000,Educational Services,"3-digit, ownership",5,19-3000,Social Scientists and Related Workers,minor,9650,6,,,0.29,3,45.23,94070,1.7,24.94,32.24,40.8,51.37,69.57,51880,67060,84860,106840,144700,,
99,U.S.,1,US,611000,Educational Services,"3-digit, ownership",5,19-3010,Economists,broad,120,11.9,,,0,~,53.86,112020,3.8,30.82,38.17,44.99,63.23,75.8,64100,79390,93580,131530,157670,,
99,U.S.,1,US,611000,Educational Services,"3-digit, ownership",5,19-3011,Economists,detailed,120,11.9,,,0,~,53.86,112020,3.8,30.82,38.17,44.99,63.23,75.8,64100,79390,93580,131530,157670,,
99,U.S.,1,US,611000,Educational Services,"3-digit, ownership",5,19-3030,Psychologists,broad,7190,7.8,,,0.22,2,46.7,97140,2.1,28.59,35.56,44,52.01,71.53,59470,73960,91520,108190,148770,,
99,U.S.,1,US,611000,Educational Services,"3-digit, ownership",5,19-3032,Industrial-Organizational Psychologists,detailed,**,**,,,**,**,41.73,86800,4.2,32.39,37.6,39.35,40.04,63.23,67370,78200,81840,83290,131510,,
99,U.S.,1,US,611000,Educational Services,"3-digit, ownership",5,19-3033,Clinical and Counseling Psychologists,detailed,1240,12.5,,,0.04,~,47.46,98710,4.4,27.4,32.39,42.95,56.36,73.52,56990,67360,89330,117220,152920,,
99,U.S.,1,US,611000,Educational Services,"3-digit, ownership",5,19-3034,School Psychologists,detailed,5550,9.5,,,0.17,2,46.29,96280,2.5,28.69,36.02,43.98,51.34,65.49,59670,74910,91470,106790,136220,,
99,U.S.,1,US,611000,Educational Services,"3-digit, ownership",5,19-3039,"Psychologists, All Other",detailed,350,13.5,,,0.01,~,51.11,106300,2.1,29.3,36.77,49.45,62.12,73.3,60940,76490,102860,129210,152470,,
99,U.S.,1,US,611000,Educational Services,"3-digit, ownership",5,19-3040,Sociologists,broad,260,2.1,,,0.01,~,48.93,101760,0.6,27.3,37.11,47.87,50.22,81.27,56780,77190,99560,104460,169040,,
99,U.S.,1,US,611000,Educational Services,"3-digit, ownership",5,19-3041,Sociologists,detailed,260,2.1,,,0.01,~,48.93,101760,0.6,27.3,37.11,47.87,50.22,81.27,56780,77190,99560,104460,169040,,
99,U.S.,1,US,611000,Educational Services,"3-digit, ownership",5,19-3090,Miscellaneous Social Scientists and Related Workers,broad,1340,7.5,,,0.04,~,45.4,94430,1.7,28.2,32.15,40.51,51.79,73.28,58660,66870,84250,107720,152420,,
99,U.S.,1,US,611000,Educational Services,"3-digit, ownership",5,19-3091,Anthropologists and Archeologists,detailed,30,6.6,,,0,~,33.84,70390,0.7,23.61,27.13,32.18,38.64,45.14,49110,56430,66940,80370,93890,,
99,U.S.,1,US,611000,Educational Services,"3-digit, ownership",5,19-3094,Political Scientists,detailed,40,1.6,,,0,~,57.57,119750,3.5,31.23,35.61,43.76,79.84,108.92,64960,74070,91030,166070,226550,,
99,U.S.,1,US,611000,Educational Services,"3-digit, ownership",5,19-3099,"Social Scientists and Related Workers, All Other",detailed,1250,8.2,,,0.04,~,45.49,94620,1.8,28.3,32.15,40.96,51.79,73.28,58870,66870,85190,107720,152420,,
99,U.S.,1,US,611000,Educational Services,"3-digit, ownership",5,19-4000,"Life, Physical, and Social Science Technicians",minor,14130,1.7,,,0.43,1,26.83,55800,0.6,16,20.83,24.77,30.64,38.74,33280,43330,51510,63730,80570,,
99,U.S.,1,US,611000,Educational Services,"3-digit, ownership",5,19-4020,Biological Technicians,broad,5090,3.3,,,0.16,~,25,52000,1,17.43,19.46,23.61,29.71,35.18,36260,40480,49110,61800,73170,,
99,U.S.,1,US,611000,Educational Services,"3-digit, ownership",5,19-4021,Biological Technicians,detailed,5090,3.3,,,0.16,~,25,52000,1,17.43,19.46,23.61,29.71,35.18,36260,40480,49110,61800,73170,,
99,U.S.,1,US,611000,Educational Services,"3-digit, ownership",5,19-4030,Chemical Technicians,broad,380,8.3,,,0.01,~,24.73,51440,1.5,17.34,19.75,24.4,28.6,31.55,36060,41070,50760,59480,65610,,
99,U.S.,1,US,611000,Educational Services,"3-digit, ownership",5,19-4031,Chemical Technicians,detailed,380,8.3,,,0.01,~,24.73,51440,1.5,17.34,19.75,24.4,28.6,31.55,36060,41070,50760,59480,65610,,
99,U.S.,1,US,611000,Educational Services,"3-digit, ownership",5,19-4040,Environmental Science and Geoscience Technicians,broad,320,22.5,,,0.01,~,24.8,51580,11.1,16.89,17.3,23.58,28.62,38.04,35120,35980,49050,59520,79120,,
99,U.S.,1,US,611000,Educational Services,"3-digit, ownership",5,19-4042,"Environmental Science and Protection Technicians, Including Health",detailed,280,25.2,,,0.01,~,24.35,50650,12.9,16.05,17.3,23.16,26.98,38.04,33390,35980,48160,56120,79120,,
99,U.S.,1,US,611000,Educational Services,"3-digit, ownership",5,19-4043,"Geological Technicians, Except Hydrologic Technicians",detailed,40,13.1,,,0,~,27.73,57680,1.7,20.68,23.99,28.58,30.95,31.52,43000,49900,59440,64370,65560,,
99,U.S.,1,US,611000,Educational Services,"3-digit, ownership",5,19-4060,Social Science Research Assistants,broad,4320,3,,,0.13,~,28.87,60040,0.9,18.29,22.21,28.94,32.01,38.74,38050,46190,60190,66570,80570,,
99,U.S.,1,US,611000,Educational Services,"3-digit, ownership",5,19-4061,Social Science Research Assistants,detailed,4320,3,,,0.13,~,28.87,60040,0.9,18.29,22.21,28.94,32.01,38.74,38050,46190,60190,66570,80570,,
99,U.S.,1,US,611000,Educational Services,"3-digit, ownership",5,19-4090,"Miscellaneous Life, Physical, and Social Science Technicians",broad,3960,1.4,,,0.12,~,27.37,56930,0.6,13.67,18.93,28.52,32.24,40.25,28430,39360,59320,67050,83720,,
99,U.S.,1,US,611000,Educational Services,"3-digit, ownership",5,19-4092,Forensic Science Technicians,detailed,120,23.1,,,0,~,17.31,36010,1.8,13.25,13.25,15.44,18.36,25.72,27550,27550,32120,38190,53500,,
99,U.S.,1,US,611000,Educational Services,"3-digit, ownership",5,19-4099,"Life, Physical, and Social Science Technicians, All Other",detailed,3840,1.4,,,0.12,~,27.69,57580,0.5,14.09,19.39,29.08,32.24,40.25,29310,40320,60480,67050,83720,,
99,U.S.,1,US,611000,Educational Services,"3-digit, ownership",5,19-5000,Occupational Health and Safety Specialists and Technicians,minor,1950,16.5,,,0.06,1,35.32,73460,3.7,18.99,27.33,31.67,41.72,51.55,39490,56850,65870,86780,107220,,
99,U.S.,1,US,611000,Educational Services,"3-digit, ownership",5,19-5010,Occupational Health and Safety Specialists and Technicians,broad,1950,16.5,,,0.06,1,35.32,73460,3.7,18.99,27.33,31.67,41.72,51.55,39490,56850,65870,86780,107220,,
99,U.S.,1,US,611000,Educational Services,"3-digit, ownership",5,19-5011,Occupational Health and Safety Specialists,detailed,1750,18.2,,,0.05,1,35.71,74280,4.2,18.94,27.47,31.79,43.53,52.48,39400,57140,66120,90550,109150,,
99,U.S.,1,US,611000,Educational Services,"3-digit, ownership",5,19-5012,Occupational Health and Safety Technicians,detailed,200,9.3,,,0.01,~,31.95,66460,1.5,19.37,26.8,30.43,36.35,40.54,40280,55750,63300,75610,84310,,
99,U.S.,1,US,611000,Educational Services,"3-digit, ownership",5,21-0000,Community and Social Service Occupations,major,121830,1.6,,,3.72,18,29.72,61830,0.6,18.4,22.47,27.92,34.54,43.02,38280,46740,58080,71840,89470,,
99,U.S.,1,US,611000,Educational Services,"3-digit, ownership",5,21-1000,"Counselors, Social Workers, and Other Community and Social Service Specialists",minor,115360,1.7,,,3.52,17,29.69,61760,0.7,18.45,22.55,27.97,34.53,42.76,38380,46900,58170,71820,88930,,
99,U.S.,1,US,611000,Educational Services,"3-digit, ownership",5,21-1010,Counselors,broad,91250,1.8,,,2.79,15,30.01,62430,0.7,18.92,22.7,28.23,34.74,43.34,39350,47210,58720,72270,90140,,
99,U.S.,1,US,611000,Educational Services,"3-digit, ownership",5,21-1012,"Educational, Guidance, and Career Counselors and Advisors",detailed,74490,1.6,,,2.28,13,30.19,62790,0.7,18.92,22.84,28.43,35.15,43.59,39350,47510,59130,73110,90670,,
99,U.S.,1,US,611000,Educational Services,"3-digit, ownership",5,21-1013,Marriage and Family Therapists,detailed,1340,37,,,0.04,~,32.7,68020,14.4,20.29,23.46,26.59,34.27,69.4,42210,48800,55300,71280,144340,,
99,U.S.,1,US,611000,Educational Services,"3-digit, ownership",5,21-1015,Rehabilitation Counselors,detailed,1140,19,,,0.03,~,22.97,47780,5,15.39,17.52,21.84,25.51,30.63,32010,36440,45420,53050,63710,,
99,U.S.,1,US,611000,Educational Services,"3-digit, ownership",5,21-1018,"Substance Abuse, Behavioral Disorder, and Mental Health Counselors",detailed,13310,8.3,,,0.41,3,29.6,61560,1.8,20.01,22.6,27.4,32.87,42.44,41620,47010,56990,68380,88270,,
99,U.S.,1,US,611000,Educational Services,"3-digit, ownership",5,21-1019,"Counselors, All Other",detailed,970,12.6,,,0.03,~,26.78,55700,2.2,14.52,20.58,24.61,31.25,42.16,30190,42800,51190,64990,87700,,
99,U.S.,1,US,611000,Educational Services,"3-digit, ownership",5,21-1020,Social Workers,broad,12300,5.1,,,0.38,3,31.21,64920,1.4,19.47,24.03,29.82,36.11,44.81,40500,49990,62030,75120,93210,,
99,U.S.,1,US,611000,Educational Services,"3-digit, ownership",5,21-1021,"Child, Family, and School Social Workers",detailed,10370,5.5,,,0.32,3,30.96,64390,1.6,19.51,23.96,29.69,35.94,44.81,40580,49830,61760,74760,93210,,
99,U.S.,1,US,611000,Educational Services,"3-digit, ownership",5,21-1022,Healthcare Social Workers,detailed,670,6,,,0.02,~,35.11,73020,2.6,22.66,27.27,32.88,40.72,45.29,47130,56710,68390,84700,94200,,
99,U.S.,1,US,611000,Educational Services,"3-digit, ownership",5,21-1023,Mental Health and Substance Abuse Social Workers,detailed,630,20.6,,,0.02,~,35.61,74060,5.4,21.5,26.86,34.64,37.61,46.55,44720,55880,72050,78230,96820,,
99,U.S.,1,US,611000,Educational Services,"3-digit, ownership",5,21-1029,"Social Workers, All Other",detailed,630,18.4,,,0.02,~,26.84,55830,2.4,18.28,20.34,26.95,30.12,35.81,38020,42310,56050,62640,74490,,
99,U.S.,1,US,611000,Educational Services,"3-digit, ownership",5,21-1090,Miscellaneous Community and Social Service Specialists,broad,11800,6.8,,,0.36,3,25.64,53340,2.1,15.89,18.85,22.85,30.39,37.74,33060,39200,47530,63210,78490,,
99,U.S.,1,US,611000,Educational Services,"3-digit, ownership",5,21-1091,Health Education Specialists,detailed,1000,7.8,,,0.03,~,34.13,70990,3.7,21.46,26.12,30.59,37.8,49.15,44640,54340,63640,78630,102230,,
99,U.S.,1,US,611000,Educational Services,"3-digit, ownership",5,21-1093,Social and Human Service Assistants,detailed,4750,10.5,,,0.14,1,21.55,44820,1.9,16.16,18.18,20.89,23.83,28.29,33620,37810,43450,49570,58850,,
99,U.S.,1,US,611000,Educational Services,"3-digit, ownership",5,21-1094,Community Health Workers,detailed,930,35.7,,,0.03,~,24.23,50400,4.5,19.05,21.75,21.93,25.08,31.38,39620,45230,45620,52170,65270,,
99,U.S.,1,US,611000,Educational Services,"3-digit, ownership",5,21-1099,"Community and Social Service Specialists, All Other",detailed,5110,10,,,0.16,1,28.02,58290,4.5,15.8,18.4,27.86,34.79,41.29,32860,38280,57950,72370,85880,,
99,U.S.,1,US,611000,Educational Services,"3-digit, ownership",5,21-2000,Religious Workers,minor,6470,5.9,,,0.2,2,30.26,62940,1.7,17.01,20.42,27.14,35.04,46.29,35380,42470,56450,72880,96290,,
99,U.S.,1,US,611000,Educational Services,"3-digit, ownership",5,21-2010,Clergy,broad,3720,7.7,,,0.11,2,30.84,64160,2.3,17.62,20.48,27.29,34.98,46.42,36650,42600,56760,72750,96550,,
99,U.S.,1,US,611000,Educational Services,"3-digit, ownership",5,21-2011,Clergy,detailed,3720,7.7,,,0.11,2,30.84,64160,2.3,17.62,20.48,27.29,34.98,46.42,36650,42600,56760,72750,96550,,
99,U.S.,1,US,611000,Educational Services,"3-digit, ownership",5,21-2020,"Directors, Religious Activities and Education",broad,2170,6.2,,,0.07,1,30.51,63450,2.6,17.13,21.32,27.34,36.36,48.18,35630,44350,56870,75620,100220,,
99,U.S.,1,US,611000,Educational Services,"3-digit, ownership",5,21-2021,"Directors, Religious Activities and Education",detailed,2170,6.2,,,0.07,1,30.51,63450,2.6,17.13,21.32,27.34,36.36,48.18,35630,44350,56870,75620,100220,,
99,U.S.,1,US,611000,Educational Services,"3-digit, ownership",5,21-2090,Miscellaneous Religious Workers,broad,580,13.3,,,0.02,~,25.58,53210,3.7,14.94,17.04,22.56,33.46,36.01,31080,35440,46920,69600,74890,,
99,U.S.,1,US,611000,Educational Services,"3-digit, ownership",5,21-2099,"Religious Workers, All Other",detailed,580,13.3,,,0.02,~,25.58,53210,3.7,14.94,17.04,22.56,33.46,36.01,31080,35440,46920,69600,74890,,
99,U.S.,1,US,611000,Educational Services,"3-digit, ownership",5,23-0000,Legal Occupations,major,3110,7,,,0.09,1,73.24,152330,1.8,29.91,39.44,62.38,95.44,#,62220,82040,129740,198510,#,,
99,U.S.,1,US,611000,Educational Services,"3-digit, ownership",5,23-1000,"Lawyers, Judges, and Related Workers",minor,2420,8.8,,,0.07,1,83.54,173760,2.1,37.83,48.83,75.63,106.14,#,78690,101560,157300,220770,#,,
99,U.S.,1,US,611000,Educational Services,"3-digit, ownership",5,23-1010,Lawyers and Judicial Law Clerks,broad,2390,9,,,0.07,1,84.01,174730,2.2,38,48.83,76.77,106.47,#,79030,101560,159680,221450,#,,
99,U.S.,1,US,611000,Educational Services,"3-digit, ownership",5,23-1011,Lawyers,detailed,2380,9,,,0.07,1,84.1,174920,2.2,38.13,48.83,76.87,106.47,#,79310,101570,159890,221450,#,,
99,U.S.,1,US,611000,Educational Services,"3-digit, ownership",5,23-1020,"Judges, Magistrates, and Other Judicial Workers",broad,30,16.8,,,0,~,47.14,98040,2.9,31.24,35.34,46.76,58.93,66.28,64980,73510,97250,122580,137870,,
99,U.S.,1,US,611000,Educational Services,"3-digit, ownership",5,23-1022,"Arbitrators, Mediators, and Conciliators",detailed,30,16.8,,,0,~,47.14,98040,2.9,31.24,35.34,46.76,58.93,66.28,64980,73510,97250,122580,137870,,
99,U.S.,1,US,611000,Educational Services,"3-digit, ownership",5,23-2000,Legal Support Workers,minor,690,5,,,0.02,~,37.24,77460,2.9,19.98,27.22,32.93,41.58,61.74,41550,56620,68490,86480,128410,,
99,U.S.,1,US,611000,Educational Services,"3-digit, ownership",5,23-2010,Paralegals and Legal Assistants,broad,400,7.2,,,0.01,~,34.57,71910,1.9,24.13,28.06,32.77,39.45,48.04,50180,58370,68150,82060,99920,,
99,U.S.,1,US,611000,Educational Services,"3-digit, ownership",5,23-2011,Paralegals and Legal Assistants,detailed,400,7.2,,,0.01,~,34.57,71910,1.9,24.13,28.06,32.77,39.45,48.04,50180,58370,68150,82060,99920,,
99,U.S.,1,US,611000,Educational Services,"3-digit, ownership",5,23-2090,Miscellaneous Legal Support Workers,broad,290,6.2,,,0.01,~,41,85270,5.3,19.98,24.04,33.66,52.27,76.7,41550,50010,70020,108730,159530,,
99,U.S.,1,US,611000,Educational Services,"3-digit, ownership",5,23-2099,"Legal Support Workers, All Other",detailed,280,6.7,,,0.01,~,40.99,85260,5.6,19.98,23.87,33.06,52.27,76.7,41550,49660,68760,108730,159530,,
99,U.S.,1,US,611000,Educational Services,"3-digit, ownership",5,25-0000,Educational Instruction and Library Occupations,major,1606850,0.3,,,49.09,70,33.47,69620,0.5,15.13,19.18,27.95,38.31,58.1,31470,39890,58140,79680,120850,,
99,U.S.,1,US,611000,Educational Services,"3-digit, ownership",5,25-1000,Postsecondary Teachers,minor,521620,0.4,,,15.94,15,*,101510,0.5,*,*,*,*,*,46000,60320,81080,122780,176080,TRUE,
99,U.S.,1,US,611000,Educational Services,"3-digit, ownership",5,25-1010,"Business Teachers, Postsecondary",broad,35200,1.4,,,1.08,3,*,108920,0.8,*,*,*,*,*,42630,61130,85820,132720,208170,TRUE,
99,U.S.,1,US,611000,Educational Services,"3-digit, ownership",5,25-1011,"Business Teachers, Postsecondary",detailed,35200,1.4,,,1.08,3,*,108920,0.8,*,*,*,*,*,42630,61130,85820,132720,208170,TRUE,
99,U.S.,1,US,611000,Educational Services,"3-digit, ownership",5,25-1020,"Math and Computer Science Teachers, Postsecondary",broad,21130,1.2,,,0.65,2,*,95160,0.7,*,*,*,*,*,46840,61180,80750,120920,162380,TRUE,
99,U.S.,1,US,611000,Educational Services,"3-digit, ownership",5,25-1021,"Computer Science Teachers, Postsecondary",detailed,10670,2,,,0.33,2,*,101610,0.9,*,*,*,*,*,47980,64440,91030,128230,165860,TRUE,
99,U.S.,1,US,611000,Educational Services,"3-digit, ownership",5,25-1022,"Mathematical Science Teachers, Postsecondary",detailed,10460,1,,,0.32,1,*,88590,0.6,*,*,*,*,*,46220,59600,76280,102370,137640,TRUE,
99,U.S.,1,US,611000,Educational Services,"3-digit, ownership",5,25-1030,"Engineering and Architecture Teachers, Postsecondary",broad,13720,1,,,0.42,1,*,123200,0.7,*,*,*,*,*,59570,80070,108550,153140,208080,TRUE,
99,U.S.,1,US,611000,Educational Services,"3-digit, ownership",5,25-1031,"Architecture Teachers, Postsecondary",detailed,3940,1,,,0.12,~,*,127610,0.9,*,*,*,*,*,66350,95020,125650,153140,173700,TRUE,
99,U.S.,1,US,611000,Educational Services,"3-digit, ownership",5,25-1032,"Engineering Teachers, Postsecondary",detailed,9780,1.2,,,0.3,1,*,121420,0.7,*,*,*,*,*,57540,78670,104890,154410,210980,TRUE,
99,U.S.,1,US,611000,Educational Services,"3-digit, ownership",5,25-1040,"Life Sciences Teachers, Postsecondary",broad,17400,0.9,,,0.53,1,*,99280,0.6,*,*,*,*,*,51390,63430,80360,121180,168490,TRUE,
99,U.S.,1,US,611000,Educational Services,"3-digit, ownership",5,25-1041,"Agricultural Sciences Teachers, Postsecondary",detailed,280,15.1,,,0.01,~,*,80860,4.2,*,*,*,*,*,46650,54090,68510,97710,132860,TRUE,
99,U.S.,1,US,611000,Educational Services,"3-digit, ownership",5,25-1042,"Biological Science Teachers, Postsecondary",detailed,17050,0.8,,,0.52,1,*,99640,0.6,*,*,*,*,*,51970,63530,80620,121750,169430,TRUE,
99,U.S.,1,US,611000,Educational Services,"3-digit, ownership",5,25-1043,"Forestry and Conservation Science Teachers, Postsecondary",detailed,70,24,,,0,~,*,86830,2.8,*,*,*,*,*,46570,62010,80900,86460,131590,TRUE,
99,U.S.,1,US,611000,Educational Services,"3-digit, ownership",5,25-1050,"Physical Sciences Teachers, Postsecondary",broad,15180,1.3,,,0.46,1,*,103250,0.5,*,*,*,*,*,56900,65000,83930,125290,172000,TRUE,
99,U.S.,1,US,611000,Educational Services,"3-digit, ownership",5,25-1051,"Atmospheric, Earth, Marine, and Space Sciences Teachers, Postsecondary",detailed,2500,4.7,,,0.08,~,*,117360,0.8,*,*,*,*,*,58130,70740,101960,138930,208160,TRUE,
99,U.S.,1,US,611000,Educational Services,"3-digit, ownership",5,25-1052,"Chemistry Teachers, Postsecondary",detailed,6650,0.6,,,0.2,1,*,97980,0.6,*,*,*,*,*,58380,64310,80490,107360,163350,TRUE,
99,U.S.,1,US,611000,Educational Services,"3-digit, ownership",5,25-1053,"Environmental Science Teachers, Postsecondary",detailed,1920,6.7,,,0.06,~,*,99580,0.8,*,*,*,*,*,49200,62100,81190,123900,167290,TRUE,
99,U.S.,1,US,611000,Educational Services,"3-digit, ownership",5,25-1054,"Physics Teachers, Postsecondary",detailed,4100,0.9,,,0.13,1,*,104900,0.7,*,*,*,*,*,57890,67020,84600,127190,173740,TRUE,
99,U.S.,1,US,611000,Educational Services,"3-digit, ownership",5,25-1060,"Social Sciences Teachers, Postsecondary",broad,44330,2.6,,,1.35,2,*,101270,0.7,*,*,*,*,*,48750,63460,83540,122180,170950,TRUE,
99,U.S.,1,US,611000,Educational Services,"3-digit, ownership",5,25-1061,"Anthropology and Archeology Teachers, Postsecondary",detailed,1420,1.5,,,0.04,~,*,113340,1.2,*,*,*,*,*,58770,73860,100590,133220,193300,TRUE,
99,U.S.,1,US,611000,Educational Services,"3-digit, ownership",5,25-1062,"Area, Ethnic, and Cultural Studies Teachers, Postsecondary",detailed,4190,1.7,,,0.13,~,*,104130,0.5,*,*,*,*,*,58150,76170,97140,121800,171780,TRUE,
99,U.S.,1,US,611000,Educational Services,"3-digit, ownership",5,25-1063,"Economics Teachers, Postsecondary",detailed,4880,1.1,,,0.15,~,*,145950,0.6,*,*,*,*,*,65740,86720,127860,175540,237450,TRUE,
99,U.S.,1,US,611000,Educational Services,"3-digit, ownership",5,25-1064,"Geography Teachers, Postsecondary",detailed,420,1.8,,,0.01,~,*,96270,0.7,*,*,*,*,*,48550,62950,96820,123320,156410,TRUE,
99,U.S.,1,US,611000,Educational Services,"3-digit, ownership",5,25-1065,"Political Science Teachers, Postsecondary",detailed,7030,1.2,,,0.21,1,*,109190,0.5,*,*,*,*,*,54510,71490,96170,129010,176370,TRUE,
99,U.S.,1,US,611000,Educational Services,"3-digit, ownership",5,25-1066,"Psychology Teachers, Postsecondary",detailed,18270,6.3,,,0.56,2,*,88220,0.9,*,*,*,*,*,46960,61150,78150,102450,134000,TRUE,
99,U.S.,1,US,611000,Educational Services,"3-digit, ownership",5,25-1067,"Sociology Teachers, Postsecondary",detailed,4030,1.3,,,0.12,1,*,98620,0.6,*,*,*,*,*,46960,61370,81140,117830,173050,TRUE,
99,U.S.,1,US,611000,Educational Services,"3-digit, ownership",5,25-1069,"Social Sciences Teachers, Postsecondary, All Other",detailed,4090,2.6,,,0.13,1,*,88650,0.9,*,*,*,*,*,48250,60850,74170,100340,160480,TRUE,
99,U.S.,1,US,611000,Educational Services,"3-digit, ownership",5,25-1070,"Health Teachers, Postsecondary",broad,128190,1.3,,,3.92,4,*,123540,0.7,*,*,*,*,*,51220,75490,102130,154320,220600,TRUE,
99,U.S.,1,US,611000,Educational Services,"3-digit, ownership",5,25-1071,"Health Specialties Teachers, Postsecondary",detailed,95390,1.7,,,2.91,3,*,136680,0.8,*,*,*,*,*,57970,80750,105730,170510,#,TRUE,
99,U.S.,1,US,611000,Educational Services,"3-digit, ownership",5,25-1072,"Nursing Instructors and Teachers, Postsecondary",detailed,32800,2.3,,,1,3,*,85330,1,*,*,*,*,*,47460,61090,79550,100880,126780,TRUE,
99,U.S.,1,US,611000,Educational Services,"3-digit, ownership",5,25-1080,"Education and Library Science Teachers, Postsecondary",broad,24590,1.8,,,0.75,2,*,74560,0.6,*,*,*,*,*,37600,49240,64510,89340,114240,TRUE,
99,U.S.,1,US,611000,Educational Services,"3-digit, ownership",5,25-1081,"Education Teachers, Postsecondary",detailed,23670,1.9,,,0.72,2,*,74550,0.6,*,*,*,*,*,37490,48860,64480,90310,115900,TRUE,
99,U.S.,1,US,611000,Educational Services,"3-digit, ownership",5,25-1082,"Library Science Teachers, Postsecondary",detailed,920,3,,,0.03,~,*,74890,1,*,*,*,*,*,48420,59370,68520,83370,104790,TRUE,
99,U.S.,1,US,611000,Educational Services,"3-digit, ownership",5,25-1110,"Law, Criminal Justice, and Social Work Teachers, Postsecondary",broad,18180,2.7,,,0.56,2,*,119310,0.9,*,*,*,*,*,48130,63640,98670,158510,220820,TRUE,
99,U.S.,1,US,611000,Educational Services,"3-digit, ownership",5,25-1111,"Criminal Justice and Law Enforcement Teachers, Postsecondary",detailed,2980,4.4,,,0.09,1,*,78570,1.7,*,*,*,*,*,44470,53740,68350,90960,129870,TRUE,
99,U.S.,1,US,611000,Educational Services,"3-digit, ownership",5,25-1112,"Law Teachers, Postsecondary",detailed,10020,4.3,,,0.31,1,*,149200,0.7,*,*,*,*,*,56890,82180,129400,178370,#,TRUE,
99,U.S.,1,US,611000,Educational Services,"3-digit, ownership",5,25-1113,"Social Work Teachers, Postsecondary",detailed,5170,3.1,,,0.16,1,*,84910,1.8,*,*,*,*,*,45600,59170,78440,101940,130110,TRUE,
99,U.S.,1,US,611000,Educational Services,"3-digit, ownership",5,25-1120,"Arts, Communications, History, and Humanities Teachers, Postsecondary",broad,100330,1,,,3.07,4,*,102790,0.7,*,*,*,*,*,47660,61310,80480,117880,175220,TRUE,
99,U.S.,1,US,611000,Educational Services,"3-digit, ownership",5,25-1121,"Art, Drama, and Music Teachers, Postsecondary",detailed,47190,1.7,,,1.44,2,*,117410,1.1,*,*,*,*,*,47900,61860,93610,133680,228360,TRUE,
99,U.S.,1,US,611000,Educational Services,"3-digit, ownership",5,25-1122,"Communications Teachers, Postsecondary",detailed,8460,1.5,,,0.26,1,*,87820,0.6,*,*,*,*,*,47390,59900,76700,100350,144740,TRUE,
99,U.S.,1,US,611000,Educational Services,"3-digit, ownership",5,25-1123,"English Language and Literature Teachers, Postsecondary",detailed,16010,1.1,,,0.49,1,*,94120,0.6,*,*,*,*,*,48380,60770,78800,103170,158550,TRUE,
99,U.S.,1,US,611000,Educational Services,"3-digit, ownership",5,25-1124,"Foreign Language and Literature Teachers, Postsecondary",detailed,8090,1.6,,,0.25,1,*,87090,0.6,*,*,*,*,*,47590,60730,77120,100460,130250,TRUE,
99,U.S.,1,US,611000,Educational Services,"3-digit, ownership",5,25-1125,"History Teachers, Postsecondary",detailed,6500,1,,,0.2,1,*,93620,0.8,*,*,*,*,*,47160,62420,81010,106880,148700,TRUE,
99,U.S.,1,US,611000,Educational Services,"3-digit, ownership",5,25-1126,"Philosophy and Religion Teachers, Postsecondary",detailed,14080,2.7,,,0.43,2,*,85900,1,*,*,*,*,*,46490,60540,77120,100430,130100,TRUE,
99,U.S.,1,US,611000,Educational Services,"3-digit, ownership",5,25-1190,Miscellaneous Postsecondary Teachers,broad,103380,1.2,,,3.16,10,*,72360,0.7,*,*,*,*,*,37590,47510,61560,83190,119660,TRUE,
99,U.S.,1,US,611000,Educational Services,"3-digit, ownership",5,25-1192,"Family and Consumer Sciences Teachers, Postsecondary",detailed,310,14.1,,,0.01,~,*,85030,3.6,*,*,*,*,*,46390,56330,82080,106460,134100,TRUE,
99,U.S.,1,US,611000,Educational Services,"3-digit, ownership",5,25-1193,"Recreation and Fitness Studies Teachers, Postsecondary",detailed,3040,3.4,,,0.09,1,*,73760,0.8,*,*,*,*,*,46170,56820,64630,81610,107960,TRUE,
99,U.S.,1,US,611000,Educational Services,"3-digit, ownership",5,25-1194,"Career/Technical Education Teachers, Postsecondary",detailed,50630,2,,,1.55,7,32.27,67130,1.2,18.1,22.28,28.25,38.53,53.44,37640,46340,58760,80140,111150,,
99,U.S.,1,US,611000,Educational Services,"3-digit, ownership",5,25-1199,"Postsecondary Teachers, All Other",detailed,49400,1.8,,,1.51,4,*,77560,0.7,*,*,*,*,*,37040,48740,64860,90630,125190,TRUE,
99,U.S.,1,US,611000,Educational Services,"3-digit, ownership",5,25-2000,"Preschool, Elementary, Middle, Secondary, and Special Education Teachers",minor,465120,0.7,,,14.21,16,*,59390,0.7,*,*,*,*,*,36230,46100,57280,69670,89730,TRUE,
99,U.S.,1,US,611000,Educational Services,"3-digit, ownership",5,25-2010,Preschool and Kindergarten Teachers,broad,44120,4,,,1.35,11,22.66,47140,1.1,14.15,17.16,21.97,27.14,32.42,29440,35690,45700,56460,67430,,
99,U.S.,1,US,611000,Educational Services,"3-digit, ownership",5,25-2011,"Preschool Teachers, Except Special Education",detailed,29500,5.2,,,0.9,9,21.2,44100,1.3,13.77,16.47,19.2,24,30.02,28640,34260,39940,49910,62440,,
99,U.S.,1,US,611000,Educational Services,"3-digit, ownership",5,25-2012,"Kindergarten Teachers, Except Special Education",detailed,14620,4.2,,,0.45,6,*,53260,1.1,*,*,*,*,*,35510,44240,49860,61080,73520,TRUE,
99,U.S.,1,US,611000,Educational Services,"3-digit, ownership",5,25-2020,Elementary and Middle School Teachers,broad,229640,1.7,,,7.02,12,*,57730,0.9,*,*,*,*,*,36330,45930,55310,64320,80800,TRUE,
99,U.S.,1,US,611000,Educational Services,"3-digit, ownership",5,25-2021,"Elementary School Teachers, Except Special Education",detailed,156870,2,,,4.79,12,*,56240,1,*,*,*,*,*,35820,45150,51200,62710,78760,TRUE,
99,U.S.,1,US,611000,Educational Services,"3-digit, ownership",5,25-2022,"Middle School Teachers, Except Special and Career/Technical Education",detailed,72260,2.9,,,2.21,9,*,60950,1.1,*,*,*,*,*,37970,47040,58770,74300,93090,TRUE,
99,U.S.,1,US,611000,Educational Services,"3-digit, ownership",5,25-2023,"Career/Technical Education Teachers, Middle School",detailed,510,12,,,0.02,~,*,56420,5.7,*,*,*,*,*,31200,35710,52650,70200,87050,TRUE,
99,U.S.,1,US,611000,Educational Services,"3-digit, ownership",5,25-2030,Secondary School Teachers,broad,151160,2.4,,,4.62,10,*,64620,1,*,*,*,*,*,38320,48060,60080,76660,98060,TRUE,
99,U.S.,1,US,611000,Educational Services,"3-digit, ownership",5,25-2031,"Secondary School Teachers, Except Special and Career/Technical Education",detailed,148640,2.4,,,4.54,10,*,64580,1,*,*,*,*,*,38320,48060,60070,76660,98060,TRUE,
99,U.S.,1,US,611000,Educational Services,"3-digit, ownership",5,25-2032,"Career/Technical Education Teachers, Secondary School",detailed,2520,8.5,,,0.08,1,*,66900,2,*,*,*,*,*,37950,51960,61000,76510,97270,TRUE,
99,U.S.,1,US,611000,Educational Services,"3-digit, ownership",5,25-2050,Special Education Teachers,broad,40200,4.6,,,1.23,7,*,62610,1.5,*,*,*,*,*,38760,47830,59160,73360,88030,TRUE,
99,U.S.,1,US,611000,Educational Services,"3-digit, ownership",5,25-2051,"Special Education Teachers, Preschool",detailed,1060,17.2,,,0.03,~,*,57380,4.9,*,*,*,*,*,35850,41600,52710,66580,80110,TRUE,
99,U.S.,1,US,611000,Educational Services,"3-digit, ownership",5,25-2052,"Special Education Teachers, Kindergarten and Elementary School",detailed,11020,7.1,,,0.34,3,*,60370,1.3,*,*,*,*,*,39410,48400,59110,69900,80480,TRUE,
99,U.S.,1,US,611000,Educational Services,"3-digit, ownership",5,25-2057,"Special Education Teachers, Middle School",detailed,5070,11.2,,,0.16,2,*,59450,3,*,*,*,*,*,36540,47780,58310,69260,84840,TRUE,
99,U.S.,1,US,611000,Educational Services,"3-digit, ownership",5,25-2058,"Special Education Teachers, Secondary School",detailed,15150,7.6,,,0.46,4,*,61000,2.1,*,*,*,*,*,38690,47900,59070,72680,81730,TRUE,
99,U.S.,1,US,611000,Educational Services,"3-digit, ownership",5,25-2059,"Special Education Teachers, All Other",detailed,7900,10.4,,,0.24,2,*,71580,5.4,*,*,*,*,*,38750,47770,61610,79110,139650,TRUE,
99,U.S.,1,US,611000,Educational Services,"3-digit, ownership",5,25-3000,Other Teachers and Instructors,minor,363140,1.2,,,11.09,49,24.69,51340,1,13.52,16.39,21.28,29.03,39.98,28130,34100,44260,60380,83160,,
99,U.S.,1,US,611000,Educational Services,"3-digit, ownership",5,25-3010,"Adult Basic Education, Adult Secondary Education, and English as a Second Language Instructors",broad,5360,10.4,,,0.16,2,27.28,56730,2.2,18.06,21.82,24.53,30,39.01,37570,45380,51010,62400,81130,,
99,U.S.,1,US,611000,Educational Services,"3-digit, ownership",5,25-3011,"Adult Basic Education, Adult Secondary Education, and English as a Second Language Instructors",detailed,5360,10.4,,,0.16,2,27.28,56730,2.2,18.06,21.82,24.53,30,39.01,37570,45380,51010,62400,81130,,
99,U.S.,1,US,611000,Educational Services,"3-digit, ownership",5,25-3020,Self-Enrichment Teachers,broad,188390,1.7,,,5.76,30,25.79,53630,1.2,13.78,17.06,22,30,44.45,28670,35490,45760,62390,92460,,
99,U.S.,1,US,611000,Educational Services,"3-digit, ownership",5,25-3021,Self-Enrichment Teachers,detailed,188390,1.7,,,5.76,30,25.79,53630,1.2,13.78,17.06,22,30,44.45,28670,35490,45760,62390,92460,,
99,U.S.,1,US,611000,Educational Services,"3-digit, ownership",5,25-3030,"Substitute Teachers, Short-Term",broad,36150,2.6,,,1.1,7,19.39,40330,1.9,12,14.12,16.73,21.42,27.1,24960,29380,34790,44550,56380,,
99,U.S.,1,US,611000,Educational Services,"3-digit, ownership",5,25-3031,"Substitute Teachers, Short-Term",detailed,36150,2.6,,,1.1,7,19.39,40330,1.9,12,14.12,16.73,21.42,27.1,24960,29380,34790,44550,56380,,
99,U.S.,1,US,611000,Educational Services,"3-digit, ownership",5,25-3040,Tutors,broad,96140,2.4,,,2.94,14,23.09,48040,1.9,13.46,16,19.7,26.47,38.34,27990,33280,40970,55070,79740,,
99,U.S.,1,US,611000,Educational Services,"3-digit, ownership",5,25-3041,Tutors,detailed,96140,2.4,,,2.94,14,23.09,48040,1.9,13.46,16,19.7,26.47,38.34,27990,33280,40970,55070,79740,,
99,U.S.,1,US,611000,Educational Services,"3-digit, ownership",5,25-3090,Miscellaneous Teachers and Instructors,broad,37110,5,,,1.13,8,*,58260,2.6,*,*,*,*,*,28410,36680,50660,74710,96480,TRUE,
99,U.S.,1,US,611000,Educational Services,"3-digit, ownership",5,25-3099,"Teachers and Instructors, All Other",detailed,37110,5,,,1.13,8,*,58260,2.6,*,*,*,*,*,28410,36680,50660,74710,96480,TRUE,
99,U.S.,1,US,611000,Educational Services,"3-digit, ownership",5,25-4000,"Librarians, Curators, and Archivists",minor,20110,0.9,,,0.61,4,30.62,63680,0.6,17.64,22.65,29.14,37.05,46.28,36690,47120,60600,77070,96270,,
99,U.S.,1,US,611000,Educational Services,"3-digit, ownership",5,25-4010,"Archivists, Curators, and Museum Technicians",broad,2370,1.8,,,0.07,~,32.06,66670,0.7,19.16,24.12,30.68,38.4,45.69,39850,50170,63820,79870,95040,,
99,U.S.,1,US,611000,Educational Services,"3-digit, ownership",5,25-4011,Archivists,detailed,850,2.3,,,0.03,~,31.41,65330,1,20.52,24.27,29.8,37.49,43.69,42680,50480,61990,77980,90870,,
99,U.S.,1,US,611000,Educational Services,"3-digit, ownership",5,25-4012,Curators,detailed,920,3.3,,,0.03,~,34.95,72700,1,21.24,27.21,35.04,40.29,48.11,44180,56600,72890,83790,100070,,
99,U.S.,1,US,611000,Educational Services,"3-digit, ownership",5,25-4013,Museum Technicians and Conservators,detailed,610,3.3,,,0.02,~,28.55,59370,1,17.73,21.77,27.08,34.28,39.8,36870,45280,56330,71290,82790,,
99,U.S.,1,US,611000,Educational Services,"3-digit, ownership",5,25-4020,Librarians and Media Collections Specialists,broad,13800,1.1,,,0.42,4,32.43,67460,0.6,18.67,23.73,30.55,38.21,47.58,38830,49360,63540,79480,98970,,
99,U.S.,1,US,611000,Educational Services,"3-digit, ownership",5,25-4022,Librarians and Media Collections Specialists,detailed,13800,1.1,,,0.42,4,32.43,67460,0.6,18.67,23.73,30.55,38.21,47.58,38830,49360,63540,79480,98970,,
99,U.S.,1,US,611000,Educational Services,"3-digit, ownership",5,25-4030,Library Technicians,broad,3940,1.4,,,0.12,1,23.37,48610,0.7,15.84,18.3,22.65,27.93,31.28,32940,38060,47120,58090,65070,,
99,U.S.,1,US,611000,Educational Services,"3-digit, ownership",5,25-4031,Library Technicians,detailed,3940,1.4,,,0.12,1,23.37,48610,0.7,15.84,18.3,22.65,27.93,31.28,32940,38060,47120,58090,65070,,
99,U.S.,1,US,611000,Educational Services,"3-digit, ownership",5,25-9000,Other Educational Instruction and Library Occupations,minor,236860,1.5,,,7.24,29,*,48010,0.9,*,*,*,*,*,28660,33280,38860,57450,78120,TRUE,
99,U.S.,1,US,611000,Educational Services,"3-digit, ownership",5,25-9020,Farm and Home Management Educators,broad,100,33,,,0,~,25.77,53590,5.1,18.02,21.11,22.6,30,36.76,37470,43900,47010,62410,76460,,
99,U.S.,1,US,611000,Educational Services,"3-digit, ownership",5,25-9021,Farm and Home Management Educators,detailed,100,33,,,0,~,25.77,53590,5.1,18.02,21.11,22.6,30,36.76,37470,43900,47010,62410,76460,,
99,U.S.,1,US,611000,Educational Services,"3-digit, ownership",5,25-9030,Instructional Coordinators,broad,54540,3.1,,,1.67,16,35.05,72900,1.3,20.02,24.58,31.08,42.31,50.69,41640,51130,64650,88010,105440,,
99,U.S.,1,US,611000,Educational Services,"3-digit, ownership",5,25-9031,Instructional Coordinators,detailed,54540,3.1,,,1.67,16,35.05,72900,1.3,20.02,24.58,31.08,42.31,50.69,41640,51130,64650,88010,105440,,
99,U.S.,1,US,611000,Educational Services,"3-digit, ownership",5,25-9040,Teaching Assistants,broad,155400,2,,,4.75,17,*,38780,0.6,*,*,*,*,*,27810,31200,36030,44360,55030,TRUE,
99,U.S.,1,US,611000,Educational Services,"3-digit, ownership",5,25-9044,"Teaching Assistants, Postsecondary",detailed,34250,1.4,,,1.05,2,*,45870,0.5,*,*,*,*,*,30630,34050,37970,57450,72860,TRUE,
99,U.S.,1,US,611000,Educational Services,"3-digit, ownership",5,25-9045,"Teaching Assistants, Except Postsecondary",detailed,121150,2.4,,,3.7,15,*,36780,0.7,*,*,*,*,*,26960,30380,35690,40900,47790,TRUE,
99,U.S.,1,US,611000,Educational Services,"3-digit, ownership",5,25-9090,Miscellaneous Educational Instruction and Library Workers,broad,26820,2.8,,,0.82,5,24.45,50860,0.9,13,17.13,22.51,29.43,37.33,27030,35630,46820,61210,77640,,
99,U.S.,1,US,611000,Educational Services,"3-digit, ownership",5,25-9099,"Educational Instruction and Library Workers, All Other",detailed,26820,2.8,,,0.82,5,24.45,50860,0.9,13,17.13,22.51,29.43,37.33,27030,35630,46820,61210,77640,,
99,U.S.,1,US,611000,Educational Services,"3-digit, ownership",5,27-0000,"Arts, Design, Entertainment, Sports, and Media Occupations",major,158000,1.6,,,4.83,23,27.04,56250,0.9,13.9,17.31,22.87,30.59,43.01,28910,36010,47570,63640,89470,,
99,U.S.,1,US,611000,Educational Services,"3-digit, ownership",5,27-1000,Art and Design Workers,minor,6540,4.3,,,0.2,2,33.05,68740,1.8,17.64,23.27,30.17,38.65,51.48,36690,48400,62740,80390,107080,,
99,U.S.,1,US,611000,Educational Services,"3-digit, ownership",5,27-1010,Artists and Related Workers,broad,1940,9.3,,,0.06,1,39.08,81290,4.4,16.64,24.25,35.67,49.6,65.5,34620,50440,74180,103160,136240,,
99,U.S.,1,US,611000,Educational Services,"3-digit, ownership",5,27-1011,Art Directors,detailed,1140,10.5,,,0.03,1,48.21,100270,4,28.19,33.64,45.37,60,73.1,58640,69980,94370,124800,152040,,
99,U.S.,1,US,611000,Educational Services,"3-digit, ownership",5,27-1012,Craft Artists,detailed,**,**,,,**,**,22.98,47800,1.3,19.33,22.84,23.46,23.46,24.32,40210,47520,48790,48790,50580,,
99,U.S.,1,US,611000,Educational Services,"3-digit, ownership",5,27-1013,"Fine Artists, Including Painters, Sculptors, and Illustrators",detailed,350,19.3,,,0.01,~,23.99,49900,5.7,12.3,14.45,20.36,29.35,43.08,25580,30050,42360,61040,89600,,
99,U.S.,1,US,611000,Educational Services,"3-digit, ownership",5,27-1014,Special Effects Artists and Animators,detailed,170,16.2,,,0.01,~,34.62,72010,4.3,22.52,29.3,33.93,40.51,45.15,46830,60940,70580,84260,93920,,
99,U.S.,1,US,611000,Educational Services,"3-digit, ownership",5,27-1019,"Artists and Related Workers, All Other",detailed,210,34.6,,,0.01,~,23.82,49540,6.2,13.83,17.89,22.14,28.23,34,28770,37200,46060,58710,70720,,
99,U.S.,1,US,611000,Educational Services,"3-digit, ownership",5,27-1020,Designers,broad,4600,3.7,,,0.14,2,30.51,63460,1.3,17.66,23.08,29.05,36.18,43.96,36740,48000,60420,75250,91430,,
99,U.S.,1,US,611000,Educational Services,"3-digit, ownership",5,27-1021,Commercial and Industrial Designers,detailed,40,32.3,,,0,~,44.43,92410,15.6,20.28,30.72,36.26,57.36,76.03,42170,63890,75420,119320,158140,,
99,U.S.,1,US,611000,Educational Services,"3-digit, ownership",5,27-1022,Fashion Designers,detailed,120,15,,,0,~,26.7,55530,4.8,15.24,18.23,23.66,31.73,38.97,31700,37920,49200,65990,81050,,
99,U.S.,1,US,611000,Educational Services,"3-digit, ownership",5,27-1024,Graphic Designers,detailed,3890,3.8,,,0.12,2,31.19,64880,1.4,19.22,23.63,29.57,36.59,44.75,39980,49150,61500,76100,93080,,
99,U.S.,1,US,611000,Educational Services,"3-digit, ownership",5,27-1025,Interior Designers,detailed,70,5.9,,,0,~,34.24,71220,1.6,25.12,28.38,32.7,39.53,43.72,52250,59030,68010,82220,90940,,
99,U.S.,1,US,611000,Educational Services,"3-digit, ownership",5,27-1027,Set and Exhibit Designers,detailed,340,9.5,,,0.01,~,21.41,44530,3.8,8.05,8.05,22.25,28.55,32.21,16730,16730,46280,59390,67000,,
99,U.S.,1,US,611000,Educational Services,"3-digit, ownership",5,27-1029,"Designers, All Other",detailed,140,12.9,,,0,~,30.87,64210,3.6,17.77,20.06,28.43,36.34,43.08,36960,41730,59130,75580,89610,,
99,U.S.,1,US,611000,Educational Services,"3-digit, ownership",5,27-2000,"Entertainers and Performers, Sports and Related Workers",minor,118940,2.1,,,3.63,16,25.05,52110,1,13.52,16.27,21.46,28.31,38.75,28120,33830,44640,58870,80610,,
99,U.S.,1,US,611000,Educational Services,"3-digit, ownership",5,27-2010,"Actors, Producers, and Directors",broad,5210,8.2,,,0.16,1,31.71,65950,2.9,18.83,21.09,28.81,38.54,48.42,39170,43860,59930,80150,100710,,
99,U.S.,1,US,611000,Educational Services,"3-digit, ownership",5,27-2011,Actors,detailed,2040,19.3,,,0.06,~,22.67,*,2.2,18.23,19.6,21.09,22.87,27.74,*,*,*,*,*,,TRUE
99,U.S.,1,US,611000,Educational Services,"3-digit, ownership",5,27-2012,Producers and Directors,detailed,3170,4.5,,,0.1,1,37.51,78010,2.1,22.43,29.21,36.49,43.74,50.72,46650,60750,75900,90980,105500,,
99,U.S.,1,US,611000,Educational Services,"3-digit, ownership",5,27-2020,"Athletes, Coaches, Umpires, and Related Workers",broad,106170,2.3,,,3.24,14,*,50280,1,*,*,*,*,*,27830,33210,43330,55250,76760,TRUE,
99,U.S.,1,US,611000,Educational Services,"3-digit, ownership",5,27-2022,Coaches and Scouts,detailed,105680,2.3,,,3.23,14,*,50290,1,*,*,*,*,*,27830,33220,43300,55250,76760,TRUE,
99,U.S.,1,US,611000,Educational Services,"3-digit, ownership",5,27-2023,"Umpires, Referees, and Other Sports Officials",detailed,480,20.8,,,0.01,~,*,47190,4.8,*,*,*,*,*,24400,31200,48130,52580,70930,TRUE,
99,U.S.,1,US,611000,Educational Services,"3-digit, ownership",5,27-2030,Dancers and Choreographers,broad,2230,16.4,,,0.07,1,26.08,54240,3.4,15.18,18.23,25.26,31.05,38.79,31570,37910,52540,64580,80680,,
99,U.S.,1,US,611000,Educational Services,"3-digit, ownership",5,27-2031,Dancers,detailed,470,34.6,,,0.01,~,27.24,*,8.2,14.87,21.83,25.26,32.17,39.34,*,*,*,*,*,,TRUE
99,U.S.,1,US,611000,Educational Services,"3-digit, ownership",5,27-2032,Choreographers,detailed,1760,15.9,,,0.05,1,25.77,53600,3.7,15.29,17.99,24.65,29.95,38.15,31810,37410,51260,62300,79350,,
99,U.S.,1,US,611000,Educational Services,"3-digit, ownership",5,27-2040,"Musicians, Singers, and Related Workers",broad,4370,7.7,,,0.13,2,37.68,*,3.8,17.38,23.2,32.03,45.2,60.28,*,*,*,*,*,,TRUE
99,U.S.,1,US,611000,Educational Services,"3-digit, ownership",5,27-2041,Music Directors and Composers,detailed,1700,13.3,,,0.05,1,32.97,68570,7.1,17.17,21.46,26.99,38.82,60,35710,44650,56140,80750,124800,,
99,U.S.,1,US,611000,Educational Services,"3-digit, ownership",5,27-2042,Musicians and Singers,detailed,2670,8.5,,,0.08,1,40.69,*,3.5,17.68,24.65,34.89,48.06,61.86,*,*,*,*,*,,TRUE
99,U.S.,1,US,611000,Educational Services,"3-digit, ownership",5,27-2090,"Miscellaneous Entertainers and Performers, Sports and Related Workers",broad,960,38,,,0.03,~,26.27,*,13.1,13.94,16,19.1,27.15,44.38,*,*,*,*,*,,TRUE
99,U.S.,1,US,611000,Educational Services,"3-digit, ownership",5,27-2099,"Entertainers and Performers, Sports and Related Workers, All Other",detailed,940,38.6,,,0.03,~,26.35,*,13.6,13.94,16,19.1,27.15,44.6,*,*,*,*,*,,TRUE
99,U.S.,1,US,611000,Educational Services,"3-digit, ownership",5,27-3000,Media and Communication Workers,minor,26510,2.2,,,0.81,8,34.47,71690,1.5,20.41,24.99,30.67,39.24,50,42440,51970,63800,81630,104000,,
99,U.S.,1,US,611000,Educational Services,"3-digit, ownership",5,27-3010,Broadcast Announcers and Radio Disc Jockeys,broad,480,9.6,,,0.01,~,32.83,68280,4,17.63,21.63,27.78,35.88,49.65,36680,44980,57770,74620,103270,,
99,U.S.,1,US,611000,Educational Services,"3-digit, ownership",5,27-3011,Broadcast Announcers and Radio Disc Jockeys,detailed,480,9.6,,,0.01,~,32.83,68280,4,17.63,21.63,27.78,35.88,49.65,36680,44980,57770,74620,103270,,
99,U.S.,1,US,611000,Educational Services,"3-digit, ownership",5,27-3020,"News Analysts, Reporters and Journalists",broad,270,7.8,,,0.01,~,35.19,73200,1.1,19.37,22.95,28.32,43.44,59.55,40300,47730,58910,90360,123860,,
99,U.S.,1,US,611000,Educational Services,"3-digit, ownership",5,27-3023,"News Analysts, Reporters, and Journalists",detailed,270,7.8,,,0.01,~,35.19,73200,1.1,19.37,22.95,28.32,43.44,59.55,40300,47730,58910,90360,123860,,
99,U.S.,1,US,611000,Educational Services,"3-digit, ownership",5,27-3030,Public Relations Specialists,broad,17590,3.5,,,0.54,6,33.09,68820,2,19.99,24.2,29.95,38.14,48.22,41590,50340,62300,79340,100290,,
99,U.S.,1,US,611000,Educational Services,"3-digit, ownership",5,27-3031,Public Relations Specialists,detailed,17590,3.5,,,0.54,6,33.09,68820,2,19.99,24.2,29.95,38.14,48.22,41590,50340,62300,79340,100290,,
99,U.S.,1,US,611000,Educational Services,"3-digit, ownership",5,27-3040,Writers and Editors,broad,6440,3.6,,,0.2,2,37.94,78900,1.5,23.43,28.81,35.28,42.89,52.39,48730,59910,73370,89220,108980,,
99,U.S.,1,US,611000,Educational Services,"3-digit, ownership",5,27-3041,Editors,detailed,3340,4.8,,,0.1,1,38.81,80720,1.6,22.78,28.31,35.94,44.96,57.6,47380,58890,74750,93520,119810,,
99,U.S.,1,US,611000,Educational Services,"3-digit, ownership",5,27-3042,Technical Writers,detailed,950,8.5,,,0.03,~,38.42,79920,4.8,25.57,30.37,35.3,42.27,52.34,53180,63170,73420,87910,108860,,
99,U.S.,1,US,611000,Educational Services,"3-digit, ownership",5,27-3043,Writers and Authors,detailed,2150,6.7,,,0.07,1,36.37,75640,2.7,23.51,28.33,33.65,41.76,48.41,48890,58930,70000,86860,100700,,
99,U.S.,1,US,611000,Educational Services,"3-digit, ownership",5,27-3090,Miscellaneous Media and Communication Workers,broad,1720,9.2,,,0.05,1,35.94,74750,8.8,19.09,23.87,29.68,38.72,56.06,39700,49650,61730,80540,116600,,
99,U.S.,1,US,611000,Educational Services,"3-digit, ownership",5,27-3091,Interpreters and Translators,detailed,960,15.3,,,0.03,~,41.14,85580,13.2,21.58,28.12,31.1,46.13,67.59,44890,58500,64700,95940,140580,,
99,U.S.,1,US,611000,Educational Services,"3-digit, ownership",5,27-3099,"Media and Communication Workers, All Other",detailed,670,6.6,,,0.02,~,29.75,61880,2.7,16.98,22.06,27.86,36.44,44.28,35310,45880,57960,75800,92100,,
99,U.S.,1,US,611000,Educational Services,"3-digit, ownership",5,27-4000,Media and Communication Equipment Workers,minor,6010,3.3,,,0.18,2,27.16,56500,1,15.54,20.09,26.27,32.62,38.99,32310,41790,54640,67850,81100,,
99,U.S.,1,US,611000,Educational Services,"3-digit, ownership",5,27-4010,"Broadcast, Sound, and Lighting Technicians",broad,4280,3.3,,,0.13,1,27.29,56750,1,16.17,21.37,26.68,32.62,38.15,33630,44450,55490,67850,79340,,
99,U.S.,1,US,611000,Educational Services,"3-digit, ownership",5,27-4011,Audio and Video Technicians,detailed,3630,3.5,,,0.11,1,26.52,55150,1,16.16,20.35,25.62,31.1,37.33,33610,42320,53290,64690,77640,,
99,U.S.,1,US,611000,Educational Services,"3-digit, ownership",5,27-4012,Broadcast Technicians,detailed,290,2.8,,,0.01,~,35.08,72960,0.7,25.36,26.43,35.65,39.27,45.37,52750,54970,74160,81680,94380,,
99,U.S.,1,US,611000,Educational Services,"3-digit, ownership",5,27-4014,Sound Engineering Technicians,detailed,270,20.2,,,0.01,~,29.35,61050,5.5,13.99,20.31,30.16,36.08,41.71,29100,42250,62730,75040,86750,,
99,U.S.,1,US,611000,Educational Services,"3-digit, ownership",5,27-4015,Lighting Technicians,detailed,80,11.8,,,0,~,26.9,55960,6.9,8.38,22.59,26.84,29.52,41.75,17430,46980,55830,61410,86850,,
99,U.S.,1,US,611000,Educational Services,"3-digit, ownership",5,27-4020,Photographers,broad,630,5.7,,,0.02,~,28.14,58530,2.7,14.83,19.8,26.9,35.72,42.71,30850,41180,55950,74300,88830,,
99,U.S.,1,US,611000,Educational Services,"3-digit, ownership",5,27-4021,Photographers,detailed,630,5.7,,,0.02,~,28.14,58530,2.7,14.83,19.8,26.9,35.72,42.71,30850,41180,55950,74300,88830,,
99,U.S.,1,US,611000,Educational Services,"3-digit, ownership",5,27-4030,"Television, Video, and Film Camera Operators and Editors",broad,760,13,,,0.02,~,26.49,55090,2.7,15,19.03,25.84,31.19,38.62,31200,39590,53750,64880,80330,,
99,U.S.,1,US,611000,Educational Services,"3-digit, ownership",5,27-4031,"Camera Operators, Television, Video, and Film",detailed,410,10.7,,,0.01,~,23.35,48560,3.6,10.9,16.1,21.69,30.41,34.54,22670,33480,45120,63250,71830,,
99,U.S.,1,US,611000,Educational Services,"3-digit, ownership",5,27-4032,Film and Video Editors,detailed,350,19.9,,,0.01,~,30.17,62750,4.5,20.09,24.15,28.84,32.95,42.01,41790,50230,59990,68540,87390,,
99,U.S.,1,US,611000,Educational Services,"3-digit, ownership",5,27-4090,Miscellaneous Media and Communication Equipment Workers,broad,340,9,,,0.01,~,25.34,52700,3.2,14,15.1,21.26,30.58,40.49,29120,31410,44210,63610,84210,,
99,U.S.,1,US,611000,Educational Services,"3-digit, ownership",5,27-4099,"Media and Communication Equipment Workers, All Other",detailed,340,9,,,0.01,~,25.34,52700,3.2,14,15.1,21.26,30.58,40.49,29120,31410,44210,63610,84210,,
99,U.S.,1,US,611000,Educational Services,"3-digit, ownership",5,29-0000,Healthcare Practitioners and Technical Occupations,major,66250,1.6,,,2.02,7,48.12,100080,3.8,21.36,27.87,36.09,49.96,71.2,44440,57960,75070,103910,148100,,
99,U.S.,1,US,611000,Educational Services,"3-digit, ownership",5,29-1000,Healthcare Diagnosing or Treating Practitioners,minor,43400,2,,,1.33,6,57.78,120180,4.8,26.15,33.46,40.73,58.82,86.73,54390,69590,84710,122350,180400,,
99,U.S.,1,US,611000,Educational Services,"3-digit, ownership",5,29-1010,Chiropractors,broad,60,37,,,0,~,40.14,83490,7.9,33.09,34.26,35.84,38.69,60.58,68820,71260,74550,80460,126010,,
99,U.S.,1,US,611000,Educational Services,"3-digit, ownership",5,29-1011,Chiropractors,detailed,60,37,,,0,~,40.14,83490,7.9,33.09,34.26,35.84,38.69,60.58,68820,71260,74550,80460,126010,,
99,U.S.,1,US,611000,Educational Services,"3-digit, ownership",5,29-1020,Dentists,broad,230,32.3,,,0.01,~,84.25,175240,8.4,29.91,61.99,90.24,106.86,106.94,62220,128940,187690,222260,222430,,
99,U.S.,1,US,611000,Educational Services,"3-digit, ownership",5,29-1021,"Dentists, General",detailed,200,36.4,,,0.01,~,85.52,177870,10.6,37.76,62.52,98.1,106.86,106.94,78530,130050,204050,222260,222430,,
99,U.S.,1,US,611000,Educational Services,"3-digit, ownership",5,29-1030,Dietitians and Nutritionists,broad,490,8.2,,,0.01,~,33.53,69750,2.5,20.76,26.54,33.15,38.9,45.95,43180,55200,68960,80910,95580,,
99,U.S.,1,US,611000,Educational Services,"3-digit, ownership",5,29-1031,Dietitians and Nutritionists,detailed,490,8.2,,,0.01,~,33.53,69750,2.5,20.76,26.54,33.15,38.9,45.95,43180,55200,68960,80910,95580,,
99,U.S.,1,US,611000,Educational Services,"3-digit, ownership",5,29-1040,Optometrists,broad,70,18.7,,,0,~,52.83,109890,7.4,25.57,32.15,56.85,64.78,76.76,53180,66870,118250,134740,159650,,
99,U.S.,1,US,611000,Educational Services,"3-digit, ownership",5,29-1041,Optometrists,detailed,70,18.7,,,0,~,52.83,109890,7.4,25.57,32.15,56.85,64.78,76.76,53180,66870,118250,134740,159650,,
99,U.S.,1,US,611000,Educational Services,"3-digit, ownership",5,29-1050,Pharmacists,broad,290,7.1,,,0.01,~,55.6,115660,3.3,25.52,32.17,61.55,70.44,79.58,53080,66910,128020,146510,165520,,
99,U.S.,1,US,611000,Educational Services,"3-digit, ownership",5,29-1051,Pharmacists,detailed,290,7.1,,,0.01,~,55.6,115660,3.3,25.52,32.17,61.55,70.44,79.58,53080,66910,128020,146510,165520,,
99,U.S.,1,US,611000,Educational Services,"3-digit, ownership",5,29-1070,Physician Assistants,broad,1820,1,,,0.06,~,65.95,137170,0.3,53.82,57.56,64.6,70.93,82.97,111950,119720,134370,147520,172580,,
99,U.S.,1,US,611000,Educational Services,"3-digit, ownership",5,29-1071,Physician Assistants,detailed,1820,1,,,0.06,~,65.95,137170,0.3,53.82,57.56,64.6,70.93,82.97,111950,119720,134370,147520,172580,,
99,U.S.,1,US,611000,Educational Services,"3-digit, ownership",5,29-1120,Therapists,broad,11190,6.2,,,0.34,3,41.67,86670,1.8,23.27,30.86,39.82,49.7,61.26,48410,64200,82820,103370,127420,,
99,U.S.,1,US,611000,Educational Services,"3-digit, ownership",5,29-1122,Occupational Therapists,detailed,2390,7,,,0.07,1,43.66,90810,2.7,28.96,34.33,39.44,50.08,63.48,60240,71410,82040,104160,132040,,
99,U.S.,1,US,611000,Educational Services,"3-digit, ownership",5,29-1123,Physical Therapists,detailed,1020,8.9,,,0.03,~,45.05,93700,4.4,21.15,33.96,45.08,53.87,67.62,43990,70640,93770,112050,140650,,
99,U.S.,1,US,611000,Educational Services,"3-digit, ownership",5,29-1125,Recreational Therapists,detailed,70,39,,,0,~,31.62,65760,11.2,21.61,22.07,31.62,42.45,42.45,44940,45910,65770,88300,88300,,
99,U.S.,1,US,611000,Educational Services,"3-digit, ownership",5,29-1127,Speech-Language Pathologists,detailed,6780,8.3,,,0.21,2,41.62,86570,2.1,23,31,40.42,49.7,59.74,47830,64480,84070,103370,124260,,
99,U.S.,1,US,611000,Educational Services,"3-digit, ownership",5,29-1128,Exercise Physiologists,detailed,50,8.9,,,0,~,29.17,60680,4.1,18.1,24.18,29.53,31.69,35.22,37640,50290,61430,65910,73260,,
99,U.S.,1,US,611000,Educational Services,"3-digit, ownership",5,29-1129,"Therapists, All Other",detailed,840,22.3,,,0.03,~,33.76,70220,9.1,21.17,23.89,27.53,36.12,66.55,44040,49700,57260,75130,138420,,
99,U.S.,1,US,611000,Educational Services,"3-digit, ownership",5,29-1130,Veterinarians,broad,180,11.7,,,0.01,~,72.28,150340,0.6,38.11,53.18,68.97,79.82,104.72,79280,110610,143450,166030,217820,,
99,U.S.,1,US,611000,Educational Services,"3-digit, ownership",5,29-1131,Veterinarians,detailed,180,11.7,,,0.01,~,72.28,150340,0.6,38.11,53.18,68.97,79.82,104.72,79280,110610,143450,166030,217820,,
99,U.S.,1,US,611000,Educational Services,"3-digit, ownership",5,29-1140,Registered Nurses,broad,12600,2.4,,,0.39,4,38.73,80550,0.7,22.86,29.78,38,46.83,53.75,47560,61940,79050,97400,111790,,
99,U.S.,1,US,611000,Educational Services,"3-digit, ownership",5,29-1141,Registered Nurses,detailed,12600,2.4,,,0.39,4,38.73,80550,0.7,22.86,29.78,38,46.83,53.75,47560,61940,79050,97400,111790,,
99,U.S.,1,US,611000,Educational Services,"3-digit, ownership",5,29-1150,Nurse Anesthetists,broad,530,8.6,,,0.02,~,101.42,210960,3.3,70.11,88.91,101.7,#,#,145820,184940,211540,#,#,,
99,U.S.,1,US,611000,Educational Services,"3-digit, ownership",5,29-1151,Nurse Anesthetists,detailed,530,8.6,,,0.02,~,101.42,210960,3.3,70.11,88.91,101.7,#,#,145820,184940,211540,#,#,,
99,U.S.,1,US,611000,Educational Services,"3-digit, ownership",5,29-1160,Nurse Midwives,broad,50,2.8,,,0,~,57.44,119470,0.3,42.2,48.49,60.9,65.01,67.51,87770,100860,126670,135210,140420,,
99,U.S.,1,US,611000,Educational Services,"3-digit, ownership",5,29-1161,Nurse Midwives,detailed,50,2.8,,,0,~,57.44,119470,0.3,42.2,48.49,60.9,65.01,67.51,87770,100860,126670,135210,140420,,
99,U.S.,1,US,611000,Educational Services,"3-digit, ownership",5,29-1170,Nurse Practitioners,broad,3500,1,,,0.11,~,61.14,127160,0.3,44.85,54.68,62.9,69.53,75.49,93280,113730,130830,144610,157010,,
99,U.S.,1,US,611000,Educational Services,"3-digit, ownership",5,29-1171,Nurse Practitioners,detailed,3500,1,,,0.11,~,61.14,127160,0.3,44.85,54.68,62.9,69.53,75.49,93280,113730,130830,144610,157010,,
99,U.S.,1,US,611000,Educational Services,"3-digit, ownership",5,29-1180,Audiologists,broad,200,11.3,,,0.01,~,48.38,100620,4,34.56,41.15,47.84,51.8,65.72,71880,85580,99510,107740,136690,,
99,U.S.,1,US,611000,Educational Services,"3-digit, ownership",5,29-1181,Audiologists,detailed,200,11.3,,,0.01,~,48.38,100620,4,34.56,41.15,47.84,51.8,65.72,71880,85580,99510,107740,136690,,
99,U.S.,1,US,611000,Educational Services,"3-digit, ownership",5,29-1210,Physicians,broad,11010,3.6,,,0.34,~,94.23,196000,10.2,31.23,33.92,38.5,#,#,64960,70560,80090,#,#,,
99,U.S.,1,US,611000,Educational Services,"3-digit, ownership",5,29-1214,Emergency Medicine Physicians,detailed,150,0.9,,,0,~,59.8,124390,0.8,32.59,32.59,34.02,108.39,108.96,67780,67780,70760,225460,226630,,
99,U.S.,1,US,611000,Educational Services,"3-digit, ownership",5,29-1215,Family Medicine Physicians,detailed,420,9.7,,,0.01,~,47.69,99190,3.6,32.1,32.48,32.56,34.45,#,66770,67550,67720,71660,#,,
99,U.S.,1,US,611000,Educational Services,"3-digit, ownership",5,29-1216,General Internal Medicine Physicians,detailed,**,**,,,**,**,178.85,372000,15.6,31.23,86.11,#,#,#,64960,179110,#,#,#,,
99,U.S.,1,US,611000,Educational Services,"3-digit, ownership",5,29-1217,Neurologists,detailed,**,**,,,**,**,50.99,106070,14.9,34.84,38.5,38.5,38.5,90.42,72470,80090,80090,80090,188070,,
99,U.S.,1,US,611000,Educational Services,"3-digit, ownership",5,29-1218,Obstetricians and Gynecologists,detailed,220,18.3,,,0.01,~,59.97,124740,9.2,30.28,34.07,35.53,38.53,#,62990,70870,73890,80130,#,,
99,U.S.,1,US,611000,Educational Services,"3-digit, ownership",5,29-1221,"Pediatricians, General",detailed,380,0.8,,,0.01,~,55.37,115180,0.8,32.76,34,34,68.09,111.33,68150,70730,70730,141630,231570,,
99,U.S.,1,US,611000,Educational Services,"3-digit, ownership",5,29-1222,"Physicians, Pathologists",detailed,50,2.2,,,0,~,54.46,113270,0.4,34.09,34.09,35.18,64.98,#,70910,70910,73170,135160,#,,
99,U.S.,1,US,611000,Educational Services,"3-digit, ownership",5,29-1223,Psychiatrists,detailed,640,14.4,,,0.02,~,81.83,170210,10.7,30.56,31.77,47.39,#,#,63570,66070,98560,#,#,,
99,U.S.,1,US,611000,Educational Services,"3-digit, ownership",5,29-1224,Radiologists,detailed,130,1.7,,,0,~,69.73,145030,0.3,22.02,33.06,34.63,37.34,#,45810,68760,72030,77660,#,,
99,U.S.,1,US,611000,Educational Services,"3-digit, ownership",5,29-1229,"Physicians, All Other",detailed,4990,2.6,,,0.15,~,43.61,90710,0.7,30.02,33.92,36.03,40.73,40.73,62430,70560,74950,84710,84710,,
99,U.S.,1,US,611000,Educational Services,"3-digit, ownership",5,29-1240,Surgeons,broad,**,**,,,**,**,44.74,93050,0.9,33.18,33.78,35.12,38.77,38.77,69020,70260,73050,80640,80640,,
99,U.S.,1,US,611000,Educational Services,"3-digit, ownership",5,29-1242,"Orthopedic Surgeons, Except Pediatric",detailed,**,**,,,**,**,40.33,83880,4.4,34.04,34.04,35.12,38.58,38.58,70810,70810,73050,80250,80250,,
99,U.S.,1,US,611000,Educational Services,"3-digit, ownership",5,29-1249,"Surgeons, All Other",detailed,**,**,,,**,**,45.28,94190,2.9,33.18,33.78,35.29,38.77,38.77,69020,70260,73400,80640,80640,,
99,U.S.,1,US,611000,Educational Services,"3-digit, ownership",5,29-1290,Miscellaneous Healthcare Diagnosing or Treating Practitioners,broad,840,15,,,0.03,~,35.19,73200,4.4,18,25,38.43,40.52,50.4,37440,52000,79930,84290,104830,,
99,U.S.,1,US,611000,Educational Services,"3-digit, ownership",5,29-1291,Acupuncturists,detailed,230,42,,,0.01,~,34.76,72300,15.5,21.13,25,30.59,40.52,51.51,43960,52000,63630,84290,107130,,
99,U.S.,1,US,611000,Educational Services,"3-digit, ownership",5,29-1292,Dental Hygienists,detailed,370,18.4,,,0.01,~,40.57,84380,1.7,32.08,38.42,39.09,43.16,50.48,66730,79920,81310,89780,104990,,
99,U.S.,1,US,611000,Educational Services,"3-digit, ownership",5,29-1299,"Healthcare Diagnosing or Treating Practitioners, All Other",detailed,240,16.6,,,0.01,~,27.23,56630,7.7,10.8,13.66,21.74,38.43,40.39,22460,28410,45230,79930,84010,,
99,U.S.,1,US,611000,Educational Services,"3-digit, ownership",5,29-2000,Health Technologists and Technicians,minor,15290,3.5,,,0.47,2,29.25,60830,1.1,18.75,21.94,26.38,34.18,41.88,39000,45640,54870,71100,87110,,
99,U.S.,1,US,611000,Educational Services,"3-digit, ownership",5,29-2010,Clinical Laboratory Technologists and Technicians,broad,6090,0.4,,,0.19,~,30.93,64340,0.2,19.22,23.31,30.38,37.65,41.88,39980,48490,63200,78310,87110,,
99,U.S.,1,US,611000,Educational Services,"3-digit, ownership",5,29-2010,Clinical Laboratory Technologists and Technicians,detailed,6090,0.4,,,0.19,~,30.93,64340,0.2,19.22,23.31,30.38,37.65,41.88,39980,48490,63200,78310,87110,,
99,U.S.,1,US,611000,Educational Services,"3-digit, ownership",5,29-2030,Diagnostic Related Technologists and Technicians,broad,1040,1.2,,,0.03,~,46.74,97220,0.5,29.59,35.68,47.2,51.79,65.86,61540,74220,98170,107720,136980,,
99,U.S.,1,US,611000,Educational Services,"3-digit, ownership",5,29-2031,Cardiovascular Technologists and Technicians,detailed,130,1,,,0,~,42.31,87990,0.4,25.74,32.73,39.18,49.14,73.02,53530,68080,81490,102200,151880,,
99,U.S.,1,US,611000,Educational Services,"3-digit, ownership",5,29-2032,Diagnostic Medical Sonographers,detailed,230,0.3,,,0.01,~,46.7,97130,0.2,33.82,41.7,50.85,51.79,51.79,70350,86740,105770,107720,107720,,
99,U.S.,1,US,611000,Educational Services,"3-digit, ownership",5,29-2033,Nuclear Medicine Technologists,detailed,60,1.4,,,0,~,51.25,106600,0.3,38.88,46,50.36,54.46,62.75,80870,95680,104740,113280,130520,,
99,U.S.,1,US,611000,Educational Services,"3-digit, ownership",5,29-2034,Radiologic Technologists and Technicians,detailed,400,1.9,,,0.01,~,43.76,91020,0.4,29.22,32.34,41.43,50.98,52.45,60780,67260,86170,106050,109090,,
99,U.S.,1,US,611000,Educational Services,"3-digit, ownership",5,29-2035,Magnetic Resonance Imaging Technologists,detailed,160,1.6,,,0.01,~,48.27,100410,0.5,32.4,39.33,48.77,52.6,67.45,67390,81810,101440,109400,140300,,
99,U.S.,1,US,611000,Educational Services,"3-digit, ownership",5,29-2036,Medical Dosimetrists,detailed,60,11.5,,,0,~,66.88,139110,1.4,53.53,56.9,68.13,73.25,81.65,111350,118350,141710,152360,169830,,
99,U.S.,1,US,611000,Educational Services,"3-digit, ownership",5,29-2040,Emergency Medical Technicians and Paramedics,broad,420,33.7,,,0.01,~,24.19,50320,3.2,17.69,18.99,23.04,29.13,34.32,36800,39500,47920,60600,71390,,
99,U.S.,1,US,611000,Educational Services,"3-digit, ownership",5,29-2042,Emergency Medical Technicians,detailed,370,33.7,,,0.01,~,23.51,48890,2.3,17.72,18.75,22.15,27.9,29.32,36860,39000,46070,58020,60990,,
99,U.S.,1,US,611000,Educational Services,"3-digit, ownership",5,29-2043,Paramedics,detailed,50,39.9,,,0,~,29.08,60480,14.1,15,22.54,29.13,37.93,38.44,31200,46890,60600,78880,79960,,
99,U.S.,1,US,611000,Educational Services,"3-digit, ownership",5,29-2050,Health Practitioner Support Technologists and Technicians,broad,3770,12.4,,,0.12,1,23.83,49570,2.5,16.79,18.67,22.45,27.09,31.29,34930,38830,46690,56350,65080,,
99,U.S.,1,US,611000,Educational Services,"3-digit, ownership",5,29-2051,Dietetic Technicians,detailed,70,7.5,,,0,~,24.37,50680,0.4,17.77,22.49,23.55,29.23,29.75,36970,46770,48980,60790,61880,,
99,U.S.,1,US,611000,Educational Services,"3-digit, ownership",5,29-2052,Pharmacy Technicians,detailed,150,5.9,,,0,~,24.71,51390,1.1,17.9,21.45,24.16,27.21,30.87,37230,44620,50250,56600,64210,,
99,U.S.,1,US,611000,Educational Services,"3-digit, ownership",5,29-2053,Psychiatric Technicians,detailed,2320,19.8,,,0.07,1,21.76,45260,3.3,15.61,17.58,20.26,23.05,27.86,32470,36560,42130,47940,57940,,
99,U.S.,1,US,611000,Educational Services,"3-digit, ownership",5,29-2055,Surgical Technologists,detailed,80,0.6,,,0,~,40.24,83710,0.5,22.55,31.21,42.83,48.98,52.19,46900,64910,89090,101880,108560,,
99,U.S.,1,US,611000,Educational Services,"3-digit, ownership",5,29-2056,Veterinary Technologists and Technicians,detailed,640,1.7,,,0.02,~,26.72,55570,0.4,19.39,23.31,24.91,31.29,35.07,40330,48490,51810,65080,72950,,
99,U.S.,1,US,611000,Educational Services,"3-digit, ownership",5,29-2057,Ophthalmic Medical Technicians,detailed,510,14.3,,,0.02,~,26.72,55570,0.7,19.25,22.78,24.13,29.94,36.87,40040,47380,50190,62280,76680,,
99,U.S.,1,US,611000,Educational Services,"3-digit, ownership",5,29-2060,Licensed Practical and Licensed Vocational Nurses,broad,1450,5.8,,,0.04,1,28.93,60180,1.2,18.99,24.27,28.49,34.2,38.97,39490,50480,59260,71140,81060,,
99,U.S.,1,US,611000,Educational Services,"3-digit, ownership",5,29-2061,Licensed Practical and Licensed Vocational Nurses,detailed,1450,5.8,,,0.04,1,28.93,60180,1.2,18.99,24.27,28.49,34.2,38.97,39490,50480,59260,71140,81060,,
99,U.S.,1,US,611000,Educational Services,"3-digit, ownership",5,29-2070,Medical Records Specialists,broad,830,5.2,,,0.03,~,28.44,59160,1.8,20.27,23.83,26.26,31.37,38.52,42170,49560,54610,65250,80120,,
99,U.S.,1,US,611000,Educational Services,"3-digit, ownership",5,29-2072,Medical Records Specialists,detailed,830,5.2,,,0.03,~,28.44,59160,1.8,20.27,23.83,26.26,31.37,38.52,42170,49560,54610,65250,80120,,
99,U.S.,1,US,611000,Educational Services,"3-digit, ownership",5,29-2080,"Opticians, Dispensing",broad,280,23.6,,,0.01,~,25.34,52720,1.6,19.23,22.54,23.7,28.81,31.04,39990,46880,49300,59920,64570,,
99,U.S.,1,US,611000,Educational Services,"3-digit, ownership",5,29-2081,"Opticians, Dispensing",detailed,280,23.6,,,0.01,~,25.34,52720,1.6,19.23,22.54,23.7,28.81,31.04,39990,46880,49300,59920,64570,,
99,U.S.,1,US,611000,Educational Services,"3-digit, ownership",5,29-2090,Miscellaneous Health Technologists and Technicians,broad,1410,3.1,,,0.04,~,26.67,55470,1.9,19.43,20.86,24.73,29.83,38.68,40410,43380,51430,62050,80450,,
99,U.S.,1,US,611000,Educational Services,"3-digit, ownership",5,29-2099,"Health Technologists and Technicians, All Other",detailed,1410,3.1,,,0.04,~,26.65,55440,1.9,19.43,20.72,24.73,29.83,38.68,40410,43090,51430,62050,80450,,
99,U.S.,1,US,611000,Educational Services,"3-digit, ownership",5,29-9000,Other Healthcare Practitioners and Technical Occupations,minor,7560,1.4,,,0.23,2,30.81,64080,0.7,20.97,23.35,29.18,34.03,43.36,43630,48570,60700,70780,90190,,
99,U.S.,1,US,611000,Educational Services,"3-digit, ownership",5,29-9020,Health Information Technologists and Medical Registrars,broad,360,5.3,,,0.01,~,32.66,67940,1.9,22.77,25.57,30.97,36.16,47.57,47360,53180,64410,75220,98940,,
99,U.S.,1,US,611000,Educational Services,"3-digit, ownership",5,29-9021,Health Information Technologists and Medical Registrars,detailed,360,5.3,,,0.01,~,32.66,67940,1.9,22.77,25.57,30.97,36.16,47.57,47360,53180,64410,75220,98940,,
99,U.S.,1,US,611000,Educational Services,"3-digit, ownership",5,29-9090,Miscellaneous Health Practitioners and Technical Workers,broad,7190,1.5,,,0.22,1,30.72,63890,0.7,20.97,23.26,29.07,33.91,43.01,43630,48370,60470,70530,89450,,
99,U.S.,1,US,611000,Educational Services,"3-digit, ownership",5,29-9091,Athletic Trainers,detailed,5040,1.8,,,0.15,1,*,62610,0.8,*,*,*,*,*,43400,48580,59040,71870,86580,TRUE,
99,U.S.,1,US,611000,Educational Services,"3-digit, ownership",5,29-9092,Genetic Counselors,detailed,160,12,,,0,~,46.69,97120,0.7,39.45,41.04,49.29,50.06,53.02,82060,85360,102530,104120,110280,,
99,U.S.,1,US,611000,Educational Services,"3-digit, ownership",5,29-9093,Surgical Assistants,detailed,**,**,,,**,**,27.21,56590,9.2,23.6,25.54,27.11,27.11,29.67,49080,53120,56380,56390,61710,,
99,U.S.,1,US,611000,Educational Services,"3-digit, ownership",5,29-9099,"Healthcare Practitioners and Technical Workers, All Other",detailed,1930,1.6,,,0.06,~,31.11,64700,1.4,20.86,22.78,31.82,31.82,39.63,43390,47390,66190,66190,82420,,
99,U.S.,1,US,611000,Educational Services,"3-digit, ownership",5,31-0000,Healthcare Support Occupations,major,13880,4.1,,,0.42,2,23.95,49810,1.2,16.97,18.9,22.34,27.85,34.23,35290,39310,46470,57930,71200,,
99,U.S.,1,US,611000,Educational Services,"3-digit, ownership",5,31-1100,"Home Health and Personal Care Aides; and Nursing Assistants, Orderlies, and Psychiatric Aides",minor,4200,10,,,0.13,1,20.74,43140,4.5,15.66,17.49,18.75,22.25,29.76,32570,36380,39000,46280,61910,,
99,U.S.,1,US,611000,Educational Services,"3-digit, ownership",5,31-1120,Home Health and Personal Care Aides,broad,2860,12.4,,,0.09,~,19.27,40080,1.2,15.9,17.4,18.56,21.38,22.95,33070,36190,38600,44480,47740,,
99,U.S.,1,US,611000,Educational Services,"3-digit, ownership",5,31-1120,Home Health and Personal Care Aides,detailed,2860,12.4,,,0.09,~,19.27,40080,1.2,15.9,17.4,18.56,21.38,22.95,33070,36190,38600,44480,47740,,
99,U.S.,1,US,611000,Educational Services,"3-digit, ownership",5,31-1130,"Nursing Assistants, Orderlies, and Psychiatric Aides",broad,1340,18.5,,,0.04,~,23.88,49670,10.4,15.36,17.83,21.15,31.41,37.41,31940,37090,43980,65340,77820,,
99,U.S.,1,US,611000,Educational Services,"3-digit, ownership",5,31-1131,Nursing Assistants,detailed,1030,6,,,0.03,~,20.33,42280,1.7,15,17.23,19.54,22.34,27.37,31200,35840,40640,46470,56930,,
99,U.S.,1,US,611000,Educational Services,"3-digit, ownership",5,31-2000,Occupational Therapy and Physical Therapist Assistants and Aides,minor,1130,11.2,,,0.03,~,30.5,63430,2.1,21.11,26.48,30.3,36.04,37.15,43910,55080,63030,74950,77280,,
99,U.S.,1,US,611000,Educational Services,"3-digit, ownership",5,31-2010,Occupational Therapy Assistants and Aides,broad,970,11.7,,,0.03,~,30.83,64130,2,21.56,27.19,30.34,36.06,37.26,44850,56540,63120,75000,77500,,
99,U.S.,1,US,611000,Educational Services,"3-digit, ownership",5,31-2011,Occupational Therapy Assistants,detailed,900,10,,,0.03,~,31.01,64500,2.2,21.56,26.52,31.36,36.09,37.26,44850,55170,65230,75060,77500,,
99,U.S.,1,US,611000,Educational Services,"3-digit, ownership",5,31-2012,Occupational Therapy Aides,detailed,**,**,,,**,**,28.68,59650,22.5,28.57,29.79,29.79,29.79,29.79,59430,61950,61950,61950,61950,,
99,U.S.,1,US,611000,Educational Services,"3-digit, ownership",5,31-2020,Physical Therapist Assistants and Aides,broad,150,15,,,0,~,28.35,58980,4.3,18.63,22.62,28.45,33.11,36.4,38740,47060,59170,68860,75710,,
99,U.S.,1,US,611000,Educational Services,"3-digit, ownership",5,31-2021,Physical Therapist Assistants,detailed,150,15.4,,,0,~,28.48,59230,4.4,18.63,22.62,28.45,33.11,36.4,38750,47060,59170,68860,75710,,
99,U.S.,1,US,611000,Educational Services,"3-digit, ownership",5,31-9000,Other Healthcare Support Occupations,minor,8550,4.2,,,0.26,1,24.66,51280,0.8,17.88,20.48,22.99,28.22,33.4,37200,42600,47820,58690,69480,,
99,U.S.,1,US,611000,Educational Services,"3-digit, ownership",5,31-9010,Massage Therapists,broad,420,22.1,,,0.01,~,33.45,69580,6.8,19.76,23.83,29.78,40.28,49.9,41100,49570,61940,83770,103800,,
99,U.S.,1,US,611000,Educational Services,"3-digit, ownership",5,31-9011,Massage Therapists,detailed,420,22.1,,,0.01,~,33.45,69580,6.8,19.76,23.83,29.78,40.28,49.9,41100,49570,61940,83770,103800,,
99,U.S.,1,US,611000,Educational Services,"3-digit, ownership",5,31-9090,Miscellaneous Healthcare Support Occupations,broad,8140,4.2,,,0.25,1,24.21,50350,0.6,17.82,20.44,22.97,27.56,32.36,37060,42520,47780,57320,67300,,
99,U.S.,1,US,611000,Educational Services,"3-digit, ownership",5,31-9091,Dental Assistants,detailed,1620,17.5,,,0.05,~,24.12,50160,0.5,19.76,21.87,22.82,25.84,30.13,41100,45490,47470,53740,62680,,
99,U.S.,1,US,611000,Educational Services,"3-digit, ownership",5,31-9092,Medical Assistants,detailed,3080,1.6,,,0.09,~,23.81,49530,0.4,18.4,20.7,23.13,26.29,29.2,38280,43060,48100,54690,60740,,
99,U.S.,1,US,611000,Educational Services,"3-digit, ownership",5,31-9093,Medical Equipment Preparers,detailed,260,11.2,,,0.01,~,26.14,54370,2.2,16.87,18.58,23.29,32.36,34.68,35080,38650,48430,67300,72130,,
99,U.S.,1,US,611000,Educational Services,"3-digit, ownership",5,31-9094,Medical Transcriptionists,detailed,110,2.1,,,0,~,25.17,52350,0.6,16.08,19.63,23.24,28.63,30.76,33440,40840,48340,59550,63980,,
99,U.S.,1,US,611000,Educational Services,"3-digit, ownership",5,31-9096,Veterinary Assistants and Laboratory Animal Caretakers,detailed,1590,4.2,,,0.05,~,24.27,50490,1,17.26,19.38,22.64,27.56,34.23,35910,40310,47080,57320,71200,,
99,U.S.,1,US,611000,Educational Services,"3-digit, ownership",5,31-9097,Phlebotomists,detailed,100,23.4,,,0,~,22.1,45970,0.5,18.65,20.17,21.38,22.3,27.8,38790,41960,44480,46370,57830,,
99,U.S.,1,US,611000,Educational Services,"3-digit, ownership",5,31-9099,"Healthcare Support Workers, All Other",detailed,1360,7.7,,,0.04,~,24.88,51750,3.1,16.91,20,23.33,29.01,36.52,35180,41600,48530,60340,75960,,
99,U.S.,1,US,611000,Educational Services,"3-digit, ownership",5,33-0000,Protective Service Occupations,major,32940,3.1,,,1.01,4,24.2,50340,0.8,14.73,17.53,21.67,28.46,37.1,30650,36470,45070,59200,77160,,
99,U.S.,1,US,611000,Educational Services,"3-digit, ownership",5,33-1000,Supervisors of Protective Service Workers,minor,3370,1.7,,,0.1,1,36.17,75230,0.6,23,27.66,34.42,42.49,51.13,47830,57540,71590,88390,106360,,
99,U.S.,1,US,611000,Educational Services,"3-digit, ownership",5,33-1010,First-Line Supervisors of Law Enforcement Workers,broad,1310,1.4,,,0.04,~,41.97,87290,0.3,27.08,30.96,38.55,49.68,60.39,56330,64400,80180,103330,125610,,
99,U.S.,1,US,611000,Educational Services,"3-digit, ownership",5,33-1012,First-Line Supervisors of Police and Detectives,detailed,1310,1.4,,,0.04,~,41.97,87290,0.3,27.08,30.96,38.55,49.68,60.39,56330,64400,80180,103330,125610,,
99,U.S.,1,US,611000,Educational Services,"3-digit, ownership",5,33-1090,"Miscellaneous First-Line Supervisors, Protective Service Workers",broad,2030,3,,,0.06,1,32.21,66990,0.8,21.53,25.33,30.62,37.68,43.99,44790,52690,63690,78370,91500,,
99,U.S.,1,US,611000,Educational Services,"3-digit, ownership",5,33-1091,First-Line Supervisors of Security Workers,detailed,1810,3,,,0.06,1,31.8,66140,0.7,21.36,25.31,30.21,37.1,43.14,44430,52650,62830,77170,89740,,
99,U.S.,1,US,611000,Educational Services,"3-digit, ownership",5,33-1099,"First-Line Supervisors of Protective Service Workers, All Other",detailed,220,12.3,,,0.01,~,35.59,74020,3.9,22.47,27.34,36.81,45.88,49.27,46730,56860,76570,95430,102490,,
99,U.S.,1,US,611000,Educational Services,"3-digit, ownership",5,33-2000,Firefighting and Prevention Workers,minor,360,19.7,,,0.01,~,30.51,63470,2.9,20.98,23.2,28.43,36.79,45.2,43640,48260,59120,76510,94010,,
99,U.S.,1,US,611000,Educational Services,"3-digit, ownership",5,33-2010,Firefighters,broad,290,24.2,,,0.01,~,28.88,60060,2.7,20.08,22.44,24.94,36.24,41.11,41770,46670,51870,75370,85510,,
99,U.S.,1,US,611000,Educational Services,"3-digit, ownership",5,33-2011,Firefighters,detailed,290,24.2,,,0.01,~,28.88,60060,2.7,20.08,22.44,24.94,36.24,41.11,41770,46670,51870,75370,85510,,
99,U.S.,1,US,611000,Educational Services,"3-digit, ownership",5,33-2020,Fire Inspectors,broad,70,0.8,,,0,~,37.8,78620,0.5,22.9,32.5,36.1,46.92,51,47640,67590,75080,97600,106080,,
99,U.S.,1,US,611000,Educational Services,"3-digit, ownership",5,33-2021,Fire Inspectors and Investigators,detailed,60,0.8,,,0,~,37.81,78640,0.5,22.9,32.5,36.1,46.92,51,47640,67590,75080,97600,106080,,
99,U.S.,1,US,611000,Educational Services,"3-digit, ownership",5,33-3000,Law Enforcement Workers,minor,5210,1.3,,,0.16,~,29.86,62110,0.8,17.94,21.92,27.71,36,43.99,37320,45580,57640,74880,91500,,
99,U.S.,1,US,611000,Educational Services,"3-digit, ownership",5,33-3020,Detectives and Criminal Investigators,broad,100,2,,,0,~,41.63,86590,0.5,31.21,32.23,41.14,46.6,55.88,64920,67040,85560,96920,116220,,
99,U.S.,1,US,611000,Educational Services,"3-digit, ownership",5,33-3021,Detectives and Criminal Investigators,detailed,100,2,,,0,~,41.63,86590,0.5,31.21,32.23,41.14,46.6,55.88,64920,67040,85560,96920,116220,,
99,U.S.,1,US,611000,Educational Services,"3-digit, ownership",5,33-3040,Parking Enforcement Workers,broad,80,3,,,0,~,20.13,41870,0.3,16.37,17.78,19.4,22.09,24.44,34040,36980,40340,45950,50830,,
99,U.S.,1,US,611000,Educational Services,"3-digit, ownership",5,33-3041,Parking Enforcement Workers,detailed,80,3,,,0,~,20.13,41870,0.3,16.37,17.78,19.4,22.09,24.44,34040,36980,40340,45950,50830,,
99,U.S.,1,US,611000,Educational Services,"3-digit, ownership",5,33-3050,Police Officers,broad,5030,1.3,,,0.15,~,29.78,61930,0.9,17.95,21.98,27.48,35.61,43.46,37330,45720,57150,74060,90390,,
99,U.S.,1,US,611000,Educational Services,"3-digit, ownership",5,33-3051,Police and Sheriff's Patrol Officers,detailed,5030,1.3,,,0.15,~,29.78,61930,0.9,17.95,21.98,27.48,35.61,43.46,37330,45720,57150,74060,90390,,
99,U.S.,1,US,611000,Educational Services,"3-digit, ownership",5,33-9000,Other Protective Service Workers,minor,24000,4.2,,,0.73,4,21.2,44100,1,14.07,16.87,19.47,23.84,30.76,29270,35100,40500,49590,63980,,
99,U.S.,1,US,611000,Educational Services,"3-digit, ownership",5,33-9020,Private Detectives and Investigators,broad,200,4.7,,,0.01,~,33.79,70270,2.8,21.01,25.18,32.95,41.65,47.06,43700,52370,68540,86630,97880,,
99,U.S.,1,US,611000,Educational Services,"3-digit, ownership",5,33-9021,Private Detectives and Investigators,detailed,200,4.7,,,0.01,~,33.79,70270,2.8,21.01,25.18,32.95,41.65,47.06,43700,52370,68540,86630,97880,,
99,U.S.,1,US,611000,Educational Services,"3-digit, ownership",5,33-9030,Security Guards and Gambling Surveillance Officers,broad,16780,1.7,,,0.51,3,22.26,46300,0.7,15,17.5,20.94,25.68,31.75,31200,36390,43560,53420,66040,,
99,U.S.,1,US,611000,Educational Services,"3-digit, ownership",5,33-9032,Security Guards,detailed,16780,1.7,,,0.51,3,22.26,46300,0.7,15,17.5,20.94,25.68,31.75,31200,36390,43560,53420,66040,,
99,U.S.,1,US,611000,Educational Services,"3-digit, ownership",5,33-9090,Miscellaneous Protective Service Workers,broad,7020,13.6,,,0.21,2,18.32,38100,4.2,12.33,14.96,17.56,19.47,24.11,25640,31110,36530,40500,50160,,
99,U.S.,1,US,611000,Educational Services,"3-digit, ownership",5,33-9091,Crossing Guards and Flaggers,detailed,180,19.2,,,0.01,~,19.96,41530,3,13.76,15.96,19.94,22.51,28.09,28620,33190,41470,46820,58430,,
99,U.S.,1,US,611000,Educational Services,"3-digit, ownership",5,33-9092,"Lifeguards, Ski Patrol, and Other Recreational Protective Service Workers",detailed,3560,21.9,,,0.11,1,17.86,37160,9.3,11.75,13.87,16.69,18.97,23.39,24440,28850,34710,39460,48650,,
99,U.S.,1,US,611000,Educational Services,"3-digit, ownership",5,33-9094,School Bus Monitors,detailed,1950,27.5,,,0.06,~,18.45,38370,2,14.67,17.28,17.59,19.47,24.11,30500,35940,36590,40500,50160,,
99,U.S.,1,US,611000,Educational Services,"3-digit, ownership",5,33-9099,"Protective Service Workers, All Other",detailed,1320,16,,,0.04,~,19.11,39760,2.6,11.39,15.36,17.64,21.69,26.88,23680,31940,36690,45110,55920,,
99,U.S.,1,US,611000,Educational Services,"3-digit, ownership",5,35-0000,Food Preparation and Serving Related Occupations,major,33200,2.2,,,1.01,7,18.59,38660,0.6,12.55,15,17.37,20.93,25.72,26110,31200,36130,43540,53490,,
99,U.S.,1,US,611000,Educational Services,"3-digit, ownership",5,35-1000,Supervisors of Food Preparation and Serving Workers,minor,4460,2.9,,,0.14,2,25.89,53850,0.8,16.46,19.34,23.9,30.66,37.45,34230,40230,49720,63780,77890,,
99,U.S.,1,US,611000,Educational Services,"3-digit, ownership",5,35-1010,Supervisors of Food Preparation and Serving Workers,broad,4460,2.9,,,0.14,2,25.89,53850,0.8,16.46,19.34,23.9,30.66,37.45,34230,40230,49720,63780,77890,,
99,U.S.,1,US,611000,Educational Services,"3-digit, ownership",5,35-1011,Chefs and Head Cooks,detailed,1060,3.8,,,0.03,~,29.92,62240,1.1,17.71,22.43,28.48,36.55,43.49,36830,46650,59230,76010,90470,,
99,U.S.,1,US,611000,Educational Services,"3-digit, ownership",5,35-1012,First-Line Supervisors of Food Preparation and Serving Workers,detailed,3400,3.6,,,0.1,1,24.63,51230,0.9,16.05,18.77,22.81,29.36,35.97,33390,39040,47440,61080,74810,,
99,U.S.,1,US,611000,Educational Services,"3-digit, ownership",5,35-2000,Cooks and Food Preparation Workers,minor,15950,2.9,,,0.49,5,18.14,37740,0.7,12.55,14.61,17.43,20.69,24.47,26110,30390,36250,43030,50900,,
99,U.S.,1,US,611000,Educational Services,"3-digit, ownership",5,35-2010,Cooks,broad,11860,2.6,,,0.36,4,18.01,37460,0.8,12.34,14.34,17.38,20.76,24.3,25670,29820,36150,43170,50540,,
99,U.S.,1,US,611000,Educational Services,"3-digit, ownership",5,35-2011,"Cooks, Fast Food",detailed,60,5.6,,,0,~,18.5,38490,1.2,11.7,14.31,20.54,20.54,23.12,24330,29770,42710,42710,48090,,
99,U.S.,1,US,611000,Educational Services,"3-digit, ownership",5,35-2012,"Cooks, Institution and Cafeteria",detailed,11360,2.6,,,0.35,4,18.01,37450,0.8,12.38,14.33,17.38,20.76,24.29,25760,29810,36140,43170,50530,,
99,U.S.,1,US,611000,Educational Services,"3-digit, ownership",5,35-2014,"Cooks, Restaurant",detailed,170,17.4,,,0.01,~,17.51,36420,2.2,12.52,13.95,16.89,19.68,22.92,26050,29010,35130,40930,47680,,
99,U.S.,1,US,611000,Educational Services,"3-digit, ownership",5,35-2015,"Cooks, Short Order",detailed,150,26.9,,,0,~,18.17,37800,10.3,11.83,12.19,19.38,24.36,24.36,24610,25350,40310,50660,50660,,
99,U.S.,1,US,611000,Educational Services,"3-digit, ownership",5,35-2019,"Cooks, All Other",detailed,120,44,,,0,~,18.32,38110,6.2,15,15,16.23,20.48,22.82,31200,31200,33750,42600,47460,,
99,U.S.,1,US,611000,Educational Services,"3-digit, ownership",5,35-2020,Food Preparation Workers,broad,4090,8.7,,,0.12,1,18.53,38540,1.3,13.33,15.94,17.67,20.45,24.52,27720,33160,36740,42530,51010,,
99,U.S.,1,US,611000,Educational Services,"3-digit, ownership",5,35-2021,Food Preparation Workers,detailed,4090,8.7,,,0.12,1,18.53,38540,1.3,13.33,15.94,17.67,20.45,24.52,27720,33160,36740,42530,51010,,
99,U.S.,1,US,611000,Educational Services,"3-digit, ownership",5,35-3000,Food and Beverage Serving Workers,minor,7730,3.3,,,0.24,2,16.43,34170,0.9,11.45,14.22,16.41,18.21,21.19,23810,29580,34140,37880,44060,,
99,U.S.,1,US,611000,Educational Services,"3-digit, ownership",5,35-3010,Bartenders,broad,430,19.8,,,0.01,~,17.28,35940,6,11.26,14.55,16.8,20.34,23.13,23430,30270,34950,42300,48120,,
99,U.S.,1,US,611000,Educational Services,"3-digit, ownership",5,35-3011,Bartenders,detailed,430,19.8,,,0.01,~,17.28,35940,6,11.26,14.55,16.8,20.34,23.13,23430,30270,34950,42300,48120,,
99,U.S.,1,US,611000,Educational Services,"3-digit, ownership",5,35-3020,Fast Food and Counter Workers,broad,6490,3.6,,,0.2,2,16.18,33650,0.9,11.32,14.28,16.28,17.96,20.35,23550,29690,33860,37370,42320,,
99,U.S.,1,US,611000,Educational Services,"3-digit, ownership",5,35-3023,Fast Food and Counter Workers,detailed,6490,3.6,,,0.2,2,16.18,33650,0.9,11.32,14.28,16.28,17.96,20.35,23550,29690,33860,37370,42320,,
99,U.S.,1,US,611000,Educational Services,"3-digit, ownership",5,35-3030,Waiters and Waitresses,broad,400,12.6,,,0.01,~,17.81,37030,4.5,12,12.74,16.65,20.61,25.78,24960,26500,34630,42860,53630,,
99,U.S.,1,US,611000,Educational Services,"3-digit, ownership",5,35-3031,Waiters and Waitresses,detailed,400,12.6,,,0.01,~,17.81,37030,4.5,12,12.74,16.65,20.61,25.78,24960,26500,34630,42860,53630,,
99,U.S.,1,US,611000,Educational Services,"3-digit, ownership",5,35-3040,"Food Servers, Nonrestaurant",broad,410,12.1,,,0.01,~,18.14,37720,1,13.41,14.65,17.61,20,23.59,27880,30480,36620,41600,49080,,
99,U.S.,1,US,611000,Educational Services,"3-digit, ownership",5,35-3041,"Food Servers, Nonrestaurant",detailed,410,12.1,,,0.01,~,18.14,37720,1,13.41,14.65,17.61,20,23.59,27880,30480,36620,41600,49080,,
99,U.S.,1,US,611000,Educational Services,"3-digit, ownership",5,35-9000,Other Food Preparation and Serving Related Workers,minor,5060,6.9,,,0.15,1,16.85,35050,1,12.09,15,16.39,18.95,22.18,25150,31200,34080,39420,46130,,
99,U.S.,1,US,611000,Educational Services,"3-digit, ownership",5,35-9010,Dining Room and Cafeteria Attendants and Bartender Helpers,broad,3510,9.7,,,0.11,1,16.4,34110,1.4,12.04,15,16.12,17.94,21.41,25050,31200,33530,37310,44520,,
99,U.S.,1,US,611000,Educational Services,"3-digit, ownership",5,35-9011,Dining Room and Cafeteria Attendants and Bartender Helpers,detailed,3510,9.7,,,0.11,1,16.4,34110,1.4,12.04,15,16.12,17.94,21.41,25050,31200,33530,37310,44520,,
99,U.S.,1,US,611000,Educational Services,"3-digit, ownership",5,35-9020,Dishwashers,broad,1060,4.4,,,0.03,~,17.04,35440,0.9,12.09,14.58,16.86,18.85,23.8,25150,30330,35060,39210,49500,,
99,U.S.,1,US,611000,Educational Services,"3-digit, ownership",5,35-9021,Dishwashers,detailed,1060,4.4,,,0.03,~,17.04,35440,0.9,12.09,14.58,16.86,18.85,23.8,25150,30330,35060,39210,49500,,
99,U.S.,1,US,611000,Educational Services,"3-digit, ownership",5,35-9090,Miscellaneous Food Preparation and Serving Related Workers,broad,480,4.7,,,0.01,~,19.7,40970,1.9,12.57,17.77,20.3,22.35,22.78,26140,36960,42230,46490,47390,,
99,U.S.,1,US,611000,Educational Services,"3-digit, ownership",5,35-9099,"Food Preparation and Serving Related Workers, All Other",detailed,480,4.7,,,0.01,~,19.7,40970,1.9,12.57,17.77,20.3,22.35,22.78,26140,36960,42230,46490,47390,,
99,U.S.,1,US,611000,Educational Services,"3-digit, ownership",5,37-0000,Building and Grounds Cleaning and Maintenance Occupations,major,57690,1.3,,,1.76,10,19.89,41360,0.4,13.81,16.02,18.28,22.74,28.64,28720,33320,38010,47300,59570,,
99,U.S.,1,US,611000,Educational Services,"3-digit, ownership",5,37-1000,Supervisors of Building and Grounds Cleaning and Maintenance Workers,minor,3430,3.2,,,0.1,1,29.14,60620,0.7,19.24,23.02,28.1,34.28,40.33,40020,47890,58440,71300,83890,,
99,U.S.,1,US,611000,Educational Services,"3-digit, ownership",5,37-1010,First-Line Supervisors of Building and Grounds Cleaning and Maintenance Workers,broad,3430,3.2,,,0.1,1,29.14,60620,0.7,19.24,23.02,28.1,34.28,40.33,40020,47890,58440,71300,83890,,
99,U.S.,1,US,611000,Educational Services,"3-digit, ownership",5,37-1011,First-Line Supervisors of Housekeeping and Janitorial Workers,detailed,2460,3.2,,,0.08,1,28.1,58440,0.8,18.72,22.42,27.11,32.34,38.7,38940,46640,56390,67280,80490,,
99,U.S.,1,US,611000,Educational Services,"3-digit, ownership",5,37-1012,"First-Line Supervisors of Landscaping, Lawn Service, and Groundskeeping Workers",detailed,980,4.9,,,0.03,~,31.78,66110,1.1,21.46,24.92,30.69,36.6,45.18,44640,51820,63830,76130,93980,,
99,U.S.,1,US,611000,Educational Services,"3-digit, ownership",5,37-2000,Building Cleaning and Pest Control Workers,minor,46250,1.5,,,1.41,9,18.98,39470,0.4,13.58,15.55,17.79,21.61,26.86,28240,32340,37000,44950,55870,,
99,U.S.,1,US,611000,Educational Services,"3-digit, ownership",5,37-2010,Building Cleaning Workers,broad,46230,1.5,,,1.41,9,18.97,39470,0.4,13.58,15.55,17.78,21.61,26.83,28240,32340,36990,44940,55800,,
99,U.S.,1,US,611000,Educational Services,"3-digit, ownership",5,37-2011,"Janitors and Cleaners, Except Maids and Housekeeping Cleaners",detailed,43200,1.6,,,1.32,9,19.07,39670,0.4,13.72,15.69,17.9,21.72,27.15,28530,32640,37230,45170,56470,,
99,U.S.,1,US,611000,Educational Services,"3-digit, ownership",5,37-2012,Maids and Housekeeping Cleaners,detailed,3020,2.7,,,0.09,1,17.59,36590,0.6,12.69,14.45,17.2,19.18,23.29,26380,30050,35780,39890,48450,,
99,U.S.,1,US,611000,Educational Services,"3-digit, ownership",5,37-3000,Grounds Maintenance Workers,minor,8010,3.2,,,0.24,2,21.18,44040,1,14,16.63,20.35,24.87,30.01,29120,34590,42330,51720,62420,,
99,U.S.,1,US,611000,Educational Services,"3-digit, ownership",5,37-3010,Grounds Maintenance Workers,broad,8010,3.2,,,0.24,2,21.18,44040,1,14,16.63,20.35,24.87,30.01,29120,34590,42330,51720,62420,,
99,U.S.,1,US,611000,Educational Services,"3-digit, ownership",5,37-3011,Landscaping and Groundskeeping Workers,detailed,7850,3.3,,,0.24,2,21.14,43970,1,14,16.61,20.23,24.85,30.04,29120,34560,42080,51690,62490,,
99,U.S.,1,US,611000,Educational Services,"3-digit, ownership",5,37-3019,"Grounds Maintenance Workers, All Other",detailed,120,6.5,,,0,~,22.49,46770,1.1,18.25,20.96,22.33,23.28,26.78,37960,43590,46450,48420,55710,,
99,U.S.,1,US,611000,Educational Services,"3-digit, ownership",5,39-0000,Personal Care and Service Occupations,major,92990,2.8,,,2.84,18,19.66,40880,1.5,12,14.42,17.22,22.12,29.51,24960,29990,35820,46010,61380,,
99,U.S.,1,US,611000,Educational Services,"3-digit, ownership",5,39-1000,Supervisors of Personal Care and Service Workers,minor,4900,5.2,,,0.15,2,26.25,54600,1.3,17.12,19.93,24.8,30.77,36.94,35610,41450,51570,64000,76830,,
99,U.S.,1,US,611000,Educational Services,"3-digit, ownership",5,39-1010,First-Line Supervisors of Entertainment and Recreation Workers,broad,2130,8.5,,,0.07,1,25.67,53390,2.5,17.24,20.54,24.03,29.15,35.33,35870,42730,49980,60640,73490,,
99,U.S.,1,US,611000,Educational Services,"3-digit, ownership",5,39-1014,"First-Line Supervisors of Entertainment and Recreation Workers, Except Gambling Services",detailed,2130,8.5,,,0.07,1,25.67,53390,2.5,17.24,20.54,24.03,29.15,35.33,35870,42730,49980,60640,73490,,
99,U.S.,1,US,611000,Educational Services,"3-digit, ownership",5,39-1020,First-Line Supervisors of Personal Service Workers,broad,2760,6.9,,,0.08,1,26.69,55520,1.6,16.88,19.26,25.37,31.54,38,35120,40060,52780,65610,79040,,
99,U.S.,1,US,611000,Educational Services,"3-digit, ownership",5,39-1022,First-Line Supervisors of Personal Service Workers,detailed,2760,6.9,,,0.08,1,26.69,55520,1.6,16.88,19.26,25.37,31.54,38,35120,40060,52780,65610,79040,,
99,U.S.,1,US,611000,Educational Services,"3-digit, ownership",5,39-2000,Animal Care and Service Workers,minor,1610,15.9,,,0.05,1,18.21,37880,2.6,11.56,15.38,17.35,20.92,24.02,24040,31980,36090,43500,49970,,
99,U.S.,1,US,611000,Educational Services,"3-digit, ownership",5,39-2010,Animal Trainers,broad,120,35.7,,,0,~,28.74,59780,8.6,21.86,23.51,27.32,35.3,38.46,45470,48900,56820,73410,79990,,
99,U.S.,1,US,611000,Educational Services,"3-digit, ownership",5,39-2011,Animal Trainers,detailed,120,35.7,,,0,~,28.74,59780,8.6,21.86,23.51,27.32,35.3,38.46,45470,48900,56820,73410,79990,,
99,U.S.,1,US,611000,Educational Services,"3-digit, ownership",5,39-2020,Animal Caretakers,broad,1490,16,,,0.05,1,17.38,36140,1.8,11.03,15,17.04,19.16,23.38,22950,31200,35450,39840,48630,,
99,U.S.,1,US,611000,Educational Services,"3-digit, ownership",5,39-2021,Animal Caretakers,detailed,1490,16,,,0.05,1,17.38,36140,1.8,11.03,15,17.04,19.16,23.38,22950,31200,35450,39840,48630,,
99,U.S.,1,US,611000,Educational Services,"3-digit, ownership",5,39-3000,Entertainment Attendants and Related Workers,minor,7030,5.5,,,0.21,2,16.44,34190,1.2,11.15,13.65,15.69,18.26,22.45,23190,28400,32640,37970,46700,,
99,U.S.,1,US,611000,Educational Services,"3-digit, ownership",5,39-3030,"Ushers, Lobby Attendants, and Ticket Takers",broad,1190,10.3,,,0.04,~,15.69,32630,2.8,11.22,15,15.49,17.02,18.89,23340,31200,32220,35410,39280,,
99,U.S.,1,US,611000,Educational Services,"3-digit, ownership",5,39-3031,"Ushers, Lobby Attendants, and Ticket Takers",detailed,1190,10.3,,,0.04,~,15.69,32630,2.8,11.22,15,15.49,17.02,18.89,23340,31200,32220,35410,39280,,
99,U.S.,1,US,611000,Educational Services,"3-digit, ownership",5,39-3090,Miscellaneous Entertainment Attendants and Related Workers,broad,5740,6.4,,,0.18,2,16.59,34510,1.4,11.12,13.58,15.75,18.52,22.98,23130,28250,32760,38530,47790,,
99,U.S.,1,US,611000,Educational Services,"3-digit, ownership",5,39-3091,Amusement and Recreation Attendants,detailed,4420,7.1,,,0.13,1,15.64,32530,1.8,10.54,12.77,15,17.12,21.84,21930,26570,31200,35610,45430,,
99,U.S.,1,US,611000,Educational Services,"3-digit, ownership",5,39-3092,Costume Attendants,detailed,400,7.3,,,0.01,~,22.76,47330,1.6,15,17.73,22.83,26.74,30.6,31200,36870,47480,55620,63660,,
99,U.S.,1,US,611000,Educational Services,"3-digit, ownership",5,39-3093,"Locker Room, Coatroom, and Dressing Room Attendants",detailed,370,32.3,,,0.01,~,18.19,37840,1.8,12.58,16.73,17.32,19.71,22.77,26170,34800,36020,40990,47370,,
99,U.S.,1,US,611000,Educational Services,"3-digit, ownership",5,39-3099,"Entertainment Attendants and Related Workers, All Other",detailed,550,24.4,,,0.02,~,18.66,38820,0.8,16.95,17.6,18.26,20.03,21.19,35260,36610,37970,41660,44080,,
99,U.S.,1,US,611000,Educational Services,"3-digit, ownership",5,39-5000,Personal Appearance Workers,minor,510,14.4,,,0.02,~,21.25,44190,4.3,14.99,15.2,18.18,24.38,27.6,31190,31610,37800,50710,57400,,
99,U.S.,1,US,611000,Educational Services,"3-digit, ownership",5,39-5010,"Barbers, Hairdressers, Hairstylists and Cosmetologists",broad,400,15.8,,,0.01,~,19.89,41360,4.2,14.96,15.13,18.45,24.38,26.4,31120,31470,38380,50710,54910,,
99,U.S.,1,US,611000,Educational Services,"3-digit, ownership",5,39-5011,Barbers,detailed,80,42.1,,,0,~,19.64,40840,10.7,14.96,15.06,16.28,23.42,26.65,31120,31330,33870,48720,55430,,
99,U.S.,1,US,611000,Educational Services,"3-digit, ownership",5,39-5012,"Hairdressers, Hairstylists, and Cosmetologists",detailed,320,15.7,,,0.01,~,19.95,41490,4.8,15,15.13,19.09,24.38,26.23,31200,31470,39710,50710,54560,,
99,U.S.,1,US,611000,Educational Services,"3-digit, ownership",5,39-5090,Miscellaneous Personal Appearance Workers,broad,110,23.7,,,0,~,26.11,54300,11.5,15.13,16.4,16.58,28.88,50.78,31470,34100,34490,60060,105610,,
99,U.S.,1,US,611000,Educational Services,"3-digit, ownership",5,39-5091,"Makeup Artists, Theatrical and Performance",detailed,50,4.2,,,0,~,20.57,42790,9.4,16.4,16.4,16.57,16.58,27.82,34100,34100,34470,34490,57860,,
99,U.S.,1,US,611000,Educational Services,"3-digit, ownership",5,39-5094,Skincare Specialists,detailed,40,38,,,0,~,35.63,74110,14.8,18.83,23.72,28.3,41.36,62.78,39170,49330,58860,86020,130580,,
99,U.S.,1,US,611000,Educational Services,"3-digit, ownership",5,39-6000,"Baggage Porters, Bellhops, and Concierges",minor,60,2.4,,,0,~,17.35,36090,3.5,15,15,15.49,19.42,20.16,31200,31200,32230,40400,41930,,
99,U.S.,1,US,611000,Educational Services,"3-digit, ownership",5,39-6010,"Baggage Porters, Bellhops, and Concierges",broad,60,2.4,,,0,~,17.35,36090,3.5,15,15,15.49,19.42,20.16,31200,31200,32230,40400,41930,,
99,U.S.,1,US,611000,Educational Services,"3-digit, ownership",5,39-6012,Concierges,detailed,**,**,,,**,**,17.35,36080,3.6,15,15,15.49,19.42,20.16,31200,31200,32230,40400,41930,,
99,U.S.,1,US,611000,Educational Services,"3-digit, ownership",5,39-7000,Tour and Travel Guides,minor,900,8.7,,,0.03,~,15.85,32960,1.7,10.1,12.78,16.12,18.25,19.4,21010,26580,33520,37960,40350,,
99,U.S.,1,US,611000,Educational Services,"3-digit, ownership",5,39-7010,Tour and Travel Guides,broad,900,8.7,,,0.03,~,15.85,32960,1.7,10.1,12.78,16.12,18.25,19.4,21010,26580,33520,37960,40350,,
99,U.S.,1,US,611000,Educational Services,"3-digit, ownership",5,39-7010,Tour and Travel Guides,detailed,900,8.7,,,0.03,~,15.85,32960,1.7,10.1,12.78,16.12,18.25,19.4,21010,26580,33520,37960,40350,,
99,U.S.,1,US,611000,Educational Services,"3-digit, ownership",5,39-9000,Other Personal Care and Service Workers,minor,77960,3.2,,,2.38,16,19.59,40750,1.7,12,14.35,17.16,21.86,29.3,24960,29850,35690,45470,60940,,
99,U.S.,1,US,611000,Educational Services,"3-digit, ownership",5,39-9010,Childcare Workers,broad,30390,4.4,,,0.93,8,16.06,33410,0.8,11.41,13.69,15.59,17.74,21.36,23740,28470,32430,36900,44430,,
99,U.S.,1,US,611000,Educational Services,"3-digit, ownership",5,39-9011,Childcare Workers,detailed,30390,4.4,,,0.93,8,16.06,33410,0.8,11.41,13.69,15.59,17.74,21.36,23740,28470,32430,36900,44430,,
99,U.S.,1,US,611000,Educational Services,"3-digit, ownership",5,39-9030,Recreation and Fitness Workers,broad,39540,5,,,1.21,9,22.21,46210,2.8,12.3,15.41,18.43,24.91,36.42,25580,32050,38330,51810,75750,,
99,U.S.,1,US,611000,Educational Services,"3-digit, ownership",5,39-9031,Exercise Trainers and Group Fitness Instructors,detailed,24970,6.8,,,0.76,6,24.54,51030,3.7,12.91,16.13,20.27,29.16,41.25,26850,33560,42160,60650,85800,,
99,U.S.,1,US,611000,Educational Services,"3-digit, ownership",5,39-9032,Recreation Workers,detailed,14560,7.2,,,0.44,4,18.23,37930,1.8,11.6,14.77,17.38,20.9,24.85,24120,30730,36160,43470,51680,,
99,U.S.,1,US,611000,Educational Services,"3-digit, ownership",5,39-9040,Residential Advisors,broad,7610,3.9,,,0.23,1,20.33,42280,1,12.6,15.87,18.97,24.05,29.22,26210,33020,39460,50020,60780,,
99,U.S.,1,US,611000,Educational Services,"3-digit, ownership",5,39-9041,Residential Advisors,detailed,7610,3.9,,,0.23,1,20.33,42280,1,12.6,15.87,18.97,24.05,29.22,26210,33020,39460,50020,60780,,
99,U.S.,1,US,611000,Educational Services,"3-digit, ownership",5,39-9090,Miscellaneous Personal Care and Service Workers,broad,410,16.8,,,0.01,~,15.13,31470,6.8,12.37,12.37,12.37,14.42,23.54,25730,25730,25730,29990,48960,,
99,U.S.,1,US,611000,Educational Services,"3-digit, ownership",5,39-9099,"Personal Care and Service Workers, All Other",detailed,410,16.8,,,0.01,~,15.13,31470,6.8,12.37,12.37,12.37,14.42,23.54,25730,25730,25730,29990,48960,,
99,U.S.,1,US,611000,Educational Services,"3-digit, ownership",5,41-0000,Sales and Related Occupations,major,24870,6,,,0.76,9,31.71,65950,2.3,15,18.72,28.11,38.77,53.99,31200,38940,58460,80640,112300,,
99,U.S.,1,US,611000,Educational Services,"3-digit, ownership",5,41-1000,Supervisors of Sales Workers,minor,1720,9.9,,,0.05,1,36.02,74930,4.8,17.85,22.22,30.45,46.48,59.65,37130,46210,63340,96670,124070,,
99,U.S.,1,US,611000,Educational Services,"3-digit, ownership",5,41-1010,First-Line Supervisors of Sales Workers,broad,1720,9.9,,,0.05,1,36.02,74930,4.8,17.85,22.22,30.45,46.48,59.65,37130,46210,63340,96670,124070,,
99,U.S.,1,US,611000,Educational Services,"3-digit, ownership",5,41-1011,First-Line Supervisors of Retail Sales Workers,detailed,1030,11.7,,,0.03,1,26.27,54630,2.6,17.75,20.99,24.06,30.41,36.97,36920,43660,50040,63250,76900,,
99,U.S.,1,US,611000,Educational Services,"3-digit, ownership",5,41-1012,First-Line Supervisors of Non-Retail Sales Workers,detailed,690,17.5,,,0.02,~,50.53,105090,5.4,27.52,37.01,50.67,59.65,73,57240,76980,105400,124070,151840,,
99,U.S.,1,US,611000,Educational Services,"3-digit, ownership",5,41-2000,Retail Sales Workers,minor,5710,8.8,,,0.17,2,17.14,35640,1.2,11.9,14.35,16.32,19.02,22.96,24750,29840,33950,39570,47750,,
99,U.S.,1,US,611000,Educational Services,"3-digit, ownership",5,41-2010,Cashiers,broad,2780,9.1,,,0.08,1,16.75,34840,1.4,11.33,14,16.53,18.9,22.09,23560,29120,34370,39320,45950,,
99,U.S.,1,US,611000,Educational Services,"3-digit, ownership",5,41-2011,Cashiers,detailed,2780,9.1,,,0.08,1,16.75,34840,1.4,11.33,14,16.53,18.9,22.09,23560,29120,34370,39320,45950,,
99,U.S.,1,US,611000,Educational Services,"3-digit, ownership",5,41-2020,Counter and Rental Clerks and Parts Salespersons,broad,360,32.1,,,0.01,~,17,35370,6.4,12,14.99,16.82,18.42,22.63,24960,31180,34980,38320,47060,,
99,U.S.,1,US,611000,Educational Services,"3-digit, ownership",5,41-2021,Counter and Rental Clerks,detailed,340,34.1,,,0.01,~,17.05,35460,6.7,12,14.99,16.82,18.42,22.63,24960,31180,34980,38320,47060,,
99,U.S.,1,US,611000,Educational Services,"3-digit, ownership",5,41-2030,Retail Salespersons,broad,2580,15.9,,,0.08,1,17.57,36550,2.3,12.31,14.38,15.98,19.7,25.08,25600,29900,33250,40980,52170,,
99,U.S.,1,US,611000,Educational Services,"3-digit, ownership",5,41-2031,Retail Salespersons,detailed,2580,15.9,,,0.08,1,17.57,36550,2.3,12.31,14.38,15.98,19.7,25.08,25600,29900,33250,40980,52170,,
99,U.S.,1,US,611000,Educational Services,"3-digit, ownership",5,41-3000,"Sales Representatives, Services",minor,14890,6.7,,,0.46,6,37.06,77080,2.7,19.49,24.71,32.83,46.1,59.37,40540,51400,68290,95900,123490,,
99,U.S.,1,US,611000,Educational Services,"3-digit, ownership",5,41-3010,Advertising Sales Agents,broad,110,9.2,,,0,~,35.68,74210,1.1,21.08,27.09,30.42,46.14,46.92,43840,56350,63270,95960,97600,,
99,U.S.,1,US,611000,Educational Services,"3-digit, ownership",5,41-3011,Advertising Sales Agents,detailed,110,9.2,,,0,~,35.68,74210,1.1,21.08,27.09,30.42,46.14,46.92,43840,56350,63270,95960,97600,,
99,U.S.,1,US,611000,Educational Services,"3-digit, ownership",5,41-3090,"Miscellaneous Sales Representatives, Services",broad,14750,6.7,,,0.45,6,37.09,77140,2.7,19.49,24.71,32.89,46.14,59.61,40540,51400,68400,95980,123990,,
99,U.S.,1,US,611000,Educational Services,"3-digit, ownership",5,41-3091,"Sales Representatives of Services, Except Advertising, Insurance, Financial Services, and Travel",detailed,14750,6.7,,,0.45,6,37.09,77140,2.7,19.49,24.71,32.89,46.14,59.61,40540,51400,68400,95980,123990,,
99,U.S.,1,US,611000,Educational Services,"3-digit, ownership",5,41-4000,"Sales Representatives, Wholesale and Manufacturing",minor,870,31.4,,,0.03,1,41.28,85860,4.1,25.35,34.75,38.32,46.49,58.65,52730,72270,79710,96710,121990,,
99,U.S.,1,US,611000,Educational Services,"3-digit, ownership",5,41-4010,"Sales Representatives, Wholesale and Manufacturing",broad,870,31.4,,,0.03,1,41.28,85860,4.1,25.35,34.75,38.32,46.49,58.65,52730,72270,79710,96710,121990,,
99,U.S.,1,US,611000,Educational Services,"3-digit, ownership",5,41-4011,"Sales Representatives, Wholesale and Manufacturing, Technical and Scientific Products",detailed,120,40.6,,,0,~,56.08,116640,10.3,29.7,41.8,50.45,75.61,83.21,61770,86950,104940,157260,173090,,
99,U.S.,1,US,611000,Educational Services,"3-digit, ownership",5,41-4012,"Sales Representatives, Wholesale and Manufacturing, Except Technical and Scientific Products",detailed,750,33,,,0.02,~,38.92,80960,3.9,24.97,33.64,38.32,43.95,52.9,51940,69980,79710,91410,110020,,
99,U.S.,1,US,611000,Educational Services,"3-digit, ownership",5,41-9000,Other Sales and Related Workers,minor,1670,8.6,,,0.05,1,24.44,50840,3.8,16,17.24,20.71,30,36.94,33280,35850,43070,62400,76840,,
99,U.S.,1,US,611000,Educational Services,"3-digit, ownership",5,41-9010,"Models, Demonstrators, and Product Promoters",broad,870,7.3,,,0.03,~,21.55,44830,2.3,15,19.1,20,23.9,30.85,31200,39740,41600,49710,64170,,
99,U.S.,1,US,611000,Educational Services,"3-digit, ownership",5,41-9011,Demonstrators and Product Promoters,detailed,110,27.5,,,0,~,13.42,27910,7.8,9.3,10.01,11,15.5,17.22,19350,20810,22880,32240,35820,,
99,U.S.,1,US,611000,Educational Services,"3-digit, ownership",5,41-9012,Models,detailed,760,7.4,,,0.02,~,22.69,47200,1.8,18.27,19.64,20.62,23.94,30.85,38010,40850,42890,49780,64170,,
99,U.S.,1,US,611000,Educational Services,"3-digit, ownership",5,41-9020,Real Estate Brokers and Sales Agents,broad,40,4.8,,,0,~,32.55,67710,1.1,23.1,23.21,31.24,34.91,44.99,48060,48280,64980,72610,93580,,
99,U.S.,1,US,611000,Educational Services,"3-digit, ownership",5,41-9022,Real Estate Sales Agents,detailed,40,5.2,,,0,~,31.93,66410,1.2,23.05,23.21,31.24,33.97,44.99,47940,48280,64980,70660,93570,,
99,U.S.,1,US,611000,Educational Services,"3-digit, ownership",5,41-9030,Sales Engineers,broad,50,41.7,,,0,~,50.51,105050,16.4,28.39,30.48,60.09,60.09,66.03,59040,63400,124990,124990,137330,,
99,U.S.,1,US,611000,Educational Services,"3-digit, ownership",5,41-9031,Sales Engineers,detailed,50,41.7,,,0,~,50.51,105050,16.4,28.39,30.48,60.09,60.09,66.03,59040,63400,124990,124990,137330,,
99,U.S.,1,US,611000,Educational Services,"3-digit, ownership",5,41-9040,Telemarketers,broad,200,43.3,,,0.01,~,16.74,34820,2.8,15.43,16.15,16.44,16.68,21.22,32090,33590,34200,34680,44130,,
99,U.S.,1,US,611000,Educational Services,"3-digit, ownership",5,41-9041,Telemarketers,detailed,200,43.3,,,0.01,~,16.74,34820,2.8,15.43,16.15,16.44,16.68,21.22,32090,33590,34200,34680,44130,,
99,U.S.,1,US,611000,Educational Services,"3-digit, ownership",5,41-9090,Miscellaneous Sales and Related Workers,broad,510,19.2,,,0.02,~,29.08,60490,5.8,16,19.43,28.62,36.94,42.77,33280,40420,59530,76830,88960,,
99,U.S.,1,US,611000,Educational Services,"3-digit, ownership",5,41-9099,"Sales and Related Workers, All Other",detailed,510,19.2,,,0.02,~,29.08,60490,5.8,16,19.43,28.62,36.94,42.77,33280,40420,59530,76830,88960,,
99,U.S.,1,US,611000,Educational Services,"3-digit, ownership",5,43-0000,Office and Administrative Support Occupations,major,343550,0.7,,,10.5,47,23.73,49350,0.3,14.4,17.42,22.3,28.55,35.58,29950,36240,46370,59390,74000,,
99,U.S.,1,US,611000,Educational Services,"3-digit, ownership",5,43-1000,Supervisors of Office and Administrative Support Workers,minor,33570,1.1,,,1.03,8,33.36,69380,0.6,21.56,25.82,31.27,38.47,46.85,44850,53700,65040,80020,97450,,
99,U.S.,1,US,611000,Educational Services,"3-digit, ownership",5,43-1010,First-Line Supervisors of Office and Administrative Support Workers,broad,33570,1.1,,,1.03,8,33.36,69380,0.6,21.56,25.82,31.27,38.47,46.85,44850,53700,65040,80020,97450,,
99,U.S.,1,US,611000,Educational Services,"3-digit, ownership",5,43-1011,First-Line Supervisors of Office and Administrative Support Workers,detailed,33570,1.1,,,1.03,8,33.36,69380,0.6,21.56,25.82,31.27,38.47,46.85,44850,53700,65040,80020,97450,,
99,U.S.,1,US,611000,Educational Services,"3-digit, ownership",5,43-2000,Communications Equipment Operators,minor,300,5.7,,,0.01,~,18.49,38450,1.5,14.1,15.11,17.99,20.91,24.39,29320,31430,37410,43480,50730,,
99,U.S.,1,US,611000,Educational Services,"3-digit, ownership",5,43-2010,"Switchboard Operators, Including Answering Service",broad,270,6.3,,,0.01,~,18.18,37810,1.6,14.1,15.05,17.84,20.68,23.43,29320,31290,37110,43000,48740,,
99,U.S.,1,US,611000,Educational Services,"3-digit, ownership",5,43-2011,"Switchboard Operators, Including Answering Service",detailed,270,6.3,,,0.01,~,18.18,37810,1.6,14.1,15.05,17.84,20.68,23.43,29320,31290,37110,43000,48740,,
99,U.S.,1,US,611000,Educational Services,"3-digit, ownership",5,43-3000,Financial Clerks,minor,26610,2,,,0.81,10,25.8,53670,0.5,17.45,20.65,24.41,29.72,35.72,36290,42950,50760,61810,74290,,
99,U.S.,1,US,611000,Educational Services,"3-digit, ownership",5,43-3010,Bill and Account Collectors,broad,650,3.7,,,0.02,~,25.7,53460,1.1,19.14,21.21,24.23,28.9,33.84,39820,44110,50400,60100,70390,,
99,U.S.,1,US,611000,Educational Services,"3-digit, ownership",5,43-3011,Bill and Account Collectors,detailed,650,3.7,,,0.02,~,25.7,53460,1.1,19.14,21.21,24.23,28.9,33.84,39820,44110,50400,60100,70390,,
99,U.S.,1,US,611000,Educational Services,"3-digit, ownership",5,43-3020,Billing and Posting Clerks,broad,3720,4.1,,,0.11,1,25.92,53910,0.5,19.73,21.26,23.89,28.86,36.28,41040,44220,49690,60040,75470,,
99,U.S.,1,US,611000,Educational Services,"3-digit, ownership",5,43-3021,Billing and Posting Clerks,detailed,3720,4.1,,,0.11,1,25.92,53910,0.5,19.73,21.26,23.89,28.86,36.28,41040,44220,49690,60040,75470,,
99,U.S.,1,US,611000,Educational Services,"3-digit, ownership",5,43-3030,"Bookkeeping, Accounting, and Auditing Clerks",broad,19100,2.5,,,0.58,9,25.61,53270,0.7,17.13,20.31,24.42,29.62,35.5,35630,42250,50790,61600,73850,,
99,U.S.,1,US,611000,Educational Services,"3-digit, ownership",5,43-3031,"Bookkeeping, Accounting, and Auditing Clerks",detailed,19100,2.5,,,0.58,9,25.61,53270,0.7,17.13,20.31,24.42,29.62,35.5,35630,42250,50790,61600,73850,,
99,U.S.,1,US,611000,Educational Services,"3-digit, ownership",5,43-3050,Payroll and Timekeeping Clerks,broad,2180,3.8,,,0.07,1,28.08,58400,1.2,18.27,23.11,27.43,32.1,37.68,37990,48060,57040,66770,78380,,
99,U.S.,1,US,611000,Educational Services,"3-digit, ownership",5,43-3051,Payroll and Timekeeping Clerks,detailed,2180,3.8,,,0.07,1,28.08,58400,1.2,18.27,23.11,27.43,32.1,37.68,37990,48060,57040,66770,78380,,
99,U.S.,1,US,611000,Educational Services,"3-digit, ownership",5,43-3060,Procurement Clerks,broad,610,6.3,,,0.02,~,24.9,51790,2.1,15.86,18.71,23.39,30.48,34.06,33000,38910,48660,63390,70840,,
99,U.S.,1,US,611000,Educational Services,"3-digit, ownership",5,43-3061,Procurement Clerks,detailed,610,6.3,,,0.02,~,24.9,51790,2.1,15.86,18.71,23.39,30.48,34.06,33000,38910,48660,63390,70840,,
99,U.S.,1,US,611000,Educational Services,"3-digit, ownership",5,43-3070,Tellers,broad,30,3,,,0,~,19.35,40250,0.4,17.08,17.73,18.42,22.96,22.96,35520,36870,38310,47750,47750,,
99,U.S.,1,US,611000,Educational Services,"3-digit, ownership",5,43-3071,Tellers,detailed,30,3,,,0,~,19.35,40250,0.4,17.08,17.73,18.42,22.96,22.96,35520,36870,38310,47750,47750,,
99,U.S.,1,US,611000,Educational Services,"3-digit, ownership",5,43-3090,Miscellaneous Financial Clerks,broad,320,6.8,,,0.01,~,23.17,48190,1.5,16.48,19.22,21.88,25.47,32.75,34270,39970,45520,52990,68120,,
99,U.S.,1,US,611000,Educational Services,"3-digit, ownership",5,43-3099,"Financial Clerks, All Other",detailed,320,6.8,,,0.01,~,23.17,48190,1.5,16.48,19.22,21.88,25.47,32.75,34270,39970,45520,52990,68120,,
99,U.S.,1,US,611000,Educational Services,"3-digit, ownership",5,43-4000,Information and Record Clerks,minor,65730,2.5,,,2.01,17,21.17,44030,1.1,13.55,16.38,19.76,24.39,30.13,28170,34080,41090,50740,62680,,
99,U.S.,1,US,611000,Educational Services,"3-digit, ownership",5,43-4050,Customer Service Representatives,broad,18140,4,,,0.55,5,22.3,46380,1.2,14.66,17.36,21.45,25.64,30.5,30500,36120,44610,53340,63450,,
99,U.S.,1,US,611000,Educational Services,"3-digit, ownership",5,43-4051,Customer Service Representatives,detailed,18140,4,,,0.55,5,22.3,46380,1.2,14.66,17.36,21.45,25.64,30.5,30500,36120,44610,53340,63450,,
99,U.S.,1,US,611000,Educational Services,"3-digit, ownership",5,43-4060,"Eligibility Interviewers, Government Programs",broad,100,29.9,,,0,~,24,49920,3.4,17.45,21.92,23.94,26.83,29.19,36300,45580,49780,55810,60720,,
99,U.S.,1,US,611000,Educational Services,"3-digit, ownership",5,43-4061,"Eligibility Interviewers, Government Programs",detailed,100,29.9,,,0,~,24,49920,3.4,17.45,21.92,23.94,26.83,29.19,36300,45580,49780,55810,60720,,
99,U.S.,1,US,611000,Educational Services,"3-digit, ownership",5,43-4070,File Clerks,broad,1780,3.7,,,0.05,1,21.94,45630,0.8,16.5,18.39,21.53,24.68,28.8,34330,38240,44780,51340,59910,,
99,U.S.,1,US,611000,Educational Services,"3-digit, ownership",5,43-4071,File Clerks,detailed,1780,3.7,,,0.05,1,21.94,45630,0.8,16.5,18.39,21.53,24.68,28.8,34330,38240,44780,51340,59910,,
99,U.S.,1,US,611000,Educational Services,"3-digit, ownership",5,43-4080,"Hotel, Motel, and Resort Desk Clerks",broad,170,37.5,,,0.01,~,15.91,33090,4.5,11.09,13.42,16.39,17.06,21.95,23060,27920,34090,35480,45650,,
99,U.S.,1,US,611000,Educational Services,"3-digit, ownership",5,43-4081,"Hotel, Motel, and Resort Desk Clerks",detailed,170,37.5,,,0.01,~,15.91,33090,4.5,11.09,13.42,16.39,17.06,21.95,23060,27920,34090,35480,45650,,
99,U.S.,1,US,611000,Educational Services,"3-digit, ownership",5,43-4110,"Interviewers, Except Eligibility and Loan",broad,9210,14.6,,,0.28,2,21.92,45600,6.8,12.19,16.41,21.71,26.77,30.78,25360,34130,45160,55670,64030,,
99,U.S.,1,US,611000,Educational Services,"3-digit, ownership",5,43-4111,"Interviewers, Except Eligibility and Loan",detailed,9210,14.6,,,0.28,2,21.92,45600,6.8,12.19,16.41,21.71,26.77,30.78,25360,34130,45160,55670,64030,,
99,U.S.,1,US,611000,Educational Services,"3-digit, ownership",5,43-4120,"Library Assistants, Clerical",broad,3880,2.4,,,0.12,1,19.08,39690,0.6,12,14.07,17.09,22.51,28.96,24960,29270,35540,46810,60250,,
99,U.S.,1,US,611000,Educational Services,"3-digit, ownership",5,43-4121,"Library Assistants, Clerical",detailed,3880,2.4,,,0.12,1,19.08,39690,0.6,12,14.07,17.09,22.51,28.96,24960,29270,35540,46810,60250,,
99,U.S.,1,US,611000,Educational Services,"3-digit, ownership",5,43-4130,Loan Interviewers and Clerks,broad,180,5.6,,,0.01,~,23.78,49460,1,18.12,20.89,24.4,25.17,28.54,37690,43450,50760,52360,59350,,
99,U.S.,1,US,611000,Educational Services,"3-digit, ownership",5,43-4131,Loan Interviewers and Clerks,detailed,180,5.6,,,0.01,~,23.78,49460,1,18.12,20.89,24.4,25.17,28.54,37690,43450,50760,52360,59350,,
99,U.S.,1,US,611000,Educational Services,"3-digit, ownership",5,43-4150,Order Clerks,broad,230,20.6,,,0.01,~,20.06,41720,4,15.79,17.21,20,22.97,25.14,32850,35800,41600,47780,52280,,
99,U.S.,1,US,611000,Educational Services,"3-digit, ownership",5,43-4151,Order Clerks,detailed,230,20.6,,,0.01,~,20.06,41720,4,15.79,17.21,20,22.97,25.14,32850,35800,41600,47780,52280,,
99,U.S.,1,US,611000,Educational Services,"3-digit, ownership",5,43-4160,"Human Resources Assistants, Except Payroll and Timekeeping",broad,1830,3,,,0.06,1,23.77,49440,0.8,16.73,19.95,23.18,27.06,31.65,34790,41490,48210,56290,65820,,
99,U.S.,1,US,611000,Educational Services,"3-digit, ownership",5,43-4161,"Human Resources Assistants, Except Payroll and Timekeeping",detailed,1830,3,,,0.06,1,23.77,49440,0.8,16.73,19.95,23.18,27.06,31.65,34790,41490,48210,56290,65820,,
99,U.S.,1,US,611000,Educational Services,"3-digit, ownership",5,43-4170,Receptionists and Information Clerks,broad,20520,3.9,,,0.63,9,17.8,37020,0.9,12.47,14.91,17.2,19.99,23.19,25950,31010,35770,41580,48240,,
99,U.S.,1,US,611000,Educational Services,"3-digit, ownership",5,43-4171,Receptionists and Information Clerks,detailed,20520,3.9,,,0.63,9,17.8,37020,0.9,12.47,14.91,17.2,19.99,23.19,25950,31010,35770,41580,48240,,
99,U.S.,1,US,611000,Educational Services,"3-digit, ownership",5,43-4190,Miscellaneous Information and Record Clerks,broad,9610,2.8,,,0.29,3,25.72,53500,0.9,17.02,20,24.26,29.78,36.3,35400,41590,50460,61940,75510,,
99,U.S.,1,US,611000,Educational Services,"3-digit, ownership",5,43-4199,"Information and Record Clerks, All Other",detailed,9610,2.8,,,0.29,3,25.72,53500,0.9,17.02,20,24.26,29.78,36.3,35400,41590,50460,61940,75510,,
99,U.S.,1,US,611000,Educational Services,"3-digit, ownership",5,43-5000,"Material Recording, Scheduling, Dispatching, and Distributing Workers",minor,7740,2.4,,,0.24,2,26.16,54410,0.6,16.91,19.81,24.06,31.57,38.23,35170,41210,50030,65670,79520,,
99,U.S.,1,US,611000,Educational Services,"3-digit, ownership",5,43-5020,Couriers and Messengers,broad,210,14.2,,,0.01,~,19.49,40550,4.8,13.77,14.31,18.55,21.86,26.39,28640,29750,38590,45480,54880,,
99,U.S.,1,US,611000,Educational Services,"3-digit, ownership",5,43-5021,Couriers and Messengers,detailed,210,14.2,,,0.01,~,19.49,40550,4.8,13.77,14.31,18.55,21.86,26.39,28640,29750,38590,45480,54880,,
99,U.S.,1,US,611000,Educational Services,"3-digit, ownership",5,43-5030,Dispatchers,broad,1960,2.6,,,0.06,~,21.93,45610,0.8,15.49,17.59,20.47,24.74,30.07,32210,36590,42580,51460,62550,,
99,U.S.,1,US,611000,Educational Services,"3-digit, ownership",5,43-5031,Public Safety Telecommunicators,detailed,790,1,,,0.02,~,22.26,46310,0.2,17,18.27,20.73,25.03,30.31,35350,38010,43130,52060,63050,,
99,U.S.,1,US,611000,Educational Services,"3-digit, ownership",5,43-5032,"Dispatchers, Except Police, Fire, and Ambulance",detailed,1170,4.4,,,0.04,~,21.7,45140,1.3,14.63,17.19,20.38,24.62,29.57,30420,35760,42380,51210,61500,,
99,U.S.,1,US,611000,Educational Services,"3-digit, ownership",5,43-5060,"Production, Planning, and Expediting Clerks",broad,4130,3.9,,,0.13,1,29.67,61710,1,20,22.68,29.36,35.1,41.6,41590,47180,61080,73000,86520,,
99,U.S.,1,US,611000,Educational Services,"3-digit, ownership",5,43-5061,"Production, Planning, and Expediting Clerks",detailed,4130,3.9,,,0.13,1,29.67,61710,1,20,22.68,29.36,35.1,41.6,41590,47180,61080,73000,86520,,
99,U.S.,1,US,611000,Educational Services,"3-digit, ownership",5,43-5070,"Shipping, Receiving, and Inventory Clerks",broad,1370,5.2,,,0.04,1,22.53,46860,2,15.08,17.75,21.59,26.42,31.79,31370,36920,44910,54940,66130,,
99,U.S.,1,US,611000,Educational Services,"3-digit, ownership",5,43-5071,"Shipping, Receiving, and Inventory Clerks",detailed,1370,5.2,,,0.04,1,22.53,46860,2,15.08,17.75,21.59,26.42,31.79,31370,36920,44910,54940,66130,,
99,U.S.,1,US,611000,Educational Services,"3-digit, ownership",5,43-5110,"Weighers, Measurers, Checkers, and Samplers, Recordkeeping",broad,50,15.5,,,0,~,24.56,51090,5.2,18.11,20.09,24.88,24.88,31.11,37660,41790,51760,51760,64710,,
99,U.S.,1,US,611000,Educational Services,"3-digit, ownership",5,43-5111,"Weighers, Measurers, Checkers, and Samplers, Recordkeeping",detailed,50,15.5,,,0,~,24.56,51090,5.2,18.11,20.09,24.88,24.88,31.11,37660,41790,51760,51760,64710,,
99,U.S.,1,US,611000,Educational Services,"3-digit, ownership",5,43-6000,Secretaries and Administrative Assistants,minor,108350,1,,,3.31,23,25.24,52510,0.3,16.56,19.14,23.56,29.56,36.31,34440,39800,49000,61490,75530,,
99,U.S.,1,US,611000,Educational Services,"3-digit, ownership",5,43-6010,Secretaries and Administrative Assistants,broad,108350,1,,,3.31,23,25.24,52510,0.3,16.56,19.14,23.56,29.56,36.31,34440,39800,49000,61490,75530,,
99,U.S.,1,US,611000,Educational Services,"3-digit, ownership",5,43-6011,Executive Secretaries and Executive Administrative Assistants,detailed,23870,1.6,,,0.73,6,33.36,69400,0.5,22.79,27.68,31.81,38.22,45.22,47410,57570,66170,79510,94070,,
99,U.S.,1,US,611000,Educational Services,"3-digit, ownership",5,43-6012,Legal Secretaries and Administrative Assistants,detailed,110,10.3,,,0,~,28.06,58360,2.4,19.45,22.91,27.57,32.12,37.75,40450,47650,57340,66810,78520,,
99,U.S.,1,US,611000,Educational Services,"3-digit, ownership",5,43-6013,Medical Secretaries and Administrative Assistants,detailed,5200,2.6,,,0.16,~,24.02,49970,0.4,19.37,20.37,23.38,25.59,30.51,40300,42380,48630,53230,63450,,
99,U.S.,1,US,611000,Educational Services,"3-digit, ownership",5,43-6014,"Secretaries and Administrative Assistants, Except Legal, Medical, and Executive",detailed,79180,1.2,,,2.42,20,22.87,47570,0.3,15.41,18.14,22.42,26.57,30.56,32060,37730,46630,55270,63560,,
99,U.S.,1,US,611000,Educational Services,"3-digit, ownership",5,43-9000,Other Office and Administrative Support Workers,minor,101250,1.5,,,3.09,23,19.86,41310,0.5,12.76,15.65,18.2,23.1,28.64,26540,32550,37860,48050,59570,,
99,U.S.,1,US,611000,Educational Services,"3-digit, ownership",5,43-9020,Data Entry and Information Processing Workers,broad,1750,12.9,,,0.05,1,19.78,41150,3.3,13.15,16.64,19.1,22.29,26.59,27360,34600,39720,46370,55310,,
99,U.S.,1,US,611000,Educational Services,"3-digit, ownership",5,43-9021,Data Entry Keyers,detailed,1680,13.5,,,0.05,1,19.67,40910,3.4,13.15,16.54,18.99,22.13,26.04,27360,34400,39490,46020,54170,,
99,U.S.,1,US,611000,Educational Services,"3-digit, ownership",5,43-9022,Word Processors and Typists,detailed,70,23.2,,,0,~,22.39,46570,6.7,16.75,18.54,21.78,26.59,29.06,34830,38560,45300,55310,60440,,
99,U.S.,1,US,611000,Educational Services,"3-digit, ownership",5,43-9030,Desktop Publishers,broad,140,12.9,,,0,~,28.02,58270,4.5,21.09,22.73,25.32,31.86,37.62,43870,47280,52660,66270,78250,,
99,U.S.,1,US,611000,Educational Services,"3-digit, ownership",5,43-9031,Desktop Publishers,detailed,140,12.9,,,0,~,28.02,58270,4.5,21.09,22.73,25.32,31.86,37.62,43870,47280,52660,66270,78250,,
99,U.S.,1,US,611000,Educational Services,"3-digit, ownership",5,43-9040,Insurance Claims and Policy Processing Clerks,broad,390,35.2,,,0.01,~,24.85,51690,8.1,17.72,17.72,21.95,31.83,37.29,36860,36860,45650,66200,77560,,
99,U.S.,1,US,611000,Educational Services,"3-digit, ownership",5,43-9041,Insurance Claims and Policy Processing Clerks,detailed,390,35.2,,,0.01,~,24.85,51690,8.1,17.72,17.72,21.95,31.83,37.29,36860,36860,45650,66200,77560,,
99,U.S.,1,US,611000,Educational Services,"3-digit, ownership",5,43-9050,"Mail Clerks and Mail Machine Operators, Except Postal Service",broad,2610,1.9,,,0.08,1,18.94,39400,0.4,14,15,18.23,21.33,25.25,29120,31200,37930,44370,52510,,
99,U.S.,1,US,611000,Educational Services,"3-digit, ownership",5,43-9051,"Mail Clerks and Mail Machine Operators, Except Postal Service",detailed,2610,1.9,,,0.08,1,18.94,39400,0.4,14,15,18.23,21.33,25.25,29120,31200,37930,44370,52510,,
99,U.S.,1,US,611000,Educational Services,"3-digit, ownership",5,43-9060,"Office Clerks, General",broad,85140,1.6,,,2.6,21,19.63,40840,0.5,12.58,15.55,17.93,23,28.3,26160,32340,37290,47850,58860,,
99,U.S.,1,US,611000,Educational Services,"3-digit, ownership",5,43-9061,"Office Clerks, General",detailed,85140,1.6,,,2.6,21,19.63,40840,0.5,12.58,15.55,17.93,23,28.3,26160,32340,37290,47850,58860,,
99,U.S.,1,US,611000,Educational Services,"3-digit, ownership",5,43-9070,"Office Machine Operators, Except Computer",broad,590,7.1,,,0.02,~,21.22,44140,2.5,15.03,17.38,18.86,24.32,30.38,31250,36150,39220,50590,63190,,
99,U.S.,1,US,611000,Educational Services,"3-digit, ownership",5,43-9071,"Office Machine Operators, Except Computer",detailed,590,7.1,,,0.02,~,21.22,44140,2.5,15.03,17.38,18.86,24.32,30.38,31250,36150,39220,50590,63190,,
99,U.S.,1,US,611000,Educational Services,"3-digit, ownership",5,43-9080,Proofreaders and Copy Markers,broad,200,15.2,,,0.01,~,28.19,58640,5.2,17.75,21.72,26.75,35.35,39.53,36910,45180,55640,73520,82230,,
99,U.S.,1,US,611000,Educational Services,"3-digit, ownership",5,43-9081,Proofreaders and Copy Markers,detailed,200,15.2,,,0.01,~,28.19,58640,5.2,17.75,21.72,26.75,35.35,39.53,36910,45180,55640,73520,82230,,
99,U.S.,1,US,611000,Educational Services,"3-digit, ownership",5,43-9110,Statistical Assistants,broad,580,0.6,,,0.02,~,25.61,53280,0.2,18.34,22.11,22.31,28.42,37.17,38150,45990,46400,59110,77310,,
99,U.S.,1,US,611000,Educational Services,"3-digit, ownership",5,43-9111,Statistical Assistants,detailed,580,0.6,,,0.02,~,25.61,53280,0.2,18.34,22.11,22.31,28.42,37.17,38150,45990,46400,59110,77310,,
99,U.S.,1,US,611000,Educational Services,"3-digit, ownership",5,43-9190,Miscellaneous Office and Administrative Support Workers,broad,9850,5.9,,,0.3,2,21.18,44050,1.1,14,15.25,18.58,24.51,30.66,29120,31710,38650,50980,63770,,
99,U.S.,1,US,611000,Educational Services,"3-digit, ownership",5,43-9199,"Office and Administrative Support Workers, All Other",detailed,9850,5.9,,,0.3,2,21.18,44050,1.1,14,15.25,18.58,24.51,30.66,29120,31710,38650,50980,63770,,
99,U.S.,1,US,611000,Educational Services,"3-digit, ownership",5,45-0000,"Farming, Fishing, and Forestry Occupations",major,1420,15.4,,,0.04,1,20.26,42150,5.3,12.08,15,20,25.77,26.06,25120,31200,41600,53610,54200,,
99,U.S.,1,US,611000,Educational Services,"3-digit, ownership",5,45-1000,"Supervisors of Farming, Fishing, and Forestry Workers",minor,500,12.4,,,0.02,~,26.03,54150,7.2,20.31,25.77,25.77,25.77,32.77,42240,53610,53610,53610,68160,,
99,U.S.,1,US,611000,Educational Services,"3-digit, ownership",5,45-1010,"First-Line Supervisors of Farming, Fishing, and Forestry Workers",broad,500,12.4,,,0.02,~,26.03,54150,7.2,20.31,25.77,25.77,25.77,32.77,42240,53610,53610,53610,68160,,
99,U.S.,1,US,611000,Educational Services,"3-digit, ownership",5,45-1011,"First-Line Supervisors of Farming, Fishing, and Forestry Workers",detailed,500,12.4,,,0.02,~,26.03,54150,7.2,20.31,25.77,25.77,25.77,32.77,42240,53610,53610,53610,68160,,
99,U.S.,1,US,611000,Educational Services,"3-digit, ownership",5,45-2000,Agricultural Workers,minor,900,19.7,,,0.03,~,17.05,35470,5.3,12,12.44,16.22,20.73,23.45,24960,25880,33730,43120,48770,,
99,U.S.,1,US,611000,Educational Services,"3-digit, ownership",5,45-2090,Miscellaneous Agricultural Workers,broad,890,19.8,,,0.03,~,17.01,35380,5.3,12,12.44,16.22,20.59,23.32,24960,25880,33730,42820,48500,,
99,U.S.,1,US,611000,Educational Services,"3-digit, ownership",5,45-2092,"Farmworkers and Laborers, Crop, Nursery, and Greenhouse",detailed,590,23.3,,,0.02,~,16.31,33920,8,12,12.18,15,19.5,23.45,24960,25330,31200,40560,48770,,
99,U.S.,1,US,611000,Educational Services,"3-digit, ownership",5,45-2093,"Farmworkers, Farm, Ranch, and Aquacultural Animals",detailed,290,43.5,,,0.01,~,18.46,38400,5.3,14.12,15.5,18.23,22.57,22.87,29370,32250,37920,46950,47560,,
99,U.S.,1,US,611000,Educational Services,"3-digit, ownership",5,47-0000,Construction and Extraction Occupations,major,7250,2.7,,,0.22,1,32.85,68330,0.7,19.95,24.91,31.42,38.9,46.37,41500,51810,65350,80920,96440,,
99,U.S.,1,US,611000,Educational Services,"3-digit, ownership",5,47-1000,Supervisors of Construction and Extraction Workers,minor,640,4.1,,,0.02,~,43.26,89980,0.9,29.3,34.49,40.66,50.71,63.19,60930,71750,84570,105470,131440,,
99,U.S.,1,US,611000,Educational Services,"3-digit, ownership",5,47-1010,First-Line Supervisors of Construction Trades and Extraction Workers,broad,640,4.1,,,0.02,~,43.26,89980,0.9,29.3,34.49,40.66,50.71,63.19,60930,71750,84570,105470,131440,,
99,U.S.,1,US,611000,Educational Services,"3-digit, ownership",5,47-1011,First-Line Supervisors of Construction Trades and Extraction Workers,detailed,640,4.1,,,0.02,~,43.26,89980,0.9,29.3,34.49,40.66,50.71,63.19,60930,71750,84570,105470,131440,,
99,U.S.,1,US,611000,Educational Services,"3-digit, ownership",5,47-2000,Construction Trades Workers,minor,6040,1.3,,,0.18,1,32.42,67420,0.5,20.56,25.02,31.37,38.22,45.63,42760,52050,65240,79500,94910,,
99,U.S.,1,US,611000,Educational Services,"3-digit, ownership",5,47-2030,Carpenters,broad,1580,2.2,,,0.05,~,30.56,63560,1,17.99,23.05,29.74,36.58,43.46,37420,47950,61870,76080,90400,,
99,U.S.,1,US,611000,Educational Services,"3-digit, ownership",5,47-2031,Carpenters,detailed,1580,2.2,,,0.05,~,30.56,63560,1,17.99,23.05,29.74,36.58,43.46,37420,47950,61870,76080,90400,,
99,U.S.,1,US,611000,Educational Services,"3-digit, ownership",5,47-2040,"Carpet, Floor, and Tile Installers and Finishers",broad,40,1.9,,,0,~,21.23,44150,0.9,18.32,18.75,18.75,22.01,22.93,38100,39000,39000,45790,47690,,
99,U.S.,1,US,611000,Educational Services,"3-digit, ownership",5,47-2050,"Cement Masons, Concrete Finishers, and Terrazzo Workers",broad,60,2.6,,,0,~,33.48,69640,3.2,18.11,27.08,36.25,38.22,46.92,37660,56320,75410,79490,97590,,
99,U.S.,1,US,611000,Educational Services,"3-digit, ownership",5,47-2051,Cement Masons and Concrete Finishers,detailed,60,2.6,,,0,~,33.48,69640,3.2,18.11,27.08,36.25,38.22,46.92,37660,56320,75410,79490,97590,,
99,U.S.,1,US,611000,Educational Services,"3-digit, ownership",5,47-2060,Construction Laborers,broad,140,13.2,,,0,~,23.71,49330,1.1,17.11,19.05,22.51,27.17,30.64,35580,39630,46810,56510,63720,,
99,U.S.,1,US,611000,Educational Services,"3-digit, ownership",5,47-2061,Construction Laborers,detailed,140,13.2,,,0,~,23.71,49330,1.1,17.11,19.05,22.51,27.17,30.64,35580,39630,46810,56510,63720,,
99,U.S.,1,US,611000,Educational Services,"3-digit, ownership",5,47-2070,Construction Equipment Operators,broad,90,2.8,,,0,~,34.11,70940,1,24.11,24.81,31.67,44.02,44.76,50150,51600,65880,91570,93090,,
99,U.S.,1,US,611000,Educational Services,"3-digit, ownership",5,47-2073,Operating Engineers and Other Construction Equipment Operators,detailed,90,2.8,,,0,~,34.11,70940,1,24.11,24.81,31.67,44.02,44.76,50150,51600,65880,91570,93090,,
99,U.S.,1,US,611000,Educational Services,"3-digit, ownership",5,47-2110,Electricians,broad,1850,2,,,0.06,~,34.72,72220,0.6,23.5,28.85,34.09,39.99,46.5,48880,60000,70910,83180,96710,,
99,U.S.,1,US,611000,Educational Services,"3-digit, ownership",5,47-2111,Electricians,detailed,1850,2,,,0.06,~,34.72,72220,0.6,23.5,28.85,34.09,39.99,46.5,48880,60000,70910,83180,96710,,
99,U.S.,1,US,611000,Educational Services,"3-digit, ownership",5,47-2140,Painters and Paperhangers,broad,870,1.3,,,0.03,~,29.6,61570,0.4,19.31,22.82,28.6,35.47,40.77,40170,47460,59490,73780,84790,,
99,U.S.,1,US,611000,Educational Services,"3-digit, ownership",5,47-2141,"Painters, Construction and Maintenance",detailed,870,1.3,,,0.03,~,29.6,61570,0.4,19.31,22.82,28.6,35.47,40.77,40170,47460,59490,73780,84790,,
99,U.S.,1,US,611000,Educational Services,"3-digit, ownership",5,47-2150,"Pipelayers, Plumbers, Pipefitters, and Steamfitters",broad,1280,2.2,,,0.04,~,34.4,71560,0.9,23.2,27.65,33.26,40.56,46.25,48260,57500,69180,84360,96190,,
99,U.S.,1,US,611000,Educational Services,"3-digit, ownership",5,47-2152,"Plumbers, Pipefitters, and Steamfitters",detailed,1280,2.2,,,0.04,~,34.41,71570,0.9,23.2,27.65,33.26,40.56,46.25,48260,57500,69180,84360,96190,,
99,U.S.,1,US,611000,Educational Services,"3-digit, ownership",5,47-2180,Roofers,broad,40,0.6,,,0,~,33.86,70440,2.1,20.36,27.25,32.71,40.3,47.56,42360,56680,68040,83820,98910,,
99,U.S.,1,US,611000,Educational Services,"3-digit, ownership",5,47-2181,Roofers,detailed,40,0.6,,,0,~,33.86,70440,2.1,20.36,27.25,32.71,40.3,47.56,42360,56680,68040,83820,98910,,
99,U.S.,1,US,611000,Educational Services,"3-digit, ownership",5,47-2210,Sheet Metal Workers,broad,40,41.4,,,0,~,29.52,61400,6.2,21.71,21.91,30.04,34.22,37.88,45160,45570,62470,71180,78790,,
99,U.S.,1,US,611000,Educational Services,"3-digit, ownership",5,47-2211,Sheet Metal Workers,detailed,40,41.4,,,0,~,29.52,61400,6.2,21.71,21.91,30.04,34.22,37.88,45160,45570,62470,71180,78790,,
99,U.S.,1,US,611000,Educational Services,"3-digit, ownership",5,47-3000,"Helpers, Construction Trades",minor,110,4.3,,,0,~,19.25,40040,1.2,14.01,14.01,16.17,22.56,30.47,29130,29130,33620,46920,63380,,
99,U.S.,1,US,611000,Educational Services,"3-digit, ownership",5,47-3010,"Helpers, Construction Trades",broad,110,4.3,,,0,~,19.25,40040,1.2,14.01,14.01,16.17,22.56,30.47,29130,29130,33620,46920,63380,,
99,U.S.,1,US,611000,Educational Services,"3-digit, ownership",5,47-3019,"Helpers, Construction Trades, All Other",detailed,60,7.7,,,0,~,16.95,35260,3,14.01,14.01,14.01,17.78,29.25,29130,29130,29130,36980,60840,,
99,U.S.,1,US,611000,Educational Services,"3-digit, ownership",5,47-4000,Other Construction and Related Workers,minor,230,21.1,,,0.01,~,28.02,58290,11.7,12,18.24,24.92,32.59,45.13,24960,37940,51830,67780,93860,,
99,U.S.,1,US,611000,Educational Services,"3-digit, ownership",5,47-4010,Construction and Building Inspectors,broad,70,13.7,,,0,~,31.47,65460,29.2,12,12,25.94,38.75,49.08,24960,24960,53950,80600,102080,,
99,U.S.,1,US,611000,Educational Services,"3-digit, ownership",5,47-4011,Construction and Building Inspectors,detailed,70,13.7,,,0,~,31.47,65460,29.2,12,12,25.94,38.75,49.08,24960,24960,53950,80600,102080,,
99,U.S.,1,US,611000,Educational Services,"3-digit, ownership",5,47-4090,Miscellaneous Construction and Related Workers,broad,130,37.1,,,0,~,25.27,52560,4.1,18,18.24,24.92,31.02,34.35,37440,37940,51830,64520,71440,,
99,U.S.,1,US,611000,Educational Services,"3-digit, ownership",5,47-4090,Miscellaneous Construction and Related Workers,detailed,130,37.1,,,0,~,25.27,52560,4.1,18,18.24,24.92,31.02,34.35,37440,37940,51830,64520,71440,,
99,U.S.,1,US,611000,Educational Services,"3-digit, ownership",5,49-0000,"Installation, Maintenance, and Repair Occupations",major,38420,1.6,,,1.17,9,27.72,57660,0.5,16.29,19.8,25.52,33.72,41.27,33890,41180,53090,70140,85850,,
99,U.S.,1,US,611000,Educational Services,"3-digit, ownership",5,49-1000,"Supervisors of Installation, Maintenance, and Repair Workers",minor,4350,2.7,,,0.13,2,37.42,77830,0.8,22.8,29.15,36.7,44.05,52.97,47410,60630,76330,91630,110180,,
99,U.S.,1,US,611000,Educational Services,"3-digit, ownership",5,49-1010,"First-Line Supervisors of Mechanics, Installers, and Repairers",broad,4350,2.7,,,0.13,2,37.42,77830,0.8,22.8,29.15,36.7,44.05,52.97,47410,60630,76330,91630,110180,,
99,U.S.,1,US,611000,Educational Services,"3-digit, ownership",5,49-1011,"First-Line Supervisors of Mechanics, Installers, and Repairers",detailed,4350,2.7,,,0.13,2,37.42,77830,0.8,22.8,29.15,36.7,44.05,52.97,47410,60630,76330,91630,110180,,
99,U.S.,1,US,611000,Educational Services,"3-digit, ownership",5,49-2000,"Electrical and Electronic Equipment Mechanics, Installers, and Repairers",minor,620,9.6,,,0.02,~,32.99,68620,2,21,25.69,32.51,39.38,46.34,43680,53420,67620,81910,96380,,
99,U.S.,1,US,611000,Educational Services,"3-digit, ownership",5,49-2010,"Computer, Automated Teller, and Office Machine Repairers",broad,60,26.4,,,0,~,24.52,51010,7.4,17.57,19.74,21.91,28.7,35.89,36540,41070,45570,59690,74650,,
99,U.S.,1,US,611000,Educational Services,"3-digit, ownership",5,49-2011,"Computer, Automated Teller, and Office Machine Repairers",detailed,60,26.4,,,0,~,24.52,51010,7.4,17.57,19.74,21.91,28.7,35.89,36540,41070,45570,59690,74650,,
99,U.S.,1,US,611000,Educational Services,"3-digit, ownership",5,49-2020,Radio and Telecommunications Equipment Installers and Repairers,broad,100,5.4,,,0,~,32.14,66850,1,23.12,28.69,32.02,38.33,41.89,48080,59660,66590,79720,87120,,
99,U.S.,1,US,611000,Educational Services,"3-digit, ownership",5,49-2022,"Telecommunications Equipment Installers and Repairers, Except Line Installers",detailed,100,5.2,,,0,~,31.96,66470,1.1,22.31,28.69,32.02,38.33,41.89,46400,59660,66590,79720,87120,,
99,U.S.,1,US,611000,Educational Services,"3-digit, ownership",5,49-2090,"Miscellaneous Electrical and Electronic Equipment Mechanics, Installers, and Repairers",broad,460,12.2,,,0.01,~,34.27,71290,2.1,23.11,27.03,33.61,41.03,46.73,48060,56220,69910,85350,97190,,
99,U.S.,1,US,611000,Educational Services,"3-digit, ownership",5,49-2091,Avionics Technicians,detailed,160,23.1,,,0,~,34.23,71200,3.1,24.22,29.55,33.61,40.44,46.71,50380,61450,69910,84100,97160,,
99,U.S.,1,US,611000,Educational Services,"3-digit, ownership",5,49-2094,"Electrical and Electronics Repairers, Commercial and Industrial Equipment",detailed,180,23.4,,,0.01,~,36.63,76200,3.5,23.14,28.29,37.54,45.07,49.89,48130,58850,78090,93740,103780,,
99,U.S.,1,US,611000,Educational Services,"3-digit, ownership",5,49-2098,Security and Fire Alarm Systems Installers,detailed,70,1.5,,,0,~,32.01,66570,0.3,22.44,26.7,33.39,37.12,39.38,46670,55540,69440,77200,81910,,
99,U.S.,1,US,611000,Educational Services,"3-digit, ownership",5,49-3000,"Vehicle and Mobile Equipment Mechanics, Installers, and Repairers",minor,3680,5.3,,,0.11,1,29.64,61640,1.8,17.19,23.05,29.57,34.83,41.24,35760,47950,61500,72450,85790,,
99,U.S.,1,US,611000,Educational Services,"3-digit, ownership",5,49-3010,Aircraft Mechanics and Service Technicians,broad,2280,7.5,,,0.07,1,30.36,63150,2.5,17.48,23.48,29.64,36.24,42.79,36360,48830,61640,75380,88990,,
99,U.S.,1,US,611000,Educational Services,"3-digit, ownership",5,49-3011,Aircraft Mechanics and Service Technicians,detailed,2280,7.5,,,0.07,1,30.36,63150,2.5,17.48,23.48,29.64,36.24,42.79,36360,48830,61640,75380,88990,,
99,U.S.,1,US,611000,Educational Services,"3-digit, ownership",5,49-3020,Automotive Technicians and Repairers,broad,640,9.4,,,0.02,~,26.37,54850,3.2,15,18.87,26.47,32.65,36.29,31200,39250,55050,67920,75480,,
99,U.S.,1,US,611000,Educational Services,"3-digit, ownership",5,49-3023,Automotive Service Technicians and Mechanics,detailed,640,9.4,,,0.02,~,26.37,54850,3.2,15,18.87,26.47,32.65,36.29,31200,39250,55050,67920,75480,,
99,U.S.,1,US,611000,Educational Services,"3-digit, ownership",5,49-3030,Bus and Truck Mechanics and Diesel Engine Specialists,broad,360,10.8,,,0.01,~,29.01,60340,2.8,19.58,23.74,27.14,33.53,40.88,40720,49370,56450,69730,85030,,
99,U.S.,1,US,611000,Educational Services,"3-digit, ownership",5,49-3031,Bus and Truck Mechanics and Diesel Engine Specialists,detailed,360,10.8,,,0.01,~,29.01,60340,2.8,19.58,23.74,27.14,33.53,40.88,40720,49370,56450,69730,85030,,
99,U.S.,1,US,611000,Educational Services,"3-digit, ownership",5,49-3040,Heavy Vehicle and Mobile Equipment Service Technicians and Mechanics,broad,120,24.6,,,0,~,35,72800,5.9,23.83,29.59,30.87,39.55,50.27,49570,61550,64200,82270,104560,,
99,U.S.,1,US,611000,Educational Services,"3-digit, ownership",5,49-3042,"Mobile Heavy Equipment Mechanics, Except Engines",detailed,110,26,,,0,~,35.43,73690,6.1,25.46,29.59,30.87,39.55,50.27,52950,61550,64210,82270,104560,,
99,U.S.,1,US,611000,Educational Services,"3-digit, ownership",5,49-3050,Small Engine Mechanics,broad,260,18.9,,,0.01,~,31.48,65480,4.4,22.9,29.08,33.66,33.66,33.66,47620,60490,70000,70000,70000,,
99,U.S.,1,US,611000,Educational Services,"3-digit, ownership",5,49-3051,Motorboat Mechanics and Service Technicians,detailed,190,25.8,,,0.01,~,32.2,66970,7.5,25.09,30.41,33.66,33.66,33.66,52200,63250,70000,70000,70000,,
99,U.S.,1,US,611000,Educational Services,"3-digit, ownership",5,49-3053,Outdoor Power Equipment and Other Small Engine Mechanics,detailed,60,11,,,0,~,29.32,60990,1.3,20.86,23.41,27.98,31.74,49.97,43390,48700,58190,66020,103930,,
99,U.S.,1,US,611000,Educational Services,"3-digit, ownership",5,49-9000,"Other Installation, Maintenance, and Repair Occupations",minor,29780,1.7,,,0.91,8,25.96,54000,0.6,15.54,18.7,23.63,30.75,38.32,32310,38900,49150,63960,79700,,
99,U.S.,1,US,611000,Educational Services,"3-digit, ownership",5,49-9020,"Heating, Air Conditioning, and Refrigeration Mechanics and Installers",broad,1990,1.1,,,0.06,~,33.17,69000,0.2,22.42,26.54,31.43,38.52,47.54,46630,55200,65370,80120,98870,,
99,U.S.,1,US,611000,Educational Services,"3-digit, ownership",5,49-9021,"Heating, Air Conditioning, and Refrigeration Mechanics and Installers",detailed,1990,1.1,,,0.06,~,33.17,69000,0.2,22.42,26.54,31.43,38.52,47.54,46630,55200,65370,80120,98870,,
99,U.S.,1,US,611000,Educational Services,"3-digit, ownership",5,49-9040,"Industrial Machinery Installation, Repair, and Maintenance Workers",broad,250,4.4,,,0.01,~,33.47,69610,0.9,20.75,25.02,33.14,38.51,49.97,43170,52040,68920,80100,103930,,
99,U.S.,1,US,611000,Educational Services,"3-digit, ownership",5,49-9041,Industrial Machinery Mechanics,detailed,130,9.4,,,0,~,32.15,66870,2.2,21.78,25.47,30.39,37.44,43.25,45310,52970,63210,77880,89960,,
99,U.S.,1,US,611000,Educational Services,"3-digit, ownership",5,49-9043,"Maintenance Workers, Machinery",detailed,120,2.6,,,0,~,34.7,72180,0.8,19.19,24.42,36.06,44.66,49.97,39910,50780,75000,92890,103930,,
99,U.S.,1,US,611000,Educational Services,"3-digit, ownership",5,49-9060,Precision Instrument and Equipment Repairers,broad,220,3.1,,,0.01,~,32.93,68490,0.4,22.9,27.56,31.87,37.7,42.58,47620,57320,66280,78410,88570,,
99,U.S.,1,US,611000,Educational Services,"3-digit, ownership",5,49-9062,Medical Equipment Repairers,detailed,80,4.5,,,0,~,33.33,69330,1.5,23.28,29.22,31.87,37.41,42.58,48410,60780,66280,77820,88570,,
99,U.S.,1,US,611000,Educational Services,"3-digit, ownership",5,49-9063,Musical Instrument Repairers and Tuners,detailed,100,3.4,,,0,~,33.02,68680,0.6,23.02,27.56,31.57,37.81,42.11,47890,57320,65660,78640,87600,,
99,U.S.,1,US,611000,Educational Services,"3-digit, ownership",5,49-9069,"Precision Instrument and Equipment Repairers, All Other",detailed,30,0.8,,,0,~,32.36,67320,0.3,22.61,25.67,32.56,35.35,40.99,47040,53390,67720,73520,85260,,
99,U.S.,1,US,611000,Educational Services,"3-digit, ownership",5,49-9070,"Maintenance and Repair Workers, General",broad,25720,1.9,,,0.79,8,25.25,52520,0.7,15.19,18.41,23.18,29.84,37.64,31600,38300,48200,62070,78300,,
99,U.S.,1,US,611000,Educational Services,"3-digit, ownership",5,49-9071,"Maintenance and Repair Workers, General",detailed,25720,1.9,,,0.79,8,25.25,52520,0.7,15.19,18.41,23.18,29.84,37.64,31600,38300,48200,62070,78300,,
99,U.S.,1,US,611000,Educational Services,"3-digit, ownership",5,49-9090,"Miscellaneous Installation, Maintenance, and Repair Workers",broad,1540,7.9,,,0.05,1,25.94,53950,2.4,14.64,18.36,23.51,31.98,38.51,30450,38180,48890,66520,80090,,
99,U.S.,1,US,611000,Educational Services,"3-digit, ownership",5,49-9094,Locksmiths and Safe Repairers,detailed,460,0.8,,,0.01,~,30.69,63830,0.2,20.09,23.51,29.52,36.12,43.61,41780,48890,61400,75130,90700,,
99,U.S.,1,US,611000,Educational Services,"3-digit, ownership",5,49-9096,Riggers,detailed,80,44.9,,,0,~,32.59,67780,8.8,22.08,24.89,35.71,36.97,36.97,45920,51770,74280,76890,76890,,
99,U.S.,1,US,611000,Educational Services,"3-digit, ownership",5,49-9098,"Helpers--Installation, Maintenance, and Repair Workers",detailed,390,10.9,,,0.01,~,18.28,38010,1.2,11.29,14.47,18.73,21.4,24.27,23480,30090,38960,44520,50470,,
99,U.S.,1,US,611000,Educational Services,"3-digit, ownership",5,49-9099,"Installation, Maintenance, and Repair Workers, All Other",detailed,550,17.2,,,0.02,~,27.21,56600,5.6,17.61,18.03,25.06,30.99,42.13,36640,37510,52120,64460,87630,,
99,U.S.,1,US,611000,Educational Services,"3-digit, ownership",5,51-0000,Production Occupations,major,4080,8,,,0.12,1,30.16,62730,2.5,16.82,20.68,27.5,37.31,47.64,34990,43010,57200,77600,99080,,
99,U.S.,1,US,611000,Educational Services,"3-digit, ownership",5,51-1000,Supervisors of Production Workers,minor,350,12.7,,,0.01,~,38.33,79730,5.3,21.94,26.16,35.2,46.26,62.55,45640,54410,73220,96220,130090,,
99,U.S.,1,US,611000,Educational Services,"3-digit, ownership",5,51-1010,First-Line Supervisors of Production and Operating Workers,broad,350,12.7,,,0.01,~,38.33,79730,5.3,21.94,26.16,35.2,46.26,62.55,45640,54410,73220,96220,130090,,
99,U.S.,1,US,611000,Educational Services,"3-digit, ownership",5,51-1011,First-Line Supervisors of Production and Operating Workers,detailed,350,12.7,,,0.01,~,38.33,79730,5.3,21.94,26.16,35.2,46.26,62.55,45640,54410,73220,96220,130090,,
99,U.S.,1,US,611000,Educational Services,"3-digit, ownership",5,51-2000,Assemblers and Fabricators,minor,310,24.6,,,0.01,~,22.54,46890,6.5,13.13,16.96,22.67,25.54,34.99,27310,35270,47150,53110,72780,,
99,U.S.,1,US,611000,Educational Services,"3-digit, ownership",5,51-2010,"Aircraft Structure, Surfaces, Rigging, and Systems Assemblers",broad,90,45.4,,,0,~,25.38,52780,12.6,16.96,23.32,23.92,25.54,34.99,35270,48500,49750,53110,72780,,
99,U.S.,1,US,611000,Educational Services,"3-digit, ownership",5,51-2011,"Aircraft Structure, Surfaces, Rigging, and Systems Assemblers",detailed,90,45.4,,,0,~,25.38,52780,12.6,16.96,23.32,23.92,25.54,34.99,35270,48500,49750,53110,72780,,
99,U.S.,1,US,611000,Educational Services,"3-digit, ownership",5,51-2090,Miscellaneous Assemblers and Fabricators,broad,200,32.1,,,0.01,~,21.48,44670,9.3,13.13,16.55,19.39,23.76,37.04,27310,34430,40320,49420,77050,,
99,U.S.,1,US,611000,Educational Services,"3-digit, ownership",5,51-2090,Miscellaneous Assemblers and Fabricators,detailed,200,32.1,,,0.01,~,21.48,44670,9.3,13.13,16.55,19.39,23.76,37.04,27310,34430,40320,49420,77050,,
99,U.S.,1,US,611000,Educational Services,"3-digit, ownership",5,51-3000,Food Processing Workers,minor,290,8.3,,,0.01,~,21.46,44640,1.5,16.04,17.18,20.11,23.66,29.27,33360,35730,41840,49220,60880,,
99,U.S.,1,US,611000,Educational Services,"3-digit, ownership",5,51-3010,Bakers,broad,270,4.4,,,0.01,~,21.46,44630,0.8,16.12,17.24,20.38,23.66,29.12,33530,35860,42390,49220,60570,,
99,U.S.,1,US,611000,Educational Services,"3-digit, ownership",5,51-3011,Bakers,detailed,270,4.4,,,0.01,~,21.46,44630,0.8,16.12,17.24,20.38,23.66,29.12,33530,35860,42390,49220,60570,,
99,U.S.,1,US,611000,Educational Services,"3-digit, ownership",5,51-4000,Metal Workers and Plastic Workers,minor,230,9.4,,,0.01,~,31.24,64970,3.2,17.7,22.74,30.76,37.42,47.09,36810,47310,63980,77840,97940,,
99,U.S.,1,US,611000,Educational Services,"3-digit, ownership",5,51-4040,Machinists,broad,140,2.6,,,0,~,34.68,72140,0.5,23.9,28.31,34.76,40.45,47.64,49720,58870,72300,84140,99080,,
99,U.S.,1,US,611000,Educational Services,"3-digit, ownership",5,51-4041,Machinists,detailed,140,2.6,,,0,~,34.68,72140,0.5,23.9,28.31,34.76,40.45,47.64,49720,58870,72300,84140,99080,,
99,U.S.,1,US,611000,Educational Services,"3-digit, ownership",5,51-4120,"Welding, Soldering, and Brazing Workers",broad,80,25.4,,,0,~,25.35,52730,6.5,14.1,17.7,22.55,27.57,41.42,29340,36810,46900,57350,86150,,
99,U.S.,1,US,611000,Educational Services,"3-digit, ownership",5,51-4121,"Welders, Cutters, Solderers, and Brazers",detailed,60,24.1,,,0,~,26.08,54250,5.2,16.98,20.91,22.55,29.91,41.42,35320,43490,46900,62220,86150,,
99,U.S.,1,US,611000,Educational Services,"3-digit, ownership",5,51-5100,Printing Workers,minor,500,4.9,,,0.02,~,23.8,49500,1.3,17.04,20.58,22.43,26.98,31.31,35450,42810,46660,56120,65120,,
99,U.S.,1,US,611000,Educational Services,"3-digit, ownership",5,51-5110,Printing Workers,broad,500,4.9,,,0.02,~,23.8,49500,1.3,17.04,20.58,22.43,26.98,31.31,35450,42810,46660,56120,65120,,
99,U.S.,1,US,611000,Educational Services,"3-digit, ownership",5,51-5111,Prepress Technicians and Workers,detailed,50,28.3,,,0,~,28.19,58630,7.6,12.89,18.2,27.47,35.14,42.13,26820,37850,57130,73080,87630,,
99,U.S.,1,US,611000,Educational Services,"3-digit, ownership",5,51-5112,Printing Press Operators,detailed,430,5.6,,,0.01,~,23.18,48220,1,17.15,20.6,22.39,25.55,29.32,35670,42850,46580,53140,60990,,
99,U.S.,1,US,611000,Educational Services,"3-digit, ownership",5,51-6000,"Textile, Apparel, and Furnishings Workers",minor,220,9.2,,,0.01,~,18.95,39420,1.8,13.77,15.95,19.6,21.25,24.91,28640,33180,40770,44210,51810,,
99,U.S.,1,US,611000,Educational Services,"3-digit, ownership",5,51-6010,Laundry and Dry-Cleaning Workers,broad,120,10.2,,,0,~,17.33,36040,2.1,11.95,14.86,16.48,19.79,23.46,24860,30920,34270,41170,48800,,
99,U.S.,1,US,611000,Educational Services,"3-digit, ownership",5,51-6011,Laundry and Dry-Cleaning Workers,detailed,120,10.2,,,0,~,17.33,36040,2.1,11.95,14.86,16.48,19.79,23.46,24860,30920,34270,41170,48800,,
99,U.S.,1,US,611000,Educational Services,"3-digit, ownership",5,51-6030,Sewing Machine Operators,broad,60,28.1,,,0,~,19.92,41430,2.3,13.5,18.76,19.7,21.67,24.91,28070,39020,40970,45070,51810,,
99,U.S.,1,US,611000,Educational Services,"3-digit, ownership",5,51-6031,Sewing Machine Operators,detailed,60,28.1,,,0,~,19.92,41430,2.3,13.5,18.76,19.7,21.67,24.91,28070,39020,40970,45070,51810,,
99,U.S.,1,US,611000,Educational Services,"3-digit, ownership",5,51-6050,"Tailors, Dressmakers, and Sewers",broad,40,18.7,,,0,~,21.89,45520,3.7,16.92,19.45,20.29,25.16,27.23,35200,40450,42200,52330,56640,,
99,U.S.,1,US,611000,Educational Services,"3-digit, ownership",5,51-6052,"Tailors, Dressmakers, and Custom Sewers",detailed,30,20,,,0,~,21.83,45400,4.2,16.92,19.6,20.29,25.98,27.23,35200,40770,42200,54040,56640,,
99,U.S.,1,US,611000,Educational Services,"3-digit, ownership",5,51-8000,Plant and System Operators,minor,1300,11.1,,,0.04,~,38.01,79070,4.1,21.08,29.29,37.31,46.62,52.79,43850,60930,77600,96970,109800,,
99,U.S.,1,US,611000,Educational Services,"3-digit, ownership",5,51-8010,"Power Plant Operators, Distributors, and Dispatchers",broad,60,11.3,,,0,~,36.62,76180,4.5,25.25,31.54,33.65,36.79,52,52520,65600,69980,76530,108150,,
99,U.S.,1,US,611000,Educational Services,"3-digit, ownership",5,51-8013,Power Plant Operators,detailed,50,13.5,,,0,~,37.61,78240,5.8,24.82,31.54,33.73,51.14,52,51630,65600,70160,106380,108150,,
99,U.S.,1,US,611000,Educational Services,"3-digit, ownership",5,51-8020,Stationary Engineers and Boiler Operators,broad,1190,12.1,,,0.04,~,38.47,80010,4.4,20.8,29.55,37.71,46.62,54.19,43260,61470,78440,96970,112720,,
99,U.S.,1,US,611000,Educational Services,"3-digit, ownership",5,51-8021,Stationary Engineers and Boiler Operators,detailed,1190,12.1,,,0.04,~,38.47,80010,4.4,20.8,29.55,37.71,46.62,54.19,43260,61470,78440,96970,112720,,
99,U.S.,1,US,611000,Educational Services,"3-digit, ownership",5,51-8030,Water and Wastewater Treatment Plant and System Operators,broad,50,3.5,,,0,~,28.89,60100,0.5,16.71,25.81,27.46,31.88,39.56,34750,53670,57120,66310,82280,,
99,U.S.,1,US,611000,Educational Services,"3-digit, ownership",5,51-8031,Water and Wastewater Treatment Plant and System Operators,detailed,50,3.5,,,0,~,28.89,60100,0.5,16.71,25.81,27.46,31.88,39.56,34750,53670,57120,66310,82280,,
99,U.S.,1,US,611000,Educational Services,"3-digit, ownership",5,51-9000,Other Production Occupations,minor,870,24.7,,,0.03,~,27,56160,3.6,17.29,20.11,26.36,31.12,40.19,35950,41820,54840,64730,83590,,
99,U.S.,1,US,611000,Educational Services,"3-digit, ownership",5,51-9010,"Chemical Processing Machine Setters, Operators, and Tenders",broad,**,**,,,**,**,35.84,74540,12.3,22.6,26.59,42.52,42.53,42.53,47000,55300,88450,88450,88450,,
99,U.S.,1,US,611000,Educational Services,"3-digit, ownership",5,51-9050,"Furnace, Kiln, Oven, Drier, and Kettle Operators and Tenders",broad,**,**,,,**,**,18.94,39400,8.7,17.06,18.17,18.36,20.11,20.71,35480,37790,38190,41820,43080,,
99,U.S.,1,US,611000,Educational Services,"3-digit, ownership",5,51-9051,"Furnace, Kiln, Oven, Drier, and Kettle Operators and Tenders",detailed,**,**,,,**,**,18.94,39400,8.7,17.06,18.17,18.36,20.11,20.71,35480,37790,38190,41820,43080,,
99,U.S.,1,US,611000,Educational Services,"3-digit, ownership",5,51-9060,"Inspectors, Testers, Sorters, Samplers, and Weighers",broad,330,49,,,0.01,~,26.59,55310,7.2,15.76,24.29,27.62,28.54,32.69,32790,50530,57450,59370,68000,,
99,U.S.,1,US,611000,Educational Services,"3-digit, ownership",5,51-9061,"Inspectors, Testers, Sorters, Samplers, and Weighers",detailed,330,49,,,0.01,~,26.59,55310,7.2,15.76,24.29,27.62,28.54,32.69,32790,50530,57450,59370,68000,,
99,U.S.,1,US,611000,Educational Services,"3-digit, ownership",5,51-9080,Dental and Ophthalmic Laboratory Technicians and Medical Appliance Technicians,broad,60,3.4,,,0,~,27.91,58060,1.2,22.61,23.61,26.78,31.1,35,47020,49100,55700,64690,72790,,
99,U.S.,1,US,611000,Educational Services,"3-digit, ownership",5,51-9150,Photographic Process Workers and Processing Machine Operators,broad,60,3,,,0,~,23.87,49640,0.7,18.99,22.04,22.63,27.12,28.73,39490,45850,47060,56410,59760,,
99,U.S.,1,US,611000,Educational Services,"3-digit, ownership",5,51-9151,Photographic Process Workers and Processing Machine Operators,detailed,60,3,,,0,~,23.87,49640,0.7,18.99,22.04,22.63,27.12,28.73,39490,45850,47060,56410,59760,,
99,U.S.,1,US,611000,Educational Services,"3-digit, ownership",5,51-9160,Computer Numerically Controlled Tool Operators and Programmers,broad,60,28.3,,,0,~,28.06,58370,12.9,18.95,18.95,28.91,36.63,36.79,39420,39420,60130,76200,76520,,
99,U.S.,1,US,611000,Educational Services,"3-digit, ownership",5,51-9161,Computer Numerically Controlled Tool Operators,detailed,60,29.3,,,0,~,27.18,56530,12.8,18.95,18.95,28.91,34.79,36.79,39420,39420,60130,72360,76520,,
99,U.S.,1,US,611000,Educational Services,"3-digit, ownership",5,51-9190,Miscellaneous Production Workers,broad,40,34.5,,,0,~,21.86,45470,7.3,13.49,17.64,19.58,23.81,33.9,28050,36680,40730,49520,70520,,
99,U.S.,1,US,611000,Educational Services,"3-digit, ownership",5,53-0000,Transportation and Material Moving Occupations,major,24880,3.1,,,0.76,6,28.22,58700,2.5,15,17.57,22.51,30.02,51.37,31200,36550,46810,62450,106840,,
99,U.S.,1,US,611000,Educational Services,"3-digit, ownership",5,53-1000,Supervisors of Transportation and Material Moving Workers,minor,840,5,,,0.03,~,29.96,62320,1.4,20.94,24.56,28.8,33.02,39.67,43550,51080,59910,68690,82510,,
99,U.S.,1,US,611000,Educational Services,"3-digit, ownership",5,53-1040,First-Line Supervisors of Transportation and Material Moving Workers,broad,840,5,,,0.03,~,29.96,62320,1.4,20.94,24.56,28.8,33.02,39.67,43550,51080,59910,68690,82510,,
99,U.S.,1,US,611000,Educational Services,"3-digit, ownership",5,53-1047,"First-Line Supervisors of Transportation and Material Moving Workers, Except Aircraft Cargo Handling Supervisors",detailed,840,5,,,0.03,~,29.96,62320,1.4,20.94,24.56,28.8,33.02,39.67,43550,51080,59910,68690,82510,,
99,U.S.,1,US,611000,Educational Services,"3-digit, ownership",5,53-2000,Air Transportation Workers,minor,6230,6.6,,,0.19,1,*,101120,4,*,*,*,*,*,44610,61350,84690,132740,169180,TRUE,
99,U.S.,1,US,611000,Educational Services,"3-digit, ownership",5,53-2010,Aircraft Pilots and Flight Engineers,broad,5940,6.8,,,0.18,1,*,103110,4,*,*,*,*,*,48670,62150,89460,134340,169520,TRUE,
99,U.S.,1,US,611000,Educational Services,"3-digit, ownership",5,53-2011,"Airline Pilots, Copilots, and Flight Engineers",detailed,500,24.9,,,0.02,~,*,99800,14.8,*,*,*,*,*,51490,55940,65000,160140,160140,TRUE,
99,U.S.,1,US,611000,Educational Services,"3-digit, ownership",5,53-2012,Commercial Pilots,detailed,5440,7.4,,,0.17,1,*,103410,4.2,*,*,*,*,*,48670,62790,91780,133120,171100,TRUE,
99,U.S.,1,US,611000,Educational Services,"3-digit, ownership",5,53-2020,Air Traffic Controllers and Airfield Operations Specialists,broad,290,34.9,,,0.01,~,28.81,59930,19.9,15.55,16.13,23.33,41.05,50.44,32340,33550,48520,85380,104920,,
99,U.S.,1,US,611000,Educational Services,"3-digit, ownership",5,53-2021,Air Traffic Controllers,detailed,120,40.4,,,0,~,31.84,66220,23.2,16.01,17.18,29.37,47.21,51.96,33300,35740,61100,98190,108070,,
99,U.S.,1,US,611000,Educational Services,"3-digit, ownership",5,53-2022,Airfield Operations Specialists,detailed,170,38.7,,,0.01,~,26.71,55570,20.4,15.55,15.55,21.03,38.9,41.43,32340,32340,43750,80920,86180,,
99,U.S.,1,US,611000,Educational Services,"3-digit, ownership",5,53-3000,Motor Vehicle Operators,minor,12450,4.3,,,0.38,4,21.23,44150,1.1,14.19,16.98,20.73,23.79,28.67,29520,35310,43130,49490,59640,,
99,U.S.,1,US,611000,Educational Services,"3-digit, ownership",5,53-3030,Driver/Sales Workers and Truck Drivers,broad,1150,23.9,,,0.04,~,22.66,47140,2.6,14.92,17.73,21.33,26.23,32.77,31040,36880,44370,54550,68170,,
99,U.S.,1,US,611000,Educational Services,"3-digit, ownership",5,53-3031,Driver/Sales Workers,detailed,30,7.5,,,0,~,16.38,34080,3,12.82,13.21,16.12,17.58,19.41,26660,27470,33530,36570,40360,,
99,U.S.,1,US,611000,Educational Services,"3-digit, ownership",5,53-3032,Heavy and Tractor-Trailer Truck Drivers,detailed,590,43.9,,,0.02,~,23.86,49630,4.5,17.73,18.39,23.01,26.63,31.03,36870,38260,47870,55380,64550,,
99,U.S.,1,US,611000,Educational Services,"3-digit, ownership",5,53-3033,Light Truck Drivers,detailed,520,13.8,,,0.02,~,21.69,45110,4.3,12.58,16.06,19.27,25.64,33.22,26170,33400,40080,53330,69090,,
99,U.S.,1,US,611000,Educational Services,"3-digit, ownership",5,53-3050,Passenger Vehicle Drivers,broad,11180,4,,,0.34,4,21.08,43850,1.2,14.1,16.86,20.73,23.71,28.42,29330,35070,43120,49310,59120,,
99,U.S.,1,US,611000,Educational Services,"3-digit, ownership",5,53-3051,"Bus Drivers, School",detailed,8590,4.6,,,0.26,3,21.75,45230,1.2,14.9,17.63,21.67,24.62,28.84,31000,36660,45070,51200,59990,,
99,U.S.,1,US,611000,Educational Services,"3-digit, ownership",5,53-3052,"Bus Drivers, Transit and Intercity",detailed,40,12.1,,,0,~,21.93,45610,2,13.73,20.22,22.42,25.75,28.02,28550,42050,46640,53560,58280,,
99,U.S.,1,US,611000,Educational Services,"3-digit, ownership",5,53-3053,Shuttle Drivers and Chauffeurs,detailed,2550,9.8,,,0.08,1,18.84,39190,2.3,12.97,15.19,17.73,20.83,25.32,26980,31590,36880,43330,52670,,
99,U.S.,1,US,611000,Educational Services,"3-digit, ownership",5,53-3090,Miscellaneous Motor Vehicle Operators,broad,120,9,,,0,~,20.92,43500,1.8,18,18.5,20.4,22.43,24.51,37450,38480,42420,46660,50970,,
99,U.S.,1,US,611000,Educational Services,"3-digit, ownership",5,53-3099,"Motor Vehicle Operators, All Other",detailed,120,9,,,0,~,20.92,43500,1.8,18,18.5,20.4,22.43,24.51,37450,38480,42420,46660,50970,,
99,U.S.,1,US,611000,Educational Services,"3-digit, ownership",5,53-5000,Water Transportation Workers,minor,300,24.4,,,0.01,~,29.76,61890,5.4,17.13,25.46,29.1,32.34,38.97,35620,52950,60520,67270,81050,,
99,U.S.,1,US,611000,Educational Services,"3-digit, ownership",5,53-5020,Ship and Boat Captains and Operators,broad,260,27.8,,,0.01,~,29.23,60800,5.8,21.87,25.78,29.07,32.34,38.97,45490,53610,60460,67270,81050,,
99,U.S.,1,US,611000,Educational Services,"3-digit, ownership",5,53-5021,"Captains, Mates, and Pilots of Water Vessels",detailed,210,32.6,,,0.01,~,29.34,61030,7,21.87,24.5,29.88,34.17,38.97,45490,50960,62140,71080,81050,,
99,U.S.,1,US,611000,Educational Services,"3-digit, ownership",5,53-5022,Motorboat Operators,detailed,60,46,,,0,~,28.84,59980,2.7,25.78,27.31,28.33,30.33,32.34,53610,56810,58920,63080,67270,,
99,U.S.,1,US,611000,Educational Services,"3-digit, ownership",5,53-6000,Other Transportation Workers,minor,680,7.1,,,0.02,~,18.35,38180,1.8,12.88,15.45,17.36,20.93,23.75,26780,32140,36110,43540,49400,,
99,U.S.,1,US,611000,Educational Services,"3-digit, ownership",5,53-6020,Parking Attendants,broad,290,6.4,,,0.01,~,18.68,38850,1.5,15,16.87,17.55,21.57,23.23,31200,35090,36510,44860,48320,,
99,U.S.,1,US,611000,Educational Services,"3-digit, ownership",5,53-6021,Parking Attendants,detailed,290,6.4,,,0.01,~,18.68,38850,1.5,15,16.87,17.55,21.57,23.23,31200,35090,36510,44860,48320,,
99,U.S.,1,US,611000,Educational Services,"3-digit, ownership",5,53-6030,Transportation Service Attendants,broad,310,13.5,,,0.01,~,17.07,35510,3.2,12.75,14.58,15.98,18.62,22.01,26530,30330,33240,38720,45780,,
99,U.S.,1,US,611000,Educational Services,"3-digit, ownership",5,53-6032,Aircraft Service Attendants,detailed,310,13.5,,,0.01,~,17.07,35510,3.2,12.75,14.58,15.98,18.62,22.01,26530,30330,33240,38720,45780,,
99,U.S.,1,US,611000,Educational Services,"3-digit, ownership",5,53-6090,Miscellaneous Transportation Workers,broad,60,14.6,,,0,~,21.14,43970,3,12.74,14.85,21.41,25.6,27.43,26500,30890,44530,53250,57050,,
99,U.S.,1,US,611000,Educational Services,"3-digit, ownership",5,53-6099,"Transportation Workers, All Other",detailed,60,14.6,,,0,~,21.14,43970,3,12.74,14.85,21.41,25.6,27.43,26500,30890,44530,53250,57050,,
99,U.S.,1,US,611000,Educational Services,"3-digit, ownership",5,53-7000,Material Moving Workers,minor,4380,5.9,,,0.13,1,20.21,42030,1.2,14.31,16.36,18.87,22.9,28.5,29750,34030,39250,47640,59270,,
99,U.S.,1,US,611000,Educational Services,"3-digit, ownership",5,53-7060,Laborers and Material Movers,broad,4250,6.2,,,0.13,1,20.19,42000,1.2,14.25,16.31,18.96,22.95,28.5,29640,33920,39440,47730,59270,,
99,U.S.,1,US,611000,Educational Services,"3-digit, ownership",5,53-7061,Cleaners of Vehicles and Equipment,detailed,**,**,,,**,**,16.3,33900,9.1,13.13,13.16,15.35,18.44,21.48,27310,27360,31930,38350,44670,,
99,U.S.,1,US,611000,Educational Services,"3-digit, ownership",5,53-7062,"Laborers and Freight, Stock, and Material Movers, Hand",detailed,2650,5.3,,,0.08,1,20.7,43060,1,15.21,16.47,18.42,23.61,30,31630,34260,38310,49100,62390,,
99,U.S.,1,US,611000,Educational Services,"3-digit, ownership",5,53-7065,Stockers and Order Fillers,detailed,1400,14.2,,,0.04,1,19.8,41180,2.3,12.29,16.56,20.03,22.81,25.5,25560,34450,41660,47450,53030,,
99,U.S.,1,US,611000,Educational Services,"3-digit, ownership",5,53-7080,Refuse and Recyclable Material Collectors,broad,110,6.6,,,0,~,20.31,42250,0.7,16.51,17.84,18.36,21.15,26.69,34330,37110,38200,44000,55510,,
99,U.S.,1,US,611000,Educational Services,"3-digit, ownership",5,53-7081,Refuse and Recyclable Material Collectors,detailed,110,6.6,,,0,~,20.31,42250,0.7,16.51,17.84,18.36,21.15,26.69,34330,37110,38200,44000,55510,,
99,U.S.,1,US,622000,Hospitals,"3-digit, ownership",2,00-0000,All Occupations,total,430450,0,,,100,100,41.94,87240,0.2,18.71,23.5,35.57,49.83,76.38,38910,48880,73980,103650,158870,,
99,U.S.,1,US,622000,Hospitals,"3-digit, ownership",2,11-0000,Management Occupations,major,20430,0.1,,,4.75,61,73.9,153710,0.2,39.84,49.6,64.04,82.44,110.94,82860,103160,133190,171470,230760,,
99,U.S.,1,US,622000,Hospitals,"3-digit, ownership",2,11-1000,Top Executives,minor,1250,0.3,,,0.29,23,101.18,210450,0.7,32.98,48.24,65.33,105.35,#,68600,100330,135890,219130,#,,
99,U.S.,1,US,622000,Hospitals,"3-digit, ownership",2,11-1010,Chief Executives,broad,190,7.2,,,0.05,11,*,*,*,*,*,*,*,*,*,*,*,*,*,,
99,U.S.,1,US,622000,Hospitals,"3-digit, ownership",2,11-1011,Chief Executives,detailed,190,7.2,,,0.05,11,*,*,*,*,*,*,*,*,*,*,*,*,*,,
99,U.S.,1,US,622000,Hospitals,"3-digit, ownership",2,11-1020,General and Operations Managers,broad,1060,1,,,0.25,16,83.48,173630,0.4,31.61,43.97,63.87,94.59,#,65740,91450,132850,196740,#,,
99,U.S.,1,US,622000,Hospitals,"3-digit, ownership",2,11-1021,General and Operations Managers,detailed,1060,1,,,0.25,16,83.48,173630,0.4,31.61,43.97,63.87,94.59,#,65740,91450,132850,196740,#,,
99,U.S.,1,US,622000,Hospitals,"3-digit, ownership",2,11-2000,"Advertising, Marketing, Promotions, Public Relations, and Sales Managers",minor,400,0.6,,,0.09,5,72.41,150610,0.3,40.06,48.93,61.04,80.06,109.42,83320,101760,126960,166530,227590,,
99,U.S.,1,US,622000,Hospitals,"3-digit, ownership",2,11-2020,Marketing and Sales Managers,broad,110,2.5,,,0.03,3,85.59,178030,0.7,46.79,57.1,67.7,91.67,#,97330,118770,140820,190680,#,,
99,U.S.,1,US,622000,Hospitals,"3-digit, ownership",2,11-2021,Marketing Managers,detailed,100,2.6,,,0.02,3,84.81,176390,0.7,46.79,55.94,67.32,91.67,#,97330,116340,140030,190680,#,,
99,U.S.,1,US,622000,Hospitals,"3-digit, ownership",2,11-2030,Public Relations and Fundraising Managers,broad,290,0.1,,,0.07,3,67.59,140590,0.2,40.06,48.93,58.44,78.87,109.1,83320,101760,121550,164040,226940,,
99,U.S.,1,US,622000,Hospitals,"3-digit, ownership",2,11-2032,Public Relations Managers,detailed,140,0.4,,,0.03,3,70.56,146760,0.3,48.68,49.93,61.04,80.06,108.47,101240,103850,126960,166530,225610,,
99,U.S.,1,US,622000,Hospitals,"3-digit, ownership",2,11-2033,Fundraising Managers,detailed,160,0.2,,,0.04,2,64.95,135100,0.3,40.06,41.57,48.93,78.87,109.1,83320,86460,101760,164040,226940,,
99,U.S.,1,US,622000,Hospitals,"3-digit, ownership",2,11-3000,Operations Specialties Managers,minor,4090,0.2,,,0.95,34,72.86,151540,0.2,39.51,50.05,64.29,82.55,107.93,82180,104090,133730,171710,224490,,
99,U.S.,1,US,622000,Hospitals,"3-digit, ownership",2,11-3010,Administrative Services and Facilities Managers,broad,1350,0.1,,,0.31,18,62.23,129440,0.2,36.97,46.27,54.97,72.44,94.81,76900,96250,114340,150670,197200,,
99,U.S.,1,US,622000,Hospitals,"3-digit, ownership",2,11-3012,Administrative Services Managers,detailed,970,0.6,,,0.22,14,61.66,128250,0.3,37.79,46.33,53.81,68.56,83.95,78610,96360,111930,142600,174610,,
99,U.S.,1,US,622000,Hospitals,"3-digit, ownership",2,11-3013,Facilities Managers,detailed,390,1.3,,,0.09,11,63.65,132390,0.6,34.19,45.51,59.77,78.61,97.97,71120,94660,124320,163520,203770,,
99,U.S.,1,US,622000,Hospitals,"3-digit, ownership",2,11-3020,Computer and Information Systems Managers,broad,960,0.2,,,0.22,9,86.85,180640,0.3,50.97,66.1,81.75,98.89,#,106020,137500,170030,205680,#,,
99,U.S.,1,US,622000,Hospitals,"3-digit, ownership",2,11-3021,Computer and Information Systems Managers,detailed,960,0.2,,,0.22,9,86.85,180640,0.3,50.97,66.1,81.75,98.89,#,106020,137500,170030,205680,#,,
99,U.S.,1,US,622000,Hospitals,"3-digit, ownership",2,11-3030,Financial Managers,broad,920,0.9,,,0.21,20,80.47,167380,0.3,41.19,55.2,65.78,87.16,#,85680,114810,136810,181300,#,,
99,U.S.,1,US,622000,Hospitals,"3-digit, ownership",2,11-3031,Financial Managers,detailed,920,0.9,,,0.21,20,80.47,167380,0.3,41.19,55.2,65.78,87.16,#,85680,114810,136810,181300,#,,
99,U.S.,1,US,622000,Hospitals,"3-digit, ownership",2,11-3060,Purchasing Managers,broad,190,0.4,,,0.04,4,59.93,124650,0.3,38.04,45.79,51.62,64.71,86.29,79130,95250,107370,134590,179480,,
99,U.S.,1,US,622000,Hospitals,"3-digit, ownership",2,11-3061,Purchasing Managers,detailed,190,0.4,,,0.04,4,59.93,124650,0.3,38.04,45.79,51.62,64.71,86.29,79130,95250,107370,134590,179480,,
99,U.S.,1,US,622000,Hospitals,"3-digit, ownership",2,11-3070,"Transportation, Storage, and Distribution Managers",broad,80,0.9,,,0.02,2,57.38,119340,1,32.05,47.42,52.5,69.63,78.59,66670,98640,109190,144840,163470,,
99,U.S.,1,US,622000,Hospitals,"3-digit, ownership",2,11-3071,"Transportation, Storage, and Distribution Managers",detailed,80,0.9,,,0.02,2,57.38,119340,1,32.05,47.42,52.5,69.63,78.59,66670,98640,109190,144840,163470,,
99,U.S.,1,US,622000,Hospitals,"3-digit, ownership",2,11-3110,Compensation and Benefits Managers,broad,40,3.9,,,0.01,2,68.45,142370,0.4,38.41,47.8,64.29,78.6,#,79880,99430,133720,163490,#,,
99,U.S.,1,US,622000,Hospitals,"3-digit, ownership",2,11-3111,Compensation and Benefits Managers,detailed,40,3.9,,,0.01,2,68.45,142370,0.4,38.41,47.8,64.29,78.6,#,79880,99430,133720,163490,#,,
99,U.S.,1,US,622000,Hospitals,"3-digit, ownership",2,11-3120,Human Resources Managers,broad,430,0.9,,,0.1,12,68.43,142320,0.3,39.42,48.85,59.21,76.45,106.13,81990,101600,123170,159020,220760,,
99,U.S.,1,US,622000,Hospitals,"3-digit, ownership",2,11-3121,Human Resources Managers,detailed,430,0.9,,,0.1,12,68.43,142320,0.3,39.42,48.85,59.21,76.45,106.13,81990,101600,123170,159020,220760,,
99,U.S.,1,US,622000,Hospitals,"3-digit, ownership",2,11-3130,Training and Development Managers,broad,90,1.1,,,0.02,5,68.14,141740,1.2,41.55,51.62,62.43,76.91,101.62,86420,107380,129840,159970,211370,,
99,U.S.,1,US,622000,Hospitals,"3-digit, ownership",2,11-3131,Training and Development Managers,detailed,90,1.1,,,0.02,5,68.14,141740,1.2,41.55,51.62,62.43,76.91,101.62,86420,107380,129840,159970,211370,,
99,U.S.,1,US,622000,Hospitals,"3-digit, ownership",2,11-9000,Other Management Occupations,minor,14680,0.1,,,3.41,54,71.9,149550,0.2,39.92,49.77,63.95,82.11,109.85,83020,103520,133010,170780,228490,,
99,U.S.,1,US,622000,Hospitals,"3-digit, ownership",2,11-9020,Construction Managers,broad,80,0.7,,,0.02,3,67.32,140020,0.5,45.63,50.72,59.48,76.4,103.41,94910,105490,123720,158910,215080,,
99,U.S.,1,US,622000,Hospitals,"3-digit, ownership",2,11-9021,Construction Managers,detailed,80,0.7,,,0.02,3,67.32,140020,0.5,45.63,50.72,59.48,76.4,103.41,94910,105490,123720,158910,215080,,
99,U.S.,1,US,622000,Hospitals,"3-digit, ownership",2,11-9030,Education and Childcare Administrators,broad,800,0.2,,,0.19,3,87.73,182480,0.4,38.68,48.94,79.98,101.36,#,80460,101800,166360,210820,#,,
99,U.S.,1,US,622000,Hospitals,"3-digit, ownership",2,11-9033,"Education Administrators, Postsecondary",detailed,720,0.1,,,0.17,1,92.35,192090,0.4,48.46,62.65,79.98,101.36,#,100790,130300,166360,210820,#,,
99,U.S.,1,US,622000,Hospitals,"3-digit, ownership",2,11-9039,"Education Administrators, All Other",detailed,70,1.2,,,0.02,2,50.22,104450,1.6,31.32,31.32,38.68,48.81,75.93,65140,65140,80460,101520,157940,,
99,U.S.,1,US,622000,Hospitals,"3-digit, ownership",2,11-9050,Food Service Managers,broad,180,1.8,,,0.04,8,44.81,93200,0.2,29.18,34.06,41.19,51.28,60.99,60690,70840,85670,106660,126860,,
99,U.S.,1,US,622000,Hospitals,"3-digit, ownership",2,11-9051,Food Service Managers,detailed,180,1.8,,,0.04,8,44.81,93200,0.2,29.18,34.06,41.19,51.28,60.99,60690,70840,85670,106660,126860,,
99,U.S.,1,US,622000,Hospitals,"3-digit, ownership",2,11-9110,Medical and Health Services Managers,broad,10970,0.2,,,2.55,51,72.73,151270,0.2,40.78,50.4,64.8,82.58,109.85,84820,104830,134780,171770,228490,,
99,U.S.,1,US,622000,Hospitals,"3-digit, ownership",2,11-9111,Medical and Health Services Managers,detailed,10970,0.2,,,2.55,51,72.73,151270,0.2,40.78,50.4,64.8,82.58,109.85,84820,104830,134780,171770,228490,,
99,U.S.,1,US,622000,Hospitals,"3-digit, ownership",2,11-9120,Natural Sciences Managers,broad,900,0.2,,,0.21,2,71,147690,0.7,37.79,60.41,62.59,78.68,102.14,78600,125650,130190,163660,212450,,
99,U.S.,1,US,622000,Hospitals,"3-digit, ownership",2,11-9121,Natural Sciences Managers,detailed,900,0.2,,,0.21,2,71,147690,0.7,37.79,60.41,62.59,78.68,102.14,78600,125650,130190,163660,212450,,
99,U.S.,1,US,622000,Hospitals,"3-digit, ownership",2,11-9150,Social and Community Service Managers,broad,540,0.3,,,0.13,12,48.23,100310,0.3,33.62,37.68,47.09,54.34,64.67,69930,78370,97950,113030,134520,,
99,U.S.,1,US,622000,Hospitals,"3-digit, ownership",2,11-9151,Social and Community Service Managers,detailed,540,0.3,,,0.13,12,48.23,100310,0.3,33.62,37.68,47.09,54.34,64.67,69930,78370,97950,113030,134520,,
99,U.S.,1,US,622000,Hospitals,"3-digit, ownership",2,11-9160,Emergency Management Directors,broad,40,0.6,,,0.01,2,55.9,116270,0.4,36.2,40.23,53.98,67.34,86.1,75300,83680,112270,140060,179090,,
99,U.S.,1,US,622000,Hospitals,"3-digit, ownership",2,11-9161,Emergency Management Directors,detailed,40,0.6,,,0.01,2,55.9,116270,0.4,36.2,40.23,53.98,67.34,86.1,75300,83680,112270,140060,179090,,
99,U.S.,1,US,622000,Hospitals,"3-digit, ownership",2,11-9190,Miscellaneous Managers,broad,1120,0.1,,,0.26,8,70.19,145980,0.3,32,47.55,62.49,82.19,111.66,66560,98900,129970,170950,232250,,
99,U.S.,1,US,622000,Hospitals,"3-digit, ownership",2,11-9199,"Managers, All Other",detailed,1120,0.1,,,0.26,8,70.19,145980,0.3,32,47.55,62.49,82.19,111.66,66560,98900,129970,170950,232250,,
99,U.S.,1,US,622000,Hospitals,"3-digit, ownership",2,13-0000,Business and Financial Operations Occupations,major,14250,0.1,,,3.31,55,41.44,86200,0.3,24.36,30.61,38.89,49.59,62.92,50680,63680,80880,103150,130860,,
99,U.S.,1,US,622000,Hospitals,"3-digit, ownership",2,13-1000,Business Operations Specialists,minor,12030,0.1,,,2.8,54,41.84,87030,0.3,24.36,30.61,38.92,49.91,63.6,50680,63680,80960,103810,132290,,
99,U.S.,1,US,622000,Hospitals,"3-digit, ownership",2,13-1020,Buyers and Purchasing Agents,broad,790,0.5,,,0.18,14,33.41,69490,0.3,23.23,26.14,31.13,37.66,47.51,48320,54380,64760,78340,98810,,
99,U.S.,1,US,622000,Hospitals,"3-digit, ownership",2,13-1020,Buyers and Purchasing Agents,detailed,790,0.5,,,0.18,14,33.41,69490,0.3,23.23,26.14,31.13,37.66,47.51,48320,54380,64760,78340,98810,,
99,U.S.,1,US,622000,Hospitals,"3-digit, ownership",2,13-1030,"Claims Adjusters, Appraisers, Examiners, and Investigators",broad,50,6.9,,,0.01,1,34.86,72500,1.4,26.29,30.32,30.32,37.16,46.25,54680,63060,63060,77290,96190,,
99,U.S.,1,US,622000,Hospitals,"3-digit, ownership",2,13-1031,"Claims Adjusters, Examiners, and Investigators",detailed,50,6.9,,,0.01,1,34.86,72500,1.4,26.29,30.32,30.32,37.16,46.25,54680,63060,63060,77290,96190,,
99,U.S.,1,US,622000,Hospitals,"3-digit, ownership",2,13-1040,Compliance Officers,broad,1140,0.3,,,0.26,21,45.74,95150,0.5,24.66,30.78,41.64,55.12,73.51,51290,64020,86600,114640,152910,,
99,U.S.,1,US,622000,Hospitals,"3-digit, ownership",2,13-1041,Compliance Officers,detailed,1140,0.3,,,0.26,21,45.74,95150,0.5,24.66,30.78,41.64,55.12,73.51,51290,64020,86600,114640,152910,,
99,U.S.,1,US,622000,Hospitals,"3-digit, ownership",2,13-1070,Human Resources Workers,broad,1580,0.6,,,0.37,20,37.7,78420,0.2,23.31,28.8,37.13,46.1,52.5,48490,59910,77220,95880,109210,,
99,U.S.,1,US,622000,Hospitals,"3-digit, ownership",2,13-1071,Human Resources Specialists,detailed,1470,0.4,,,0.34,20,36.26,75410,0.3,23,27.88,34.1,41.32,50.85,47850,58000,70940,85940,105760,,
99,U.S.,1,US,622000,Hospitals,"3-digit, ownership",2,13-1075,Labor Relations Specialists,detailed,110,3.4,,,0.03,2,57.16,118900,0.3,37.91,44.74,53.58,64.87,79.98,78840,93050,111440,134940,166350,,
99,U.S.,1,US,622000,Hospitals,"3-digit, ownership",2,13-1080,Logisticians and Project Management Specialists,broad,1720,0.2,,,0.4,6,48.15,100150,0.2,30.55,31.73,42.44,63.6,77.12,63530,66010,88280,132290,160410,,
99,U.S.,1,US,622000,Hospitals,"3-digit, ownership",2,13-1081,Logisticians,detailed,190,0.2,,,0.05,2,47.74,99290,0.3,20.46,23.91,47.04,65.37,79.13,42560,49730,97850,135970,164580,,
99,U.S.,1,US,622000,Hospitals,"3-digit, ownership",2,13-1082,Project Management Specialists,detailed,1520,0.2,,,0.35,6,48.2,100260,0.2,30.61,32.15,42.44,63.51,68.02,63680,66870,88280,132110,141480,,
99,U.S.,1,US,622000,Hospitals,"3-digit, ownership",2,13-1110,Management Analysts,broad,2150,0.6,,,0.5,33,44.86,93310,0.5,26.27,33.93,41.82,52.85,62.19,54630,70580,86980,109920,129350,,
99,U.S.,1,US,622000,Hospitals,"3-digit, ownership",2,13-1111,Management Analysts,detailed,2150,0.6,,,0.5,33,44.86,93310,0.5,26.27,33.93,41.82,52.85,62.19,54630,70580,86980,109920,129350,,
99,U.S.,1,US,622000,Hospitals,"3-digit, ownership",2,13-1120,"Meeting, Convention, and Event Planners",broad,50,4.1,,,0.01,2,35.82,74500,0.7,24.22,26.45,32.07,37.33,61.19,50380,55020,66710,77640,127280,,
99,U.S.,1,US,622000,Hospitals,"3-digit, ownership",2,13-1121,"Meeting, Convention, and Event Planners",detailed,50,4.1,,,0.01,2,35.82,74500,0.7,24.22,26.45,32.07,37.33,61.19,50380,55020,66710,77640,127280,,
99,U.S.,1,US,622000,Hospitals,"3-digit, ownership",2,13-1130,Fundraisers,broad,90,0.9,,,0.02,3,36.32,75540,0.3,22.91,29.19,34.58,40.42,49.88,47650,60720,71920,84080,103750,,
99,U.S.,1,US,622000,Hospitals,"3-digit, ownership",2,13-1131,Fundraisers,detailed,90,0.9,,,0.02,3,36.32,75540,0.3,22.91,29.19,34.58,40.42,49.88,47650,60720,71920,84080,103750,,
99,U.S.,1,US,622000,Hospitals,"3-digit, ownership",2,13-1140,"Compensation, Benefits, and Job Analysis Specialists",broad,310,0.2,,,0.07,5,41.05,85390,0.4,29.14,32.68,38.6,47.93,57.82,60620,67980,80300,99690,120260,,
99,U.S.,1,US,622000,Hospitals,"3-digit, ownership",2,13-1141,"Compensation, Benefits, and Job Analysis Specialists",detailed,310,0.2,,,0.07,5,41.05,85390,0.4,29.14,32.68,38.6,47.93,57.82,60620,67980,80300,99690,120260,,
99,U.S.,1,US,622000,Hospitals,"3-digit, ownership",2,13-1150,Training and Development Specialists,broad,1090,0.1,,,0.25,18,37.79,78610,0.2,21.32,27.26,36.85,46.19,50.94,44340,56690,76640,96070,105960,,
99,U.S.,1,US,622000,Hospitals,"3-digit, ownership",2,13-1151,Training and Development Specialists,detailed,1090,0.1,,,0.25,18,37.79,78610,0.2,21.32,27.26,36.85,46.19,50.94,44340,56690,76640,96070,105960,,
99,U.S.,1,US,622000,Hospitals,"3-digit, ownership",2,13-1160,Market Research Analysts and Marketing Specialists,broad,250,0.6,,,0.06,6,45.74,95140,0.3,28.45,32.41,41.06,52.18,65.12,59180,67420,85410,108540,135450,,
99,U.S.,1,US,622000,Hospitals,"3-digit, ownership",2,13-1161,Market Research Analysts and Marketing Specialists,detailed,250,0.6,,,0.06,6,45.74,95140,0.3,28.45,32.41,41.06,52.18,65.12,59180,67420,85410,108540,135450,,
99,U.S.,1,US,622000,Hospitals,"3-digit, ownership",2,13-1190,Miscellaneous Business Operations Specialists,broad,2820,0.1,,,0.66,19,40.48,84200,0.3,24.36,30.3,38.99,49.05,61.79,50680,63030,81100,102020,128520,,
99,U.S.,1,US,622000,Hospitals,"3-digit, ownership",2,13-1199,"Business Operations Specialists, All Other",detailed,2820,0.1,,,0.66,19,40.48,84200,0.3,24.36,30.3,38.99,49.05,61.79,50680,63030,81100,102020,128520,,
99,U.S.,1,US,622000,Hospitals,"3-digit, ownership",2,13-2000,Financial Specialists,minor,2220,0.3,,,0.51,20,39.26,81660,0.3,24.37,30.49,38.23,48.39,53.57,50690,63420,79530,100660,111420,,
99,U.S.,1,US,622000,Hospitals,"3-digit, ownership",2,13-2010,Accountants and Auditors,broad,1130,0.4,,,0.26,17,38.08,79210,0.3,24.37,29.69,37.29,46.96,51.11,50690,61760,77570,97690,106310,,
99,U.S.,1,US,622000,Hospitals,"3-digit, ownership",2,13-2011,Accountants and Auditors,detailed,1130,0.4,,,0.26,17,38.08,79210,0.3,24.37,29.69,37.29,46.96,51.11,50690,61760,77570,97690,106310,,
99,U.S.,1,US,622000,Hospitals,"3-digit, ownership",2,13-2030,Budget Analysts,broad,120,0.4,,,0.03,4,36.8,76540,0.4,23.47,31.34,37.35,42.47,50.15,48810,65180,77680,88340,104320,,
99,U.S.,1,US,622000,Hospitals,"3-digit, ownership",2,13-2031,Budget Analysts,detailed,120,0.4,,,0.03,4,36.8,76540,0.4,23.47,31.34,37.35,42.47,50.15,48810,65180,77680,88340,104320,,
99,U.S.,1,US,622000,Hospitals,"3-digit, ownership",2,13-2050,Financial Analysts and Advisors,broad,630,0.2,,,0.15,6,44.53,92630,0.2,26.81,37.99,47.83,50.62,60.2,55760,79030,99480,105290,125220,,
99,U.S.,1,US,622000,Hospitals,"3-digit, ownership",2,13-2051,Financial and Investment Analysts,detailed,600,0.7,,,0.14,6,45.02,93650,0.4,31.2,39.03,48.39,50.62,60.2,64900,81170,100660,105290,125220,,
99,U.S.,1,US,622000,Hospitals,"3-digit, ownership",2,13-2070,Credit Counselors and Loan Officers,broad,80,2.2,,,0.02,2,25.59,53220,0.8,19.59,24.4,25.28,27.22,30.97,40750,50750,52580,56610,64410,,
99,U.S.,1,US,622000,Hospitals,"3-digit, ownership",2,13-2071,Credit Counselors,detailed,80,1.5,,,0.02,2,25.59,53220,0.5,19.59,24.4,25.28,27.22,30.97,40750,50750,52580,56610,64410,,
99,U.S.,1,US,622000,Hospitals,"3-digit, ownership",2,13-2090,Miscellaneous Financial Specialists,broad,250,1.3,,,0.06,4,37.06,77070,0.3,21.58,29.52,34.14,43.7,50.05,44880,61390,71020,90900,104110,,
99,U.S.,1,US,622000,Hospitals,"3-digit, ownership",2,13-2099,"Financial Specialists, All Other",detailed,250,1.3,,,0.06,4,37.06,77070,0.3,21.58,29.52,34.14,43.7,50.05,44880,61390,71020,90900,104110,,
99,U.S.,1,US,622000,Hospitals,"3-digit, ownership",2,15-0000,Computer and Mathematical Occupations,major,8670,0.1,,,2.01,25,52.26,108700,0.3,30.43,39.12,49.86,63.79,76.1,63300,81370,103710,132690,158280,,
99,U.S.,1,US,622000,Hospitals,"3-digit, ownership",2,15-1200,Computer Occupations,minor,7330,0.1,,,1.7,24,51.96,108070,0.3,30.04,38.94,49.86,63.79,74.59,62480,81000,103710,132690,155150,,
99,U.S.,1,US,622000,Hospitals,"3-digit, ownership",2,15-1210,Computer and Information Analysts,broad,2630,0.1,,,0.61,9,53.12,110490,0.3,34.44,41.21,49.84,62.65,74.59,71640,85720,103670,130310,155150,,
99,U.S.,1,US,622000,Hospitals,"3-digit, ownership",2,15-1211,Computer Systems Analysts,detailed,2430,0.1,,,0.56,9,52.97,110180,0.3,34.45,41.19,49.84,62.65,74.59,71650,85680,103670,130310,155150,,
99,U.S.,1,US,622000,Hospitals,"3-digit, ownership",2,15-1212,Information Security Analysts,detailed,200,0.7,,,0.05,4,54.91,114210,0.3,32.17,41.82,54.03,63.42,80.8,66910,86980,112390,131910,168070,,
99,U.S.,1,US,622000,Hospitals,"3-digit, ownership",2,15-1230,Computer Support Specialists,broad,1410,0.3,,,0.33,17,36.14,75170,0.4,23.88,27.63,34.03,41.62,49.59,49670,57480,70770,86560,103140,,
99,U.S.,1,US,622000,Hospitals,"3-digit, ownership",2,15-1231,Computer Network Support Specialists,detailed,390,0.8,,,0.09,5,38.8,80700,0.6,26.25,31.04,34.03,43.18,63.43,54590,64570,70770,89810,131930,,
99,U.S.,1,US,622000,Hospitals,"3-digit, ownership",2,15-1232,Computer User Support Specialists,detailed,1030,0.2,,,0.24,14,35.13,73080,0.4,23.32,27.1,34.08,40.09,48.98,48500,56370,70890,83390,101870,,
99,U.S.,1,US,622000,Hospitals,"3-digit, ownership",2,15-1240,Database and Network Administrators and Architects,broad,1250,0.1,,,0.29,10,53.87,112050,0.4,30.93,39.97,52.2,65.05,75.46,64340,83140,108570,135300,156960,,
99,U.S.,1,US,622000,Hospitals,"3-digit, ownership",2,15-1241,Computer Network Architects,detailed,240,0.2,,,0.05,2,58.43,121530,0.4,33.56,43.3,54.85,67.07,81.28,69800,90060,114090,139510,169050,,
99,U.S.,1,US,622000,Hospitals,"3-digit, ownership",2,15-1242,Database Administrators,detailed,210,1.3,,,0.05,4,49.85,103690,0.6,31.37,34.83,47.06,63.74,72.31,65260,72450,97890,132580,150400,,
99,U.S.,1,US,622000,Hospitals,"3-digit, ownership",2,15-1243,Database Architects,detailed,100,1.7,,,0.02,2,64.22,133570,0.3,37.58,55.3,66.77,75.46,84.2,78160,115010,138890,156960,175130,,
99,U.S.,1,US,622000,Hospitals,"3-digit, ownership",2,15-1244,Network and Computer Systems Administrators,detailed,710,0.1,,,0.16,9,52.06,108290,0.3,30.01,39.97,50.37,64.34,74.37,62420,83140,104760,133840,154690,,
99,U.S.,1,US,622000,Hospitals,"3-digit, ownership",2,15-1250,"Software and Web Developers, Programmers, and Testers",broad,1600,0,,,0.37,5,61.58,128090,0.3,40.23,50.52,63.57,68.53,81.8,83690,105080,132230,142530,170150,,
99,U.S.,1,US,622000,Hospitals,"3-digit, ownership",2,15-1251,Computer Programmers,detailed,120,1.2,,,0.03,2,50.76,105570,0.4,32.52,45.46,49.41,60.16,65.49,67640,94570,102770,125140,136220,,
99,U.S.,1,US,622000,Hospitals,"3-digit, ownership",2,15-1252,Software Developers,detailed,1160,0.1,,,0.27,3,60.62,126090,0.3,42.78,51.35,63.57,65.85,76.8,88970,106810,132230,136960,159740,,
99,U.S.,1,US,622000,Hospitals,"3-digit, ownership",2,15-1253,Software Quality Assurance Analysts and Testers,detailed,240,0.8,,,0.06,2,75.19,156400,0.4,58.77,65.96,76.38,87.18,103.31,122240,137200,158870,181330,214890,,
99,U.S.,1,US,622000,Hospitals,"3-digit, ownership",2,15-1254,Web Developers,detailed,50,0.7,,,0.01,1,46.86,97470,0.7,29.67,33.2,46.05,58.3,62.1,61700,69050,95780,121270,129170,,
99,U.S.,1,US,622000,Hospitals,"3-digit, ownership",2,15-1290,Miscellaneous Computer Occupations,broad,430,0.2,,,0.1,5,54.92,114230,0.4,33.57,40.9,52.71,64.85,77.05,69830,85070,109640,134890,160270,,
99,U.S.,1,US,622000,Hospitals,"3-digit, ownership",2,15-1299,"Computer Occupations, All Other",detailed,430,0.2,,,0.1,5,54.92,114230,0.4,33.57,40.9,52.71,64.85,77.05,69830,85070,109640,134890,160270,,
99,U.S.,1,US,622000,Hospitals,"3-digit, ownership",2,15-2000,Mathematical Science Occupations,minor,1340,0.1,,,0.31,6,53.92,112160,0.3,32.45,40.88,51.78,63.13,78.97,67500,85040,107700,131300,164260,,
99,U.S.,1,US,622000,Hospitals,"3-digit, ownership",2,15-2030,Operations Research Analysts,broad,490,0.3,,,0.11,3,48.46,100800,0.4,30.48,36.33,43.26,54.63,66.25,63400,75560,89980,113640,137800,,
99,U.S.,1,US,622000,Hospitals,"3-digit, ownership",2,15-2031,Operations Research Analysts,detailed,490,0.3,,,0.11,3,48.46,100800,0.4,30.48,36.33,43.26,54.63,66.25,63400,75560,89980,113640,137800,,
99,U.S.,1,US,622000,Hospitals,"3-digit, ownership",2,15-2040,Statisticians,broad,130,0.1,,,0.03,2,50.12,104240,0.3,32.85,40.06,48.3,63.13,77.1,68320,83320,100460,131300,160370,,
99,U.S.,1,US,622000,Hospitals,"3-digit, ownership",2,15-2041,Statisticians,detailed,130,0.1,,,0.03,2,50.12,104240,0.3,32.85,40.06,48.3,63.13,77.1,68320,83320,100460,131300,160370,,
99,U.S.,1,US,622000,Hospitals,"3-digit, ownership",2,15-2050,Data Scientists,broad,700,0.4,,,0.16,3,58.67,122030,0.4,38.69,49.39,59.91,70.12,81.95,80480,102740,124600,145850,170450,,
99,U.S.,1,US,622000,Hospitals,"3-digit, ownership",2,15-2051,Data Scientists,detailed,700,0.4,,,0.16,3,58.67,122030,0.4,38.69,49.39,59.91,70.12,81.95,80480,102740,124600,145850,170450,,
99,U.S.,1,US,622000,Hospitals,"3-digit, ownership",2,17-0000,Architecture and Engineering Occupations,major,380,0.3,,,0.09,3,44.36,92260,0.4,31.94,37.02,40.74,50.1,61.12,66430,77000,84750,104200,127130,,
99,U.S.,1,US,622000,Hospitals,"3-digit, ownership",2,17-2000,Engineers,minor,250,0.1,,,0.06,3,46.51,96740,0.5,32.87,40.14,42.94,49.74,65.99,68380,83490,89320,103460,137270,,
99,U.S.,1,US,622000,Hospitals,"3-digit, ownership",2,17-2030,Bioengineers and Biomedical Engineers,broad,100,1.6,,,0.02,2,44.4,92360,0.6,29.78,40.58,41.79,49.29,60.48,61940,84400,86930,102530,125800,,
99,U.S.,1,US,622000,Hospitals,"3-digit, ownership",2,17-2031,Bioengineers and Biomedical Engineers,detailed,100,1.6,,,0.02,2,44.4,92360,0.6,29.78,40.58,41.79,49.29,60.48,61940,84400,86930,102530,125800,,
99,U.S.,1,US,622000,Hospitals,"3-digit, ownership",2,17-2110,"Industrial Engineers, Including Health and Safety",broad,80,0.1,,,0.02,~,42.48,88360,0.4,36.26,40.14,40.14,49.35,49.35,75420,83490,83490,102640,102640,,
99,U.S.,1,US,622000,Hospitals,"3-digit, ownership",2,17-2112,Industrial Engineers,detailed,80,0.5,,,0.02,~,42.02,87400,0.5,34.65,40.14,40.14,49.35,49.35,72070,83490,83490,102640,102640,,
99,U.S.,1,US,622000,Hospitals,"3-digit, ownership",2,17-2190,Miscellaneous Engineers,broad,40,0.4,,,0.01,1,54.49,113330,0.4,38.68,44.33,50.3,68.86,80.29,80460,92210,104620,143230,167000,,
99,U.S.,1,US,622000,Hospitals,"3-digit, ownership",2,17-2199,"Engineers, All Other",detailed,40,0.4,,,0.01,1,54.49,113330,0.4,38.68,44.33,50.3,68.86,80.29,80460,92210,104620,143230,167000,,
99,U.S.,1,US,622000,Hospitals,"3-digit, ownership",2,17-3000,"Drafters, Engineering Technicians, and Mapping Technicians",minor,120,0.4,,,0.03,1,39.09,81310,0.4,29.62,33.59,37.02,48.02,50.41,61610,69870,77000,99890,104850,,
99,U.S.,1,US,622000,Hospitals,"3-digit, ownership",2,17-3010,Drafters,broad,40,0.8,,,0.01,~,46.6,96930,0.5,36.09,36.12,50.1,50.15,55.93,75070,75130,104200,104300,116330,,
99,U.S.,1,US,622000,Hospitals,"3-digit, ownership",2,17-3011,Architectural and Civil Drafters,detailed,30,0.9,,,0.01,~,46.84,97420,0.5,36.09,36.09,50.1,55.93,55.93,75070,75070,104200,116330,116330,,
99,U.S.,1,US,622000,Hospitals,"3-digit, ownership",2,17-3020,"Engineering Technologists and Technicians, Except Drafters",broad,80,0.2,,,0.02,1,35.5,73840,0.4,29.62,31.94,36.6,37.06,44.32,61610,66430,76120,77090,92190,,
99,U.S.,1,US,622000,Hospitals,"3-digit, ownership",2,17-3023,Electrical and Electronic Engineering Technologists and Technicians,detailed,40,0.2,,,0.01,~,34.67,72120,0.4,29.62,31.86,36.6,37.02,44.32,61610,66270,76120,77000,92190,,
99,U.S.,1,US,622000,Hospitals,"3-digit, ownership",2,17-3029,"Engineering Technologists and Technicians, Except Drafters, All Other",detailed,30,0.3,,,0.01,1,37.71,78430,0.4,33.59,33.59,37.06,37.06,48.02,69870,69870,77090,77090,99890,,
99,U.S.,1,US,622000,Hospitals,"3-digit, ownership",2,19-0000,"Life, Physical, and Social Science Occupations",major,7550,0.1,,,1.75,29,46.9,97550,0.6,23.48,30.43,42.09,63.39,73.45,48830,63300,87550,131850,152770,,
99,U.S.,1,US,622000,Hospitals,"3-digit, ownership",2,19-1000,Life Scientists,minor,3440,0.1,,,0.8,6,53.81,111920,0.7,30.21,36.95,51.1,63.97,80.37,62830,76860,106280,133050,167160,,
99,U.S.,1,US,622000,Hospitals,"3-digit, ownership",2,19-1020,Biological Scientists,broad,90,1.7,,,0.02,1,36.67,76270,2.1,24.58,28.7,36.49,39.65,51.13,51120,59690,75900,82470,106350,,
99,U.S.,1,US,622000,Hospitals,"3-digit, ownership",2,19-1022,Microbiologists,detailed,40,3.1,,,0.01,1,37.93,78890,0.5,23.94,29.1,36.58,39.65,48.79,49800,60520,76080,82470,101490,,
99,U.S.,1,US,622000,Hospitals,"3-digit, ownership",2,19-1029,"Biological Scientists, All Other",detailed,50,0.7,,,0.01,1,35.55,73940,4,24.58,28.7,36.49,36.49,51.13,51120,59690,75900,75900,106350,,
99,U.S.,1,US,622000,Hospitals,"3-digit, ownership",2,19-1040,Medical Scientists,broad,3350,0.1,,,0.78,6,54.27,112880,0.7,30.33,36.95,56.95,66.06,80.37,63090,76860,118450,137400,167160,,
99,U.S.,1,US,622000,Hospitals,"3-digit, ownership",2,19-1041,Epidemiologists,detailed,80,0.2,,,0.02,2,58.31,121270,0.6,31.25,38.99,48.66,82.46,107,64990,81090,101210,171520,222550,,
99,U.S.,1,US,622000,Hospitals,"3-digit, ownership",2,19-1042,"Medical Scientists, Except Epidemiologists",detailed,3270,0.1,,,0.76,5,54.17,112660,0.7,30.33,36.95,62.95,66.06,80.37,63090,76860,130940,137400,167160,,
99,U.S.,1,US,622000,Hospitals,"3-digit, ownership",2,19-2000,Physical Scientists,minor,120,1.9,,,0.03,2,92.46,192320,1.2,36.48,47.18,102.18,#,#,75870,98120,212530,#,#,,
99,U.S.,1,US,622000,Hospitals,"3-digit, ownership",2,19-2010,Astronomers and Physicists,broad,100,0.8,,,0.02,2,98.19,204240,0.8,36.48,58.01,104.78,#,#,75870,120660,217950,#,#,,
99,U.S.,1,US,622000,Hospitals,"3-digit, ownership",2,19-2012,Physicists,detailed,100,0.8,,,0.02,2,98.19,204240,0.8,36.48,58.01,104.78,#,#,75870,120660,217950,#,#,,
99,U.S.,1,US,622000,Hospitals,"3-digit, ownership",2,19-3000,Social Scientists and Related Workers,minor,2060,0.3,,,0.48,24,48.58,101040,0.6,31.43,37.61,49,57.05,65.65,65370,78230,101930,118670,136560,,
99,U.S.,1,US,622000,Hospitals,"3-digit, ownership",2,19-3030,Psychologists,broad,1960,0.4,,,0.46,24,49.13,102190,0.6,31.89,38.32,49.89,57.65,65.74,66340,79700,103760,119910,136730,,
99,U.S.,1,US,622000,Hospitals,"3-digit, ownership",2,19-3033,Clinical and Counseling Psychologists,detailed,1870,0.4,,,0.44,24,49.17,102270,0.6,32.44,38.76,49.46,57.57,65.65,67470,80610,102880,119750,136560,,
99,U.S.,1,US,622000,Hospitals,"3-digit, ownership",2,19-3039,"Psychologists, All Other",detailed,70,2.2,,,0.02,2,45.94,95550,1.3,23.08,37.45,53.66,54.37,67.18,48000,77890,111610,113100,139740,,
99,U.S.,1,US,622000,Hospitals,"3-digit, ownership",2,19-3090,Miscellaneous Social Scientists and Related Workers,broad,40,1.2,,,0.01,1,37.44,77880,0.6,30.78,31.86,38.59,38.59,45.73,64020,66260,80260,80260,95120,,
99,U.S.,1,US,622000,Hospitals,"3-digit, ownership",2,19-3099,"Social Scientists and Related Workers, All Other",detailed,40,1.2,,,0.01,1,37.44,77880,0.6,30.78,31.86,38.59,38.59,45.73,64020,66260,80260,80260,95120,,
99,U.S.,1,US,622000,Hospitals,"3-digit, ownership",2,19-4000,"Life, Physical, and Social Science Technicians",minor,1540,0,,,0.36,4,26.14,54370,0.9,18.69,21.41,23.5,29,37.75,38870,44540,48880,60330,78530,,
99,U.S.,1,US,622000,Hospitals,"3-digit, ownership",2,19-4020,Biological Technicians,broad,**,**,,,**,**,25.72,53490,1,18.69,19.01,23.48,28.89,37.75,38870,39540,48830,60090,78530,,
99,U.S.,1,US,622000,Hospitals,"3-digit, ownership",2,19-4021,Biological Technicians,detailed,**,**,,,**,**,25.72,53490,1,18.69,19.01,23.48,28.89,37.75,38870,39540,48830,60090,78530,,
99,U.S.,1,US,622000,Hospitals,"3-digit, ownership",2,19-4090,"Miscellaneous Life, Physical, and Social Science Technicians",broad,450,0.2,,,0.1,2,26.75,55630,0.7,18.71,23.22,23.5,29,38.1,38920,48300,48880,60330,79250,,
99,U.S.,1,US,622000,Hospitals,"3-digit, ownership",2,19-4099,"Life, Physical, and Social Science Technicians, All Other",detailed,430,0.1,,,0.1,2,25.85,53770,0.7,18.71,23.16,23.5,29,29.93,38920,48170,48880,60330,62260,,
99,U.S.,1,US,622000,Hospitals,"3-digit, ownership",2,19-5000,Occupational Health and Safety Specialists and Technicians,minor,390,0.3,,,0.09,8,45.04,93690,0.5,25.33,30.6,42.57,49.97,62.02,52680,63650,88540,103950,129010,,
99,U.S.,1,US,622000,Hospitals,"3-digit, ownership",2,19-5010,Occupational Health and Safety Specialists and Technicians,broad,390,0.3,,,0.09,8,45.04,93690,0.5,25.33,30.6,42.57,49.97,62.02,52680,63650,88540,103950,129010,,
99,U.S.,1,US,622000,Hospitals,"3-digit, ownership",2,19-5011,Occupational Health and Safety Specialists,detailed,330,1.2,,,0.08,7,47.84,99500,0.6,29.12,34.86,47.71,54.66,62.71,60570,72500,99230,113700,130440,,
99,U.S.,1,US,622000,Hospitals,"3-digit, ownership",2,19-5012,Occupational Health and Safety Technicians,detailed,50,5.5,,,0.01,2,27.71,57640,1.1,19.2,23.45,27.86,30.41,37.6,39930,48780,57950,63250,78210,,
99,U.S.,1,US,622000,Hospitals,"3-digit, ownership",2,21-0000,Community and Social Service Occupations,major,19240,0.2,,,4.47,77,35.59,74020,0.5,21.27,25.88,32.71,42.58,53.21,44240,53830,68040,88560,110670,,
99,U.S.,1,US,622000,Hospitals,"3-digit, ownership",2,21-1000,"Counselors, Social Workers, and Other Community and Social Service Specialists",minor,18690,0.2,,,4.34,77,35.66,74180,0.5,21.29,25.85,32.77,42.69,53.53,44280,53760,68160,88800,111340,,
99,U.S.,1,US,622000,Hospitals,"3-digit, ownership",2,21-1010,Counselors,broad,5380,0.7,,,1.25,31,32.24,67060,0.5,21.04,25.33,31.36,38.48,45.4,43760,52680,65230,80030,94440,,
99,U.S.,1,US,622000,Hospitals,"3-digit, ownership",2,21-1012,"Educational, Guidance, and Career Counselors and Advisors",detailed,190,0.4,,,0.04,2,32.25,67090,0.5,24.8,25.94,31.53,38.34,44.08,51580,53950,65580,79750,91690,,
99,U.S.,1,US,622000,Hospitals,"3-digit, ownership",2,21-1013,Marriage and Family Therapists,detailed,180,0.8,,,0.04,2,39.16,81450,0.5,30.12,33.77,38.95,46.34,47.24,62640,70240,81020,96390,98250,,
99,U.S.,1,US,622000,Hospitals,"3-digit, ownership",2,21-1015,Rehabilitation Counselors,detailed,680,0.1,,,0.16,11,32.31,67210,0.5,20.78,24.05,32.48,40.39,41.86,43220,50030,67560,84010,87070,,
99,U.S.,1,US,622000,Hospitals,"3-digit, ownership",2,21-1018,"Substance Abuse, Behavioral Disorder, and Mental Health Counselors",detailed,4200,0.9,,,0.98,27,31.86,66280,0.6,21.04,24.51,30.67,37.26,45.4,43760,50970,63780,77490,94440,,
99,U.S.,1,US,622000,Hospitals,"3-digit, ownership",2,21-1019,"Counselors, All Other",detailed,130,2.8,,,0.03,2,34.59,71950,0.7,21.73,27.49,31.55,39.06,58.52,45200,57190,65620,81240,121730,,
99,U.S.,1,US,622000,Hospitals,"3-digit, ownership",2,21-1020,Social Workers,broad,9320,0.1,,,2.16,69,40.63,84520,0.5,23.28,30.92,39.08,48.07,62.34,48420,64310,81280,99990,129670,,
99,U.S.,1,US,622000,Hospitals,"3-digit, ownership",2,21-1021,"Child, Family, and School Social Workers",detailed,670,0.5,,,0.16,5,31.96,66480,0.6,21.96,24.56,29.42,34.98,45.25,45670,51080,61200,72760,94120,,
99,U.S.,1,US,622000,Hospitals,"3-digit, ownership",2,21-1022,Healthcare Social Workers,detailed,4270,0.1,,,0.99,47,42.45,88290,0.5,25,32.34,39.5,50.6,64.27,52010,67260,82150,105240,133680,,
99,U.S.,1,US,622000,Hospitals,"3-digit, ownership",2,21-1023,Mental Health and Substance Abuse Social Workers,detailed,3870,0.3,,,0.9,42,41.41,86120,0.5,22.61,31.49,41.52,50.25,62.74,47030,65510,86360,104510,130500,,
99,U.S.,1,US,622000,Hospitals,"3-digit, ownership",2,21-1029,"Social Workers, All Other",detailed,510,0.5,,,0.12,6,30.88,64230,0.5,18.59,24.7,32.94,36.39,41.94,38670,51380,68510,75680,87240,,
99,U.S.,1,US,622000,Hospitals,"3-digit, ownership",2,21-1090,Miscellaneous Community and Social Service Specialists,broad,4000,0.5,,,0.93,36,28.69,59670,0.5,19.05,23.21,26.89,32.19,41.04,39620,48270,55940,66960,85370,,
99,U.S.,1,US,622000,Hospitals,"3-digit, ownership",2,21-1091,Health Education Specialists,detailed,880,0.3,,,0.2,10,33.01,68660,0.5,21.64,25.58,30.29,39.03,48.77,45010,53200,63000,81190,101440,,
99,U.S.,1,US,622000,Hospitals,"3-digit, ownership",2,21-1093,Social and Human Service Assistants,detailed,2060,0.9,,,0.48,16,25.69,53430,0.5,18.14,21.43,24.89,28.87,32.61,37740,44580,51780,60050,67820,,
99,U.S.,1,US,622000,Hospitals,"3-digit, ownership",2,21-1094,Community Health Workers,detailed,580,2.8,,,0.13,17,32.01,66580,1.2,20.95,24.07,28.15,38.81,47.61,43570,50070,58550,80720,99040,,
99,U.S.,1,US,622000,Hospitals,"3-digit, ownership",2,21-1099,"Community and Social Service Specialists, All Other",detailed,470,0.2,,,0.11,7,29.57,61500,0.5,21.48,24.91,28.15,32.28,40.97,44670,51810,58550,67140,85230,,
99,U.S.,1,US,622000,Hospitals,"3-digit, ownership",2,21-2000,Religious Workers,minor,550,0.4,,,0.13,13,32.97,68580,0.5,21.13,26.87,30.82,39.14,45.18,43940,55880,64110,81400,93970,,
99,U.S.,1,US,622000,Hospitals,"3-digit, ownership",2,21-2010,Clergy,broad,480,0.1,,,0.11,13,32.07,66700,0.5,21.13,26.87,30.37,38.15,44.3,43940,55880,63180,79350,92150,,
99,U.S.,1,US,622000,Hospitals,"3-digit, ownership",2,21-2011,Clergy,detailed,480,0.1,,,0.11,13,32.07,66700,0.5,21.13,26.87,30.37,38.15,44.3,43940,55880,63180,79350,92150,,
99,U.S.,1,US,622000,Hospitals,"3-digit, ownership",2,21-2090,Miscellaneous Religious Workers,broad,50,2.8,,,0.01,1,38.51,80090,0.8,25.29,25.29,37.35,47.24,53.58,52610,52610,77690,98260,111440,,
99,U.S.,1,US,622000,Hospitals,"3-digit, ownership",2,21-2099,"Religious Workers, All Other",detailed,50,2.8,,,0.01,1,38.51,80090,0.8,25.29,25.29,37.35,47.24,53.58,52610,52610,77690,98260,111440,,
99,U.S.,1,US,622000,Hospitals,"3-digit, ownership",2,23-0000,Legal Occupations,major,210,0.4,,,0.05,5,84.86,176510,1.2,32.95,42.18,65.77,#,#,68530,87740,136800,#,#,,
99,U.S.,1,US,622000,Hospitals,"3-digit, ownership",2,23-1000,"Lawyers, Judges, and Related Workers",minor,170,0.1,,,0.04,4,97.71,203230,1.3,40.71,53.62,83.16,#,#,84680,111520,172970,#,#,,
99,U.S.,1,US,622000,Hospitals,"3-digit, ownership",2,23-1010,Lawyers and Judicial Law Clerks,broad,160,0.2,,,0.04,4,101.29,210690,1.2,45.51,58.09,85.95,#,#,94660,120830,178780,#,#,,
99,U.S.,1,US,622000,Hospitals,"3-digit, ownership",2,23-1011,Lawyers,detailed,160,0.2,,,0.04,4,101.29,210690,1.2,45.51,58.09,85.95,#,#,94660,120830,178780,#,#,,
99,U.S.,1,US,622000,Hospitals,"3-digit, ownership",2,23-2000,Legal Support Workers,minor,40,2,,,0.01,3,36.97,76890,1.2,25.24,30.05,36.93,42.74,47.24,52500,62510,76820,88900,98260,,
99,U.S.,1,US,622000,Hospitals,"3-digit, ownership",2,23-2010,Paralegals and Legal Assistants,broad,40,3.9,,,0.01,3,37.68,78380,1.2,25.24,31.86,37.29,43.03,47.87,52500,66270,77560,89500,99570,,
99,U.S.,1,US,622000,Hospitals,"3-digit, ownership",2,23-2011,Paralegals and Legal Assistants,detailed,40,3.9,,,0.01,3,37.68,78380,1.2,25.24,31.86,37.29,43.03,47.87,52500,66270,77560,89500,99570,,
99,U.S.,1,US,622000,Hospitals,"3-digit, ownership",2,25-0000,Educational Instruction and Library Occupations,major,7100,0.1,,,1.65,14,*,*,*,*,*,*,*,*,*,*,*,*,*,,
99,U.S.,1,US,622000,Hospitals,"3-digit, ownership",2,25-1000,Postsecondary Teachers,minor,5840,0,,,1.36,4,*,*,*,*,*,*,*,*,*,*,*,*,*,TRUE,
99,U.S.,1,US,622000,Hospitals,"3-digit, ownership",2,25-1070,"Health Teachers, Postsecondary",broad,4810,0,,,1.12,4,*,*,*,*,*,*,*,*,*,*,*,*,*,TRUE,
99,U.S.,1,US,622000,Hospitals,"3-digit, ownership",2,25-1071,"Health Specialties Teachers, Postsecondary",detailed,4560,0,,,1.06,2,*,*,*,*,*,*,*,*,*,*,*,*,*,TRUE,
99,U.S.,1,US,622000,Hospitals,"3-digit, ownership",2,25-1072,"Nursing Instructors and Teachers, Postsecondary",detailed,240,0.6,,,0.06,3,*,98300,0.7,*,*,*,*,*,62640,79630,98680,112260,132350,TRUE,
99,U.S.,1,US,622000,Hospitals,"3-digit, ownership",2,25-1190,Miscellaneous Postsecondary Teachers,broad,960,0.1,,,0.22,~,*,119960,0.7,*,*,*,*,*,48430,104390,108970,131720,169780,TRUE,
99,U.S.,1,US,622000,Hospitals,"3-digit, ownership",2,25-1199,"Postsecondary Teachers, All Other",detailed,940,0,,,0.22,~,*,122050,0.7,*,*,*,*,*,48600,104390,108970,131720,169780,TRUE,
99,U.S.,1,US,622000,Hospitals,"3-digit, ownership",2,25-2000,"Preschool, Elementary, Middle, Secondary, and Special Education Teachers",minor,180,0.9,,,0.04,2,*,64590,0.6,*,*,*,*,*,37310,41390,62940,77740,83160,TRUE,
99,U.S.,1,US,622000,Hospitals,"3-digit, ownership",2,25-2030,Secondary School Teachers,broad,70,1,,,0.02,1,*,64940,0.6,*,*,*,*,*,37310,37310,59220,76140,113110,TRUE,
99,U.S.,1,US,622000,Hospitals,"3-digit, ownership",2,25-2031,"Secondary School Teachers, Except Special and Career/Technical Education",detailed,60,1,,,0.01,1,*,65450,0.6,*,*,*,*,*,37310,37310,61280,83160,113110,TRUE,
99,U.S.,1,US,622000,Hospitals,"3-digit, ownership",2,25-2050,Special Education Teachers,broad,100,2.2,,,0.02,1,*,64910,0.7,*,*,*,*,*,41390,41390,72220,77740,80490,TRUE,
99,U.S.,1,US,622000,Hospitals,"3-digit, ownership",2,25-2058,"Special Education Teachers, Secondary School",detailed,40,5.4,,,0.01,~,*,67770,0.7,*,*,*,*,*,58380,62940,72220,72220,72220,TRUE,
99,U.S.,1,US,622000,Hospitals,"3-digit, ownership",2,25-2059,"Special Education Teachers, All Other",detailed,30,2.5,,,0.01,1,*,82340,0.9,*,*,*,*,*,77420,77740,77740,80870,94180,TRUE,
99,U.S.,1,US,622000,Hospitals,"3-digit, ownership",2,25-3000,Other Teachers and Instructors,minor,250,3.1,,,0.06,6,28.12,58500,0.8,14.23,18.88,29.39,36.03,39.28,29600,39270,61130,74950,81700,,
99,U.S.,1,US,622000,Hospitals,"3-digit, ownership",2,25-3020,Self-Enrichment Teachers,broad,40,2.1,,,0.01,1,17.73,36890,1.5,13.54,13.57,14.23,23.96,27.36,28150,28230,29600,49830,56910,,
99,U.S.,1,US,622000,Hospitals,"3-digit, ownership",2,25-3021,Self-Enrichment Teachers,detailed,40,2.1,,,0.01,1,17.73,36890,1.5,13.54,13.57,14.23,23.96,27.36,28150,28230,29600,49830,56910,,
99,U.S.,1,US,622000,Hospitals,"3-digit, ownership",2,25-3090,Miscellaneous Teachers and Instructors,broad,170,1.2,,,0.04,5,*,62440,1,*,*,*,*,*,32330,50300,64930,76550,81700,TRUE,
99,U.S.,1,US,622000,Hospitals,"3-digit, ownership",2,25-3099,"Teachers and Instructors, All Other",detailed,170,1.2,,,0.04,5,*,62440,1,*,*,*,*,*,32330,50300,64930,76550,81700,TRUE,
99,U.S.,1,US,622000,Hospitals,"3-digit, ownership",2,25-4000,"Librarians, Curators, and Archivists",minor,100,0.2,,,0.02,4,30.34,63110,0.6,20.25,22.88,29.8,37.01,43.33,42120,47590,61990,76980,90130,,
99,U.S.,1,US,622000,Hospitals,"3-digit, ownership",2,25-4020,Librarians and Media Collections Specialists,broad,80,0.7,,,0.02,4,31.87,66300,0.6,22.84,24.62,30.06,37.02,43.33,47500,51200,62530,76990,90130,,
99,U.S.,1,US,622000,Hospitals,"3-digit, ownership",2,25-4022,Librarians and Media Collections Specialists,detailed,80,0.7,,,0.02,4,31.87,66300,0.6,22.84,24.62,30.06,37.02,43.33,47500,51200,62530,76990,90130,,
99,U.S.,1,US,622000,Hospitals,"3-digit, ownership",2,25-9000,Other Educational Instruction and Library Occupations,minor,730,0,,,0.17,4,*,68640,0.6,*,*,*,*,*,39630,53490,59690,73510,94660,TRUE,
99,U.S.,1,US,622000,Hospitals,"3-digit, ownership",2,25-9030,Instructional Coordinators,broad,470,0.5,,,0.11,3,34.83,72440,0.6,28.7,28.7,28.95,35.34,45.84,59690,59690,60210,73510,95340,,
99,U.S.,1,US,622000,Hospitals,"3-digit, ownership",2,25-9031,Instructional Coordinators,detailed,470,0.5,,,0.11,3,34.83,72440,0.6,28.7,28.7,28.95,35.34,45.84,59690,59690,60210,73510,95340,,
99,U.S.,1,US,622000,Hospitals,"3-digit, ownership",2,25-9040,Teaching Assistants,broad,150,0.2,,,0.03,2,*,53170,0.7,*,*,*,*,*,39630,46700,46700,56810,72940,TRUE,
99,U.S.,1,US,622000,Hospitals,"3-digit, ownership",2,25-9044,"Teaching Assistants, Postsecondary",detailed,100,0.4,,,0.02,~,*,56590,0.7,*,*,*,*,*,39900,46700,46700,72940,72940,TRUE,
99,U.S.,1,US,622000,Hospitals,"3-digit, ownership",2,25-9045,"Teaching Assistants, Except Postsecondary",detailed,50,1.4,,,0.01,1,*,45460,0.6,*,*,*,*,*,35680,39630,49210,49600,56810,TRUE,
99,U.S.,1,US,622000,Hospitals,"3-digit, ownership",2,25-9090,Miscellaneous Educational Instruction and Library Workers,broad,110,2,,,0.02,2,35.28,73380,0.7,17.06,17.11,22.26,37,58.77,35490,35590,46300,76960,122250,,
99,U.S.,1,US,622000,Hospitals,"3-digit, ownership",2,25-9099,"Educational Instruction and Library Workers, All Other",detailed,110,2,,,0.02,2,35.28,73380,0.7,17.06,17.11,22.26,37,58.77,35490,35590,46300,76960,122250,,
99,U.S.,1,US,622000,Hospitals,"3-digit, ownership",2,27-0000,"Arts, Design, Entertainment, Sports, and Media Occupations",major,1080,0,,,0.25,8,35.87,74600,0.9,23.61,28.42,31.55,41.52,51.39,49110,59110,65620,86360,106880,,
99,U.S.,1,US,622000,Hospitals,"3-digit, ownership",2,27-1000,Art and Design Workers,minor,120,0.6,,,0.03,2,33.8,70300,1.8,23.78,29.04,31.02,39.26,46.33,49460,60410,64520,81650,96360,,
99,U.S.,1,US,622000,Hospitals,"3-digit, ownership",2,27-1020,Designers,broad,100,0.6,,,0.02,2,32.12,66810,2.2,23.78,28.42,31.02,35.49,44.22,49460,59110,64520,73820,91980,,
99,U.S.,1,US,622000,Hospitals,"3-digit, ownership",2,27-1024,Graphic Designers,detailed,50,1.2,,,0.01,2,31.39,65280,0.9,23.38,24.98,29.94,37.25,43.09,48620,51950,62260,77490,89630,,
99,U.S.,1,US,622000,Hospitals,"3-digit, ownership",2,27-1025,Interior Designers,detailed,40,0.8,,,0.01,~,32.77,68150,3.3,31.02,31.02,31.02,31.02,37.65,64520,64520,64520,64520,78310,,
99,U.S.,1,US,622000,Hospitals,"3-digit, ownership",2,27-3000,Media and Communication Workers,minor,870,0.1,,,0.2,7,36.42,75740,0.8,23.01,28.66,31.85,42.98,55.92,47860,59610,66240,89390,116310,,
99,U.S.,1,US,622000,Hospitals,"3-digit, ownership",2,27-3030,Public Relations Specialists,broad,330,0.4,,,0.08,6,35.54,73920,0.8,19.62,26.9,31.96,42.98,51.53,40800,55950,66480,89390,107190,,
99,U.S.,1,US,622000,Hospitals,"3-digit, ownership",2,27-3031,Public Relations Specialists,detailed,330,0.4,,,0.08,6,35.54,73920,0.8,19.62,26.9,31.96,42.98,51.53,40800,55950,66480,89390,107190,,
99,U.S.,1,US,622000,Hospitals,"3-digit, ownership",2,27-3040,Writers and Editors,broad,80,2.4,,,0.02,1,39.26,81660,0.9,29.87,32.14,37.05,46.88,50.63,62140,66860,77070,97520,105310,,
99,U.S.,1,US,622000,Hospitals,"3-digit, ownership",2,27-3042,Technical Writers,detailed,30,3,,,0.01,1,34.6,71960,0.9,29.87,31.93,35.19,37.05,41.04,62140,66410,73200,77070,85360,,
99,U.S.,1,US,622000,Hospitals,"3-digit, ownership",2,27-3090,Miscellaneous Media and Communication Workers,broad,470,0.4,,,0.11,4,36.57,76060,0.8,24.46,28.66,31.55,41.52,60.54,50880,59610,65620,86360,125920,,
99,U.S.,1,US,622000,Hospitals,"3-digit, ownership",2,27-3091,Interpreters and Translators,detailed,380,0.5,,,0.09,4,31.89,66320,0.8,24.02,27.62,30.27,33.47,41.52,49960,57460,62960,69620,86360,,
99,U.S.,1,US,622000,Hospitals,"3-digit, ownership",2,27-3099,"Media and Communication Workers, All Other",detailed,90,0.2,,,0.02,1,*,*,*,*,*,*,*,*,*,*,*,*,*,,
99,U.S.,1,US,622000,Hospitals,"3-digit, ownership",2,27-4000,Media and Communication Equipment Workers,minor,80,2.2,,,0.02,2,30.86,64190,0.7,23.61,23.61,29.89,36.16,39.56,49110,49110,62170,75210,82280,,
99,U.S.,1,US,622000,Hospitals,"3-digit, ownership",2,27-4010,"Broadcast, Sound, and Lighting Technicians",broad,50,3,,,0.01,1,29.73,61830,0.8,23.61,23.61,29.89,31.59,39.03,49110,49110,62170,65700,81180,,
99,U.S.,1,US,622000,Hospitals,"3-digit, ownership",2,27-4011,Audio and Video Technicians,detailed,50,2.8,,,0.01,1,29.36,61060,0.7,23.61,23.61,29.89,31.59,39.03,49110,49110,62170,65700,81180,,
99,U.S.,1,US,622000,Hospitals,"3-digit, ownership",2,29-0000,Healthcare Practitioners and Technical Occupations,major,210680,0,,,48.95,91,49.4,102740,0.3,24.31,32.62,41.57,60.45,81.35,50560,67860,86470,125740,169210,,
99,U.S.,1,US,622000,Hospitals,"3-digit, ownership",2,29-1000,Healthcare Diagnosing or Treating Practitioners,minor,151700,0,,,35.24,89,56.03,116550,0.3,32.61,39.32,48.96,64.57,89.77,67830,81790,101830,134310,186730,,
99,U.S.,1,US,622000,Hospitals,"3-digit, ownership",2,29-1020,Dentists,broad,110,0.4,,,0.03,6,71.71,149150,0.5,32.03,51.47,69.7,91.71,98.56,66610,107050,144970,190760,205000,,
99,U.S.,1,US,622000,Hospitals,"3-digit, ownership",2,29-1021,"Dentists, General",detailed,100,1.5,,,0.02,6,74.25,154430,0.7,36.83,63.59,71.51,92.05,98.56,76610,132270,148740,191450,205000,,
99,U.S.,1,US,622000,Hospitals,"3-digit, ownership",2,29-1030,Dietitians and Nutritionists,broad,1390,0.4,,,0.32,18,38.82,80740,0.2,28.24,31.97,37.94,44.51,50.71,58730,66490,78920,92580,105470,,
99,U.S.,1,US,622000,Hospitals,"3-digit, ownership",2,29-1031,Dietitians and Nutritionists,detailed,1390,0.4,,,0.32,18,38.82,80740,0.2,28.24,31.97,37.94,44.51,50.71,58730,66490,78920,92580,105470,,
99,U.S.,1,US,622000,Hospitals,"3-digit, ownership",2,29-1040,Optometrists,broad,70,2.8,,,0.02,1,66.33,137960,0.4,37.67,47.23,69.8,77.08,83.59,78360,98230,145190,160320,173870,,
99,U.S.,1,US,622000,Hospitals,"3-digit, ownership",2,29-1041,Optometrists,detailed,70,2.8,,,0.02,1,66.33,137960,0.4,37.67,47.23,69.8,77.08,83.59,78360,98230,145190,160320,173870,,
99,U.S.,1,US,622000,Hospitals,"3-digit, ownership",2,29-1050,Pharmacists,broad,7200,0,,,1.67,45,73.43,152730,0.3,52.69,65.37,73.03,85.84,97.86,109580,135970,151900,178560,203540,,
99,U.S.,1,US,622000,Hospitals,"3-digit, ownership",2,29-1051,Pharmacists,detailed,7200,0,,,1.67,45,73.43,152730,0.3,52.69,65.37,73.03,85.84,97.86,109580,135970,151900,178560,203540,,
99,U.S.,1,US,622000,Hospitals,"3-digit, ownership",2,29-1070,Physician Assistants,broad,1980,0.3,,,0.46,9,62.54,130080,0.5,15.85,53.96,64.61,77.73,85.64,32970,112230,134400,161680,178120,,
99,U.S.,1,US,622000,Hospitals,"3-digit, ownership",2,29-1071,Physician Assistants,detailed,1980,0.3,,,0.46,9,62.54,130080,0.5,15.85,53.96,64.61,77.73,85.64,32970,112230,134400,161680,178120,,
99,U.S.,1,US,622000,Hospitals,"3-digit, ownership",2,29-1120,Therapists,broad,15290,0.1,,,3.55,60,45.4,94430,0.3,29.29,37.36,44.03,52.65,63,60920,77700,91590,109510,131030,,
99,U.S.,1,US,622000,Hospitals,"3-digit, ownership",2,29-1122,Occupational Therapists,detailed,2960,0.2,,,0.69,21,47.98,99800,0.3,35.18,40.04,48.1,54.55,62.34,73180,83290,100040,113470,129670,,
99,U.S.,1,US,622000,Hospitals,"3-digit, ownership",2,29-1123,Physical Therapists,detailed,3260,0.1,,,0.76,13,52.09,108340,0.3,40.45,46.11,51.21,58.17,64.63,84140,95910,106510,120990,134430,,
99,U.S.,1,US,622000,Hospitals,"3-digit, ownership",2,29-1124,Radiation Therapists,detailed,760,0.4,,,0.18,4,59.16,123060,0.4,39.42,47.48,51.77,68.14,85.39,82000,98760,107680,141730,177600,,
99,U.S.,1,US,622000,Hospitals,"3-digit, ownership",2,29-1125,Recreational Therapists,detailed,2190,0.2,,,0.51,51,34.66,72080,0.3,20.86,24.59,32.48,45.5,48.68,43380,51160,67550,94640,101250,,
99,U.S.,1,US,622000,Hospitals,"3-digit, ownership",2,29-1126,Respiratory Therapists,detailed,4410,0.1,,,1.02,9,42.87,89170,0.3,31.48,32.67,39.29,49.88,60.46,65480,67960,81720,103750,125770,,
99,U.S.,1,US,622000,Hospitals,"3-digit, ownership",2,29-1127,Speech-Language Pathologists,detailed,1090,0.5,,,0.25,9,49.3,102550,0.3,37.7,41.55,49.09,57.21,63.92,78420,86420,102100,119000,132960,,
99,U.S.,1,US,622000,Hospitals,"3-digit, ownership",2,29-1128,Exercise Physiologists,detailed,220,0.4,,,0.05,3,28.41,59100,0.5,23.32,24.46,28.58,31.46,32.46,48510,50870,59450,65430,67520,,
99,U.S.,1,US,622000,Hospitals,"3-digit, ownership",2,29-1129,"Therapists, All Other",detailed,380,1.4,,,0.09,6,30.31,63040,0.3,22.34,23.04,27.15,33.91,44.08,46480,47920,56470,70530,91690,,
99,U.S.,1,US,622000,Hospitals,"3-digit, ownership",2,29-1140,Registered Nurses,broad,107420,0,,,24.95,82,52.57,109350,0.3,33.72,39.51,48.07,61.6,81.35,70140,82170,99980,128120,169210,,
99,U.S.,1,US,622000,Hospitals,"3-digit, ownership",2,29-1141,Registered Nurses,detailed,107420,0,,,24.95,82,52.57,109350,0.3,33.72,39.51,48.07,61.6,81.35,70140,82170,99980,128120,169210,,
99,U.S.,1,US,622000,Hospitals,"3-digit, ownership",2,29-1150,Nurse Anesthetists,broad,1300,0.1,,,0.3,3,100.68,209420,0.3,47.06,81.58,105.44,#,#,97890,169680,219320,#,#,,
99,U.S.,1,US,622000,Hospitals,"3-digit, ownership",2,29-1151,Nurse Anesthetists,detailed,1300,0.1,,,0.3,3,100.68,209420,0.3,47.06,81.58,105.44,#,#,97890,169680,219320,#,#,,
99,U.S.,1,US,622000,Hospitals,"3-digit, ownership",2,29-1160,Nurse Midwives,broad,60,1.3,,,0.01,1,64.32,133790,0.3,51,56.86,64.73,74.52,77.16,106080,118260,134640,154990,160490,,
99,U.S.,1,US,622000,Hospitals,"3-digit, ownership",2,29-1161,Nurse Midwives,detailed,60,1.3,,,0.01,1,64.32,133790,0.3,51,56.86,64.73,74.52,77.16,106080,118260,134640,154990,160490,,
99,U.S.,1,US,622000,Hospitals,"3-digit, ownership",2,29-1170,Nurse Practitioners,broad,4620,0.2,,,1.07,36,72.65,151120,0.3,51.59,54.74,65.56,85.06,111.72,107310,113870,136350,176920,232390,,
99,U.S.,1,US,622000,Hospitals,"3-digit, ownership",2,29-1171,Nurse Practitioners,detailed,4620,0.2,,,1.07,36,72.65,151120,0.3,51.59,54.74,65.56,85.06,111.72,107310,113870,136350,176920,232390,,
99,U.S.,1,US,622000,Hospitals,"3-digit, ownership",2,29-1180,Audiologists,broad,170,1.1,,,0.04,3,51.21,106510,0.3,37.59,46.63,49.82,57.3,64.65,78190,96990,103630,119190,134470,,
99,U.S.,1,US,622000,Hospitals,"3-digit, ownership",2,29-1181,Audiologists,detailed,170,1.1,,,0.04,3,51.21,106510,0.3,37.59,46.63,49.82,57.3,64.65,78190,96990,103630,119190,134470,,
99,U.S.,1,US,622000,Hospitals,"3-digit, ownership",2,29-1210,Physicians,broad,11320,0,,,2.63,30,78.22,162700,0.6,30.16,32.3,38.19,#,#,62730,67170,79440,#,#,,
99,U.S.,1,US,622000,Hospitals,"3-digit, ownership",2,29-1214,Emergency Medicine Physicians,detailed,170,0.3,,,0.04,2,*,*,*,*,*,*,*,*,*,*,*,*,*,,
99,U.S.,1,US,622000,Hospitals,"3-digit, ownership",2,29-1216,General Internal Medicine Physicians,detailed,520,0.4,,,0.12,3,87.31,181600,0.7,30.43,37.15,45.23,#,#,63300,77280,94080,#,#,,
99,U.S.,1,US,622000,Hospitals,"3-digit, ownership",2,29-1218,Obstetricians and Gynecologists,detailed,100,1.9,,,0.02,1,*,*,*,*,*,*,*,*,*,*,*,*,*,,
99,U.S.,1,US,622000,Hospitals,"3-digit, ownership",2,29-1221,"Pediatricians, General",detailed,120,1.9,,,0.03,1,*,*,*,*,*,*,*,*,*,*,*,*,*,,
99,U.S.,1,US,622000,Hospitals,"3-digit, ownership",2,29-1222,"Physicians, Pathologists",detailed,70,0.4,,,0.02,1,*,*,*,*,*,*,*,*,*,*,*,*,*,,
99,U.S.,1,US,622000,Hospitals,"3-digit, ownership",2,29-1223,Psychiatrists,detailed,1930,0.2,,,0.45,21,113.75,236590,1,44.44,85.45,#,#,#,92440,177740,#,#,#,,
99,U.S.,1,US,622000,Hospitals,"3-digit, ownership",2,29-1224,Radiologists,detailed,230,0.2,,,0.05,2,*,*,*,*,*,*,*,*,*,*,*,*,*,,
99,U.S.,1,US,622000,Hospitals,"3-digit, ownership",2,29-1242,"Orthopedic Surgeons, Except Pediatric",detailed,**,**,,,**,**,180.22,374850,6.7,86.14,#,#,#,#,179170,#,#,#,#,,
99,U.S.,1,US,622000,Hospitals,"3-digit, ownership",2,29-1290,Miscellaneous Healthcare Diagnosing or Treating Practitioners,broad,360,0.4,,,0.08,7,42.79,89010,0.8,23.89,30.34,33.5,49.35,78.62,49690,63100,69670,102640,163530,,
99,U.S.,1,US,622000,Hospitals,"3-digit, ownership",2,29-1292,Dental Hygienists,detailed,60,3.8,,,0.02,4,34.97,72730,0.4,25.05,27.75,34.05,39.25,48.19,52090,57720,70820,81640,100240,,
99,U.S.,1,US,622000,Hospitals,"3-digit, ownership",2,29-1299,"Healthcare Diagnosing or Treating Practitioners, All Other",detailed,280,0.4,,,0.07,3,43.95,91410,0.9,22.24,30.34,33.5,50.61,82.74,46260,63100,69670,105270,172090,,
99,U.S.,1,US,622000,Hospitals,"3-digit, ownership",2,29-2000,Health Technologists and Technicians,minor,56930,0.1,,,13.23,77,32.07,66700,0.3,18.77,23.36,29.91,38.66,48.8,39050,48580,62210,80400,101510,,
99,U.S.,1,US,622000,Hospitals,"3-digit, ownership",2,29-2010,Clinical Laboratory Technologists and Technicians,broad,7740,0,,,1.8,14,35.01,72820,0.4,19.24,25.6,35.99,41.06,49.1,40020,53250,74860,85410,102130,,
99,U.S.,1,US,622000,Hospitals,"3-digit, ownership",2,29-2010,Clinical Laboratory Technologists and Technicians,detailed,7740,0,,,1.8,14,35.01,72820,0.4,19.24,25.6,35.99,41.06,49.1,40020,53250,74860,85410,102130,,
99,U.S.,1,US,622000,Hospitals,"3-digit, ownership",2,29-2030,Diagnostic Related Technologists and Technicians,broad,10820,0,,,2.51,12,43.6,90700,0.3,25.65,33.1,40.35,50.38,63.45,53340,68850,83930,104790,131970,,
99,U.S.,1,US,622000,Hospitals,"3-digit, ownership",2,29-2031,Cardiovascular Technologists and Technicians,detailed,1710,0,,,0.4,6,32.99,68620,0.3,18.54,21.68,31.64,41.11,50.47,38570,45090,65810,85500,104970,,
99,U.S.,1,US,622000,Hospitals,"3-digit, ownership",2,29-2032,Diagnostic Medical Sonographers,detailed,2070,0.2,,,0.48,6,50.2,104410,0.3,34.7,40.05,48.72,57.18,77.72,72180,83300,101350,118930,161660,,
99,U.S.,1,US,622000,Hospitals,"3-digit, ownership",2,29-2033,Nuclear Medicine Technologists,detailed,480,0.3,,,0.11,5,51.33,106760,0.4,38.71,41.5,47.39,55.12,75.09,80520,86310,98560,114650,156190,,
99,U.S.,1,US,622000,Hospitals,"3-digit, ownership",2,29-2034,Radiologic Technologists and Technicians,detailed,5330,0,,,1.24,11,42.11,87580,0.4,27.02,32.35,39.16,49.42,61.63,56200,67300,81460,102790,128190,,
99,U.S.,1,US,622000,Hospitals,"3-digit, ownership",2,29-2035,Magnetic Resonance Imaging Technologists,detailed,1090,0.1,,,0.25,6,48.4,100670,0.3,38.66,40.24,48.38,51.53,63.59,80400,83700,100630,107180,132260,,
99,U.S.,1,US,622000,Hospitals,"3-digit, ownership",2,29-2036,Medical Dosimetrists,detailed,140,0.2,,,0.03,2,69.3,144150,0.4,55.15,61.62,61.87,70.86,78.34,114710,128160,128690,147400,162940,,
99,U.S.,1,US,622000,Hospitals,"3-digit, ownership",2,29-2040,Emergency Medical Technicians and Paramedics,broad,2890,0.1,,,0.67,5,25.86,53800,0.3,19.4,22.17,24,30.24,33.14,40360,46120,49910,62900,68940,,
99,U.S.,1,US,622000,Hospitals,"3-digit, ownership",2,29-2042,Emergency Medical Technicians,detailed,1900,0,,,0.44,4,23.21,48280,0.3,18.84,20.82,22.91,24.44,29.56,39190,43310,47660,50830,61480,,
99,U.S.,1,US,622000,Hospitals,"3-digit, ownership",2,29-2043,Paramedics,detailed,990,0.3,,,0.23,3,30.94,64350,0.3,24.52,28.84,30.51,33.14,38.51,50990,59990,63470,68940,80100,,
99,U.S.,1,US,622000,Hospitals,"3-digit, ownership",2,29-2050,Health Practitioner Support Technologists and Technicians,broad,22440,0.3,,,5.21,66,26.86,55860,0.3,18.24,20.65,24.62,31.28,38.24,37950,42950,51210,65060,79530,,
99,U.S.,1,US,622000,Hospitals,"3-digit, ownership",2,29-2051,Dietetic Technicians,detailed,690,0.5,,,0.16,6,21.37,44450,0.4,16.02,17.99,19.38,23.2,29.35,33320,37420,40310,48250,61040,,
99,U.S.,1,US,622000,Hospitals,"3-digit, ownership",2,29-2052,Pharmacy Technicians,detailed,5920,0.4,,,1.37,39,27.17,56520,0.3,18.98,22.68,25,31.96,37.98,39480,47160,52010,66470,78990,,
99,U.S.,1,US,622000,Hospitals,"3-digit, ownership",2,29-2053,Psychiatric Technicians,detailed,11990,0.7,,,2.79,56,25.47,52970,0.3,17.75,19.37,24.11,29.75,37.84,36910,40280,50150,61870,78710,,
99,U.S.,1,US,622000,Hospitals,"3-digit, ownership",2,29-2055,Surgical Technologists,detailed,3280,0,,,0.76,7,32.63,67880,0.3,20.05,25.14,31.53,38.26,46.19,41710,52290,65580,79570,96070,,
99,U.S.,1,US,622000,Hospitals,"3-digit, ownership",2,29-2057,Ophthalmic Medical Technicians,detailed,540,0.4,,,0.13,2,26.18,54450,0.2,19.49,20.52,25.12,29.72,35.37,40550,42670,52250,61820,73560,,
99,U.S.,1,US,622000,Hospitals,"3-digit, ownership",2,29-2060,Licensed Practical and Licensed Vocational Nurses,broad,6160,0.6,,,1.43,50,30.1,62600,0.5,19.52,24,29.51,34.44,41.18,40600,49910,61370,71620,85650,,
99,U.S.,1,US,622000,Hospitals,"3-digit, ownership",2,29-2061,Licensed Practical and Licensed Vocational Nurses,detailed,6160,0.6,,,1.43,50,30.1,62600,0.5,19.52,24,29.51,34.44,41.18,40600,49910,61370,71620,85650,,
99,U.S.,1,US,622000,Hospitals,"3-digit, ownership",2,29-2070,Medical Records Specialists,broad,3420,0.1,,,0.79,19,31.54,65600,0.2,18.95,23.94,30.06,37.94,49.51,39410,49800,62530,78910,102970,,
99,U.S.,1,US,622000,Hospitals,"3-digit, ownership",2,29-2072,Medical Records Specialists,detailed,3420,0.1,,,0.79,19,31.54,65600,0.2,18.95,23.94,30.06,37.94,49.51,39410,49800,62530,78910,102970,,
99,U.S.,1,US,622000,Hospitals,"3-digit, ownership",2,29-2090,Miscellaneous Health Technologists and Technicians,broad,3430,0.2,,,0.8,10,32.43,67450,0.2,19.45,21.19,28.18,36.35,50.49,40450,44080,58620,75600,105010,,
99,U.S.,1,US,622000,Hospitals,"3-digit, ownership",2,29-2091,Orthotists and Prosthetists,detailed,70,0.3,,,0.02,1,42.43,88250,0.6,27.41,31.98,39.64,51.3,63.21,57010,66510,82460,106700,131470,,
99,U.S.,1,US,622000,Hospitals,"3-digit, ownership",2,29-2099,"Health Technologists and Technicians, All Other",detailed,3340,0.3,,,0.78,9,32.2,66980,0.2,19.45,21.19,27.49,36.35,49.72,40450,44080,57180,75600,103410,,
99,U.S.,1,US,622000,Hospitals,"3-digit, ownership",2,29-9000,Other Healthcare Practitioners and Technical Occupations,minor,2050,0.5,,,0.48,14,39.61,82390,0.3,22.03,28.56,35.16,48.53,64.72,45830,59400,73120,100950,134620,,
99,U.S.,1,US,622000,Hospitals,"3-digit, ownership",2,29-9020,Health Information Technologists and Medical Registrars,broad,890,0.3,,,0.21,8,39.21,81560,0.2,19.15,24.86,35.16,48.39,67.77,39830,51710,73120,100660,140970,,
99,U.S.,1,US,622000,Hospitals,"3-digit, ownership",2,29-9021,Health Information Technologists and Medical Registrars,detailed,890,0.3,,,0.21,8,39.21,81560,0.2,19.15,24.86,35.16,48.39,67.77,39830,51710,73120,100660,140970,,
99,U.S.,1,US,622000,Hospitals,"3-digit, ownership",2,29-9090,Miscellaneous Health Practitioners and Technical Workers,broad,1160,0.6,,,0.27,9,39.92,83030,0.3,24.49,30.23,35.38,48.92,61.33,50940,62880,73600,101760,127570,,
99,U.S.,1,US,622000,Hospitals,"3-digit, ownership",2,29-9091,Athletic Trainers,detailed,250,0.5,,,0.06,2,*,65520,0.4,*,*,*,*,*,54020,59400,63660,67030,77290,TRUE,
99,U.S.,1,US,622000,Hospitals,"3-digit, ownership",2,29-9092,Genetic Counselors,detailed,160,0.8,,,0.04,2,56.81,118160,0.3,41.94,43.94,49.18,64.95,86.7,87240,91400,102290,135090,180340,,
99,U.S.,1,US,622000,Hospitals,"3-digit, ownership",2,29-9093,Surgical Assistants,detailed,160,0.6,,,0.04,3,46.09,95860,0.7,23.17,32.93,48,52.26,70.66,48190,68490,99840,108700,146980,,
99,U.S.,1,US,622000,Hospitals,"3-digit, ownership",2,29-9099,"Healthcare Practitioners and Technical Workers, All Other",detailed,590,1.1,,,0.14,7,37.34,77670,0.3,21.92,31.04,32.5,42.4,52.35,45590,64570,67600,88200,108880,,
99,U.S.,1,US,622000,Hospitals,"3-digit, ownership",2,31-0000,Healthcare Support Occupations,major,54870,0.1,,,12.75,55,22.08,45930,0.3,16.38,18.34,20.94,24.34,29.33,34070,38150,43560,50630,61010,,
99,U.S.,1,US,622000,Hospitals,"3-digit, ownership",2,31-1100,"Home Health and Personal Care Aides; and Nursing Assistants, Orderlies, and Psychiatric Aides",minor,38050,0.1,,,8.84,29,21.15,43990,0.3,16.28,18.16,20.37,23.16,27.38,33860,37770,42380,48170,56940,,
99,U.S.,1,US,622000,Hospitals,"3-digit, ownership",2,31-1120,Home Health and Personal Care Aides,broad,3580,0.2,,,0.83,11,18.28,38030,0.3,8.63,16.06,17.89,21.99,23.7,17940,33410,37210,45730,49290,,
99,U.S.,1,US,622000,Hospitals,"3-digit, ownership",2,31-1120,Home Health and Personal Care Aides,detailed,3580,0.2,,,0.83,11,18.28,38030,0.3,8.63,16.06,17.89,21.99,23.7,17940,33410,37210,45730,49290,,
99,U.S.,1,US,622000,Hospitals,"3-digit, ownership",2,31-1130,"Nursing Assistants, Orderlies, and Psychiatric Aides",broad,34470,0.1,,,8.01,26,21.45,44610,0.3,16.67,18.31,20.46,23.45,27.76,34680,38090,42550,48780,57750,,
99,U.S.,1,US,622000,Hospitals,"3-digit, ownership",2,31-1131,Nursing Assistants,detailed,22590,0.1,,,5.25,20,20.78,43210,0.3,16.74,18.3,19.92,22.81,25.17,34810,38060,41430,47450,52360,,
99,U.S.,1,US,622000,Hospitals,"3-digit, ownership",2,31-1132,Orderlies,detailed,2820,0.6,,,0.66,7,21.12,43930,0.4,16.96,18.16,20.34,23.05,26.48,35290,37770,42300,47940,55080,,
99,U.S.,1,US,622000,Hospitals,"3-digit, ownership",2,31-1133,Psychiatric Aides,detailed,9060,0.1,,,2.11,11,23.22,48290,0.3,16.44,19.82,22.49,26.1,32.48,34200,41220,46780,54300,67560,,
99,U.S.,1,US,622000,Hospitals,"3-digit, ownership",2,31-2000,Occupational Therapy and Physical Therapist Assistants and Aides,minor,1350,0.3,,,0.31,15,28.71,59710,0.4,17.42,21.12,29.1,35.06,39.41,36230,43930,60530,72930,81970,,
99,U.S.,1,US,622000,Hospitals,"3-digit, ownership",2,31-2010,Occupational Therapy Assistants and Aides,broad,440,0.7,,,0.1,11,29.25,60840,0.4,19.47,24.75,29.25,34.4,37.86,40510,51480,60850,71550,78750,,
99,U.S.,1,US,622000,Hospitals,"3-digit, ownership",2,31-2011,Occupational Therapy Assistants,detailed,370,1,,,0.09,11,31.36,65220,0.3,24.72,26.61,30.2,35.37,39.77,51410,55340,62810,73560,82720,,
99,U.S.,1,US,622000,Hospitals,"3-digit, ownership",2,31-2012,Occupational Therapy Aides,detailed,70,1,,,0.02,2,18.68,38860,0.4,15.64,15.64,18.27,21.56,21.56,32520,32520,38000,44840,44840,,
99,U.S.,1,US,622000,Hospitals,"3-digit, ownership",2,31-2020,Physical Therapist Assistants and Aides,broad,910,0.7,,,0.21,10,28.45,59170,0.4,16.85,20.08,29.1,35.1,39.5,35040,41770,60530,73010,82150,,
99,U.S.,1,US,622000,Hospitals,"3-digit, ownership",2,31-2021,Physical Therapist Assistants,detailed,680,0.5,,,0.16,9,31.34,65190,0.3,17.55,25.97,30.61,36.44,40.6,36510,54020,63670,75800,84450,,
99,U.S.,1,US,622000,Hospitals,"3-digit, ownership",2,31-2022,Physical Therapist Aides,detailed,230,2.5,,,0.05,4,19.78,41140,0.7,15.81,18.12,19.59,21.12,24.54,32880,37700,40750,43930,51050,,
99,U.S.,1,US,622000,Hospitals,"3-digit, ownership",2,31-9000,Other Healthcare Support Occupations,minor,15470,0.1,,,3.59,43,23.81,49530,0.3,16.78,19.07,22.6,27.61,32.02,34910,39660,47020,57430,66600,,
99,U.S.,1,US,622000,Hospitals,"3-digit, ownership",2,31-9010,Massage Therapists,broad,40,3,,,0.01,1,30.73,63910,1.2,22.53,25.93,27.58,32.06,34.45,46870,53930,57370,66680,71650,,
99,U.S.,1,US,622000,Hospitals,"3-digit, ownership",2,31-9011,Massage Therapists,detailed,40,3,,,0.01,1,30.73,63910,1.2,22.53,25.93,27.58,32.06,34.45,46870,53930,57370,66680,71650,,
99,U.S.,1,US,622000,Hospitals,"3-digit, ownership",2,31-9090,Miscellaneous Healthcare Support Occupations,broad,15440,0.1,,,3.59,43,23.79,49490,0.3,16.78,19.07,22.6,27.61,31.95,34910,39660,47020,57430,66460,,
99,U.S.,1,US,622000,Hospitals,"3-digit, ownership",2,31-9091,Dental Assistants,detailed,130,1.1,,,0.03,6,25.35,52720,0.8,17.06,20.66,23.84,28.78,33.25,35480,42970,49590,59860,69160,,
99,U.S.,1,US,622000,Hospitals,"3-digit, ownership",2,31-9092,Medical Assistants,detailed,7100,0.1,,,1.65,12,23.5,48880,0.3,18.06,20.77,22.89,26.67,28.89,37570,43200,47600,55470,60090,,
99,U.S.,1,US,622000,Hospitals,"3-digit, ownership",2,31-9093,Medical Equipment Preparers,detailed,2950,0,,,0.68,7,25.24,52500,0.3,18.03,19.81,23.32,28.78,36.63,37510,41200,48510,59870,76180,,
99,U.S.,1,US,622000,Hospitals,"3-digit, ownership",2,31-9094,Medical Transcriptionists,detailed,130,0.6,,,0.03,4,23.78,49450,0.4,17.51,17.65,22.31,27.07,34.74,36410,36700,46400,56300,72260,,
99,U.S.,1,US,622000,Hospitals,"3-digit, ownership",2,31-9095,Pharmacy Aides,detailed,110,0.8,,,0.02,4,22.33,46450,0.4,17.74,19.47,23.27,24.94,26.88,36890,40490,48410,51880,55920,,
99,U.S.,1,US,622000,Hospitals,"3-digit, ownership",2,31-9096,Veterinary Assistants and Laboratory Animal Caretakers,detailed,40,0.5,,,0.01,1,24.17,50260,0.4,19.9,20.18,23.25,23.25,30.81,41390,41980,48350,48350,64080,,
99,U.S.,1,US,622000,Hospitals,"3-digit, ownership",2,31-9097,Phlebotomists,detailed,1970,0.2,,,0.46,8,22.72,47260,0.3,16.73,19,21.41,25.19,31.3,34800,39510,44530,52390,65100,,
99,U.S.,1,US,622000,Hospitals,"3-digit, ownership",2,31-9099,"Healthcare Support Workers, All Other",detailed,3010,0.7,,,0.7,32,23.76,49420,0.7,14.09,16.34,21.33,31.18,37.29,29310,33980,44360,64840,77570,,
99,U.S.,1,US,622000,Hospitals,"3-digit, ownership",2,33-0000,Protective Service Occupations,major,5900,0.2,,,1.37,35,26.29,54670,0.5,16.39,20.12,24.58,31.61,36.35,34100,41850,51130,65740,75600,,
99,U.S.,1,US,622000,Hospitals,"3-digit, ownership",2,33-1000,Supervisors of Protective Service Workers,minor,430,2.2,,,0.1,14,38.3,79660,0.4,25.77,29.72,37.01,46.43,52.87,53610,61810,76970,96580,109960,,
99,U.S.,1,US,622000,Hospitals,"3-digit, ownership",2,33-1010,First-Line Supervisors of Law Enforcement Workers,broad,170,1.3,,,0.04,4,41.52,86360,0.5,28.08,30.87,39.99,49.39,59.15,58400,64200,83190,102740,123040,,
99,U.S.,1,US,622000,Hospitals,"3-digit, ownership",2,33-1011,First-Line Supervisors of Correctional Officers,detailed,50,0.6,,,0.01,1,35.39,73610,0.5,24.01,28.87,37.65,40.81,42.96,49940,60050,78310,84880,89360,,
99,U.S.,1,US,622000,Hospitals,"3-digit, ownership",2,33-1012,First-Line Supervisors of Police and Detectives,detailed,110,2.2,,,0.03,3,44.42,92390,0.7,29.97,36.48,43.23,51.03,61.49,62350,75880,89910,106140,127900,,
99,U.S.,1,US,622000,Hospitals,"3-digit, ownership",2,33-1090,"Miscellaneous First-Line Supervisors, Protective Service Workers",broad,260,2.2,,,0.06,11,36.25,75400,0.4,24.57,28.22,34.43,40.71,52.18,51100,58710,71620,84670,108540,,
99,U.S.,1,US,622000,Hospitals,"3-digit, ownership",2,33-1091,First-Line Supervisors of Security Workers,detailed,210,2.9,,,0.05,8,35.1,73010,0.4,24.9,27.94,31.99,38.81,49.27,51790,58110,66540,80730,102470,,
99,U.S.,1,US,622000,Hospitals,"3-digit, ownership",2,33-1099,"First-Line Supervisors of Protective Service Workers, All Other",detailed,50,0.9,,,0.01,3,41.02,85320,0.7,21.54,30.24,42.5,52.87,55.02,44800,62900,88400,109960,114450,,
99,U.S.,1,US,622000,Hospitals,"3-digit, ownership",2,33-2000,Firefighting and Prevention Workers,minor,90,4.7,,,0.02,8,30.37,63170,1.9,23.67,27.94,29.58,30.25,40.06,49240,58120,61520,62910,83330,,
99,U.S.,1,US,622000,Hospitals,"3-digit, ownership",2,33-3000,Law Enforcement Workers,minor,1200,0.8,,,0.28,10,29.71,61800,0.4,21.76,24.05,31.61,31.61,38.39,45250,50020,65740,65740,79860,,
99,U.S.,1,US,622000,Hospitals,"3-digit, ownership",2,33-3010,"Bailiffs, Correctional Officers, and Jailers",broad,300,3.3,,,0.07,2,27.68,57580,0.8,19,24.58,27.63,30.18,32.54,39520,51130,57460,62770,67690,,
99,U.S.,1,US,622000,Hospitals,"3-digit, ownership",2,33-3012,Correctional Officers and Jailers,detailed,300,3.3,,,0.07,2,27.68,57580,0.8,19,24.58,27.63,30.18,32.54,39520,51130,57460,62770,67690,,
99,U.S.,1,US,622000,Hospitals,"3-digit, ownership",2,33-3020,Detectives and Criminal Investigators,broad,40,11.5,,,0.01,2,46.09,95860,3.6,30.29,37.01,44.97,50.2,66.64,63000,76970,93540,104410,138610,,
99,U.S.,1,US,622000,Hospitals,"3-digit, ownership",2,33-3021,Detectives and Criminal Investigators,detailed,40,11.5,,,0.01,2,46.09,95860,3.6,30.29,37.01,44.97,50.2,66.64,63000,76970,93540,104410,138610,,
99,U.S.,1,US,622000,Hospitals,"3-digit, ownership",2,33-3050,Police Officers,broad,850,0.6,,,0.2,8,29.77,61910,0.9,21.76,23.62,31.61,31.61,38.06,45250,49120,65740,65740,79150,,
99,U.S.,1,US,622000,Hospitals,"3-digit, ownership",2,33-3051,Police and Sheriff's Patrol Officers,detailed,850,0.6,,,0.2,8,29.77,61910,0.9,21.76,23.62,31.61,31.61,38.06,45250,49120,65740,65740,79150,,
99,U.S.,1,US,622000,Hospitals,"3-digit, ownership",2,33-9000,Other Protective Service Workers,minor,4180,0.1,,,0.97,20,23.97,49850,0.5,15.45,19,23.05,28.22,33.12,32140,39520,47950,58710,68880,,
99,U.S.,1,US,622000,Hospitals,"3-digit, ownership",2,33-9030,Security Guards and Gambling Surveillance Officers,broad,4110,0.2,,,0.95,20,23.99,49900,0.5,15.45,19.04,23.05,28.22,33.12,32140,39600,47950,58710,68880,,
99,U.S.,1,US,622000,Hospitals,"3-digit, ownership",2,33-9032,Security Guards,detailed,4110,0.2,,,0.95,20,23.99,49900,0.5,15.45,19.04,23.05,28.22,33.12,32140,39600,47950,58710,68880,,
99,U.S.,1,US,622000,Hospitals,"3-digit, ownership",2,33-9090,Miscellaneous Protective Service Workers,broad,70,0.5,,,0.02,1,22.14,46040,0.9,14.08,14.08,21.82,27.91,31.24,29290,29290,45380,58050,64990,,
99,U.S.,1,US,622000,Hospitals,"3-digit, ownership",2,33-9099,"Protective Service Workers, All Other",detailed,40,0.7,,,0.01,1,27.2,56570,1.3,21.82,24.45,27.38,30.71,33.52,45380,50860,56950,63880,69730,,
99,U.S.,1,US,622000,Hospitals,"3-digit, ownership",2,35-0000,Food Preparation and Serving Related Occupations,major,8120,0.2,,,1.89,41,21.5,44720,0.5,15.33,17.53,20.36,23.98,29.67,31880,36470,42340,49880,61710,,
99,U.S.,1,US,622000,Hospitals,"3-digit, ownership",2,35-1000,Supervisors of Food Preparation and Serving Workers,minor,960,0.3,,,0.22,18,27.01,56180,0.6,18.22,21.14,25.16,30.64,37.97,37890,43980,52330,63730,78980,,
99,U.S.,1,US,622000,Hospitals,"3-digit, ownership",2,35-1010,Supervisors of Food Preparation and Serving Workers,broad,960,0.3,,,0.22,18,27.01,56180,0.6,18.22,21.14,25.16,30.64,37.97,37890,43980,52330,63730,78980,,
99,U.S.,1,US,622000,Hospitals,"3-digit, ownership",2,35-1011,Chefs and Head Cooks,detailed,50,6,,,0.01,2,33.28,69220,0.5,24.03,27.87,30.56,36.47,49.35,49970,57970,63560,75860,102640,,
99,U.S.,1,US,622000,Hospitals,"3-digit, ownership",2,35-1012,First-Line Supervisors of Food Preparation and Serving Workers,detailed,910,0.2,,,0.21,18,26.68,55490,0.6,17.77,20.97,25.07,30.4,37.9,36970,43620,52150,63240,78840,,
99,U.S.,1,US,622000,Hospitals,"3-digit, ownership",2,35-2000,Cooks and Food Preparation Workers,minor,3030,0.2,,,0.7,32,21.35,44410,0.5,15.72,17.65,20.94,23.91,28.95,32690,36710,43560,49730,60220,,
99,U.S.,1,US,622000,Hospitals,"3-digit, ownership",2,35-2010,Cooks,broad,2110,0.6,,,0.49,22,21.66,45060,0.5,15.7,17.75,21.72,24.12,29.14,32660,36910,45180,50180,60610,,
99,U.S.,1,US,622000,Hospitals,"3-digit, ownership",2,35-2012,"Cooks, Institution and Cafeteria",detailed,2100,0.6,,,0.49,22,21.66,45060,0.5,15.7,17.75,21.71,24.12,29.14,32660,36910,45150,50180,60610,,
99,U.S.,1,US,622000,Hospitals,"3-digit, ownership",2,35-2020,Food Preparation Workers,broad,910,0.8,,,0.21,18,20.63,42910,0.6,16.1,17.08,19.29,23.68,28.54,33480,35520,40120,49260,59370,,
99,U.S.,1,US,622000,Hospitals,"3-digit, ownership",2,35-2021,Food Preparation Workers,detailed,910,0.8,,,0.21,18,20.63,42910,0.6,16.1,17.08,19.29,23.68,28.54,33480,35520,40120,49260,59370,,
99,U.S.,1,US,622000,Hospitals,"3-digit, ownership",2,35-3000,Food and Beverage Serving Workers,minor,3390,0.4,,,0.79,19,20.61,42870,0.5,15.02,17.26,18.68,22.77,27.6,31230,35900,38850,47360,57410,,
99,U.S.,1,US,622000,Hospitals,"3-digit, ownership",2,35-3020,Fast Food and Counter Workers,broad,1470,0.3,,,0.34,7,19.38,40320,0.6,13.74,16.74,18.92,21.86,22.52,28580,34820,39350,45470,46830,,
99,U.S.,1,US,622000,Hospitals,"3-digit, ownership",2,35-3023,Fast Food and Counter Workers,detailed,1470,0.3,,,0.34,7,19.38,40320,0.6,13.74,16.74,18.92,21.86,22.52,28580,34820,39350,45470,46830,,
99,U.S.,1,US,622000,Hospitals,"3-digit, ownership",2,35-3040,"Food Servers, Nonrestaurant",broad,1920,0.7,,,0.45,14,21.55,44820,0.5,15.09,17.71,18.55,24.9,31.99,31380,36840,38590,51780,66540,,
99,U.S.,1,US,622000,Hospitals,"3-digit, ownership",2,35-3041,"Food Servers, Nonrestaurant",detailed,1920,0.7,,,0.45,14,21.55,44820,0.5,15.09,17.71,18.55,24.9,31.99,31380,36840,38590,51780,66540,,
99,U.S.,1,US,622000,Hospitals,"3-digit, ownership",2,35-9000,Other Food Preparation and Serving Related Workers,minor,740,0.4,,,0.17,13,19.07,39670,0.6,15.68,16.7,19.72,20.36,23.33,32610,34740,41020,42340,48530,,
99,U.S.,1,US,622000,Hospitals,"3-digit, ownership",2,35-9010,Dining Room and Cafeteria Attendants and Bartender Helpers,broad,490,0.8,,,0.11,5,18.38,38220,0.7,15.68,16.48,19.14,20.06,20.36,32620,34280,39800,41720,42340,,
99,U.S.,1,US,622000,Hospitals,"3-digit, ownership",2,35-9011,Dining Room and Cafeteria Attendants and Bartender Helpers,detailed,490,0.8,,,0.11,5,18.38,38220,0.7,15.68,16.48,19.14,20.06,20.36,32620,34280,39800,41720,42340,,
99,U.S.,1,US,622000,Hospitals,"3-digit, ownership",2,35-9090,Miscellaneous Food Preparation and Serving Related Workers,broad,220,1.5,,,0.05,7,20.62,42890,0.8,15.16,16.7,20.71,23.84,26.4,31540,34740,43080,49580,54910,,
99,U.S.,1,US,622000,Hospitals,"3-digit, ownership",2,35-9099,"Food Preparation and Serving Related Workers, All Other",detailed,220,1.5,,,0.05,7,20.62,42890,0.8,15.16,16.7,20.71,23.84,26.4,31540,34740,43080,49580,54910,,
99,U.S.,1,US,622000,Hospitals,"3-digit, ownership",2,37-0000,Building and Grounds Cleaning and Maintenance Occupations,major,12410,0.1,,,2.88,59,20.5,42630,0.3,15.63,17.37,19.52,22.96,26.91,32500,36140,40600,47760,55970,,
99,U.S.,1,US,622000,Hospitals,"3-digit, ownership",2,37-1000,Supervisors of Building and Grounds Cleaning and Maintenance Workers,minor,780,2.8,,,0.18,28,28.23,58710,0.4,18.45,22.44,27.19,34.82,37.76,38380,46670,56550,72430,78540,,
99,U.S.,1,US,622000,Hospitals,"3-digit, ownership",2,37-1010,First-Line Supervisors of Building and Grounds Cleaning and Maintenance Workers,broad,780,2.8,,,0.18,28,28.23,58710,0.4,18.45,22.44,27.19,34.82,37.76,38380,46670,56550,72430,78540,,
99,U.S.,1,US,622000,Hospitals,"3-digit, ownership",2,37-1011,First-Line Supervisors of Housekeeping and Janitorial Workers,detailed,750,2.9,,,0.17,27,28.26,58780,0.4,18.42,22.44,27.19,34.82,37.76,38310,46670,56550,72430,78540,,
99,U.S.,1,US,622000,Hospitals,"3-digit, ownership",2,37-2000,Building Cleaning and Pest Control Workers,minor,11300,0.1,,,2.62,55,19.98,41560,0.3,15.51,17.34,19.08,22.73,24.17,32260,36070,39680,47280,50280,,
99,U.S.,1,US,622000,Hospitals,"3-digit, ownership",2,37-2010,Building Cleaning Workers,broad,11290,0.1,,,2.62,55,19.98,41560,0.3,15.51,17.34,19.08,22.73,24.17,32260,36070,39680,47280,50280,,
99,U.S.,1,US,622000,Hospitals,"3-digit, ownership",2,37-2011,"Janitors and Cleaners, Except Maids and Housekeeping Cleaners",detailed,8150,0.2,,,1.89,51,20.45,42530,0.3,16.06,17.58,20.07,22.96,24.2,33410,36560,41750,47760,50330,,
99,U.S.,1,US,622000,Hospitals,"3-digit, ownership",2,37-2012,Maids and Housekeeping Cleaners,detailed,3140,0.1,,,0.73,13,18.77,39050,0.3,14.68,15.97,17.8,20.05,24.17,30530,33220,37030,41700,50280,,
99,U.S.,1,US,622000,Hospitals,"3-digit, ownership",2,37-3000,Grounds Maintenance Workers,minor,330,1.3,,,0.08,10,19.8,41180,0.5,12.4,16.96,18.76,23.22,27.55,25780,35270,39030,48290,57300,,
99,U.S.,1,US,622000,Hospitals,"3-digit, ownership",2,37-3010,Grounds Maintenance Workers,broad,330,1.3,,,0.08,10,19.8,41180,0.5,12.4,16.96,18.76,23.22,27.55,25780,35270,39030,48290,57300,,
99,U.S.,1,US,622000,Hospitals,"3-digit, ownership",2,37-3011,Landscaping and Groundskeeping Workers,detailed,330,1.1,,,0.08,10,19.8,41180,0.5,12.4,16.96,18.76,23.22,27.55,25780,35270,39030,48290,57300,,
99,U.S.,1,US,622000,Hospitals,"3-digit, ownership",2,39-0000,Personal Care and Service Occupations,major,1080,0.3,,,0.25,16,20.33,42280,0.5,13.79,16.06,18.95,23.59,29.62,28690,33400,39420,49060,61620,,
99,U.S.,1,US,622000,Hospitals,"3-digit, ownership",2,39-1000,Supervisors of Personal Care and Service Workers,minor,50,3.9,,,0.01,2,25.71,53480,2.1,18.74,20.63,22.47,29.67,37.64,38980,42900,46730,61710,78280,,
99,U.S.,1,US,622000,Hospitals,"3-digit, ownership",2,39-1020,First-Line Supervisors of Personal Service Workers,broad,40,2.5,,,0.01,2,24.16,50240,2,18.74,20.63,21,24.95,34,38980,42900,43670,51900,70730,,
99,U.S.,1,US,622000,Hospitals,"3-digit, ownership",2,39-1022,First-Line Supervisors of Personal Service Workers,detailed,40,2.5,,,0.01,2,24.16,50240,2,18.74,20.63,21,24.95,34,38980,42900,43670,51900,70730,,
99,U.S.,1,US,622000,Hospitals,"3-digit, ownership",2,39-2000,Animal Care and Service Workers,minor,100,0.4,,,0.02,~,19.58,40730,0.6,18.36,18.95,18.95,21.07,21.07,38190,39420,39420,43830,43830,,
99,U.S.,1,US,622000,Hospitals,"3-digit, ownership",2,39-2020,Animal Caretakers,broad,100,0.4,,,0.02,~,19.58,40730,0.6,18.36,18.95,18.95,21.07,21.07,38190,39420,39420,43830,43830,,
99,U.S.,1,US,622000,Hospitals,"3-digit, ownership",2,39-2021,Animal Caretakers,detailed,100,0.4,,,0.02,~,19.58,40730,0.6,18.36,18.95,18.95,21.07,21.07,38190,39420,39420,43830,43830,,
99,U.S.,1,US,622000,Hospitals,"3-digit, ownership",2,39-5000,Personal Appearance Workers,minor,110,0.3,,,0.02,6,19.91,41400,0.6,12.57,15.98,18.51,24.2,27.61,26150,33240,38500,50340,57430,,
99,U.S.,1,US,622000,Hospitals,"3-digit, ownership",2,39-5010,"Barbers, Hairdressers, Hairstylists and Cosmetologists",broad,100,1.1,,,0.02,6,19.8,41180,0.5,12.57,15.98,18.41,24.2,27.61,26150,33240,38300,50340,57430,,
99,U.S.,1,US,622000,Hospitals,"3-digit, ownership",2,39-5012,"Hairdressers, Hairstylists, and Cosmetologists",detailed,80,0.3,,,0.02,5,19.5,40560,0.5,12.16,15.72,18.03,24.2,27.61,25280,32690,37510,50340,57430,,
99,U.S.,1,US,622000,Hospitals,"3-digit, ownership",2,39-9000,Other Personal Care and Service Workers,minor,790,0.3,,,0.18,12,19.54,40630,0.5,13.13,16.06,17.29,23.45,27.83,27310,33400,35970,48770,57890,,
99,U.S.,1,US,622000,Hospitals,"3-digit, ownership",2,39-9010,Childcare Workers,broad,210,1,,,0.05,1,17.42,36230,0.6,16.06,16.06,16.06,16.06,23.41,33400,33400,33400,33400,48690,,
99,U.S.,1,US,622000,Hospitals,"3-digit, ownership",2,39-9011,Childcare Workers,detailed,210,1,,,0.05,1,17.42,36230,0.6,16.06,16.06,16.06,16.06,23.41,33400,33400,33400,33400,48690,,
99,U.S.,1,US,622000,Hospitals,"3-digit, ownership",2,39-9030,Recreation and Fitness Workers,broad,460,0.6,,,0.11,10,21.44,44600,0.5,15.04,17.19,19.58,24.78,30.41,31280,35750,40720,51550,63250,,
99,U.S.,1,US,622000,Hospitals,"3-digit, ownership",2,39-9031,Exercise Trainers and Group Fitness Instructors,detailed,130,1,,,0.03,2,21.64,45010,0.5,15.04,17.19,17.19,25.32,32.31,31280,35750,35750,52660,67210,,
99,U.S.,1,US,622000,Hospitals,"3-digit, ownership",2,39-9032,Recreation Workers,detailed,330,0.5,,,0.08,8,21.36,44430,0.5,14.51,17.29,19.85,24.56,30.27,30180,35970,41290,51080,62960,,
99,U.S.,1,US,622000,Hospitals,"3-digit, ownership",2,39-9040,Residential Advisors,broad,100,2.4,,,0.02,2,15.63,32500,1.1,8.28,8.28,12.39,22.89,32.67,17210,17210,25760,47620,67960,,
99,U.S.,1,US,622000,Hospitals,"3-digit, ownership",2,39-9041,Residential Advisors,detailed,100,2.4,,,0.02,2,15.63,32500,1.1,8.28,8.28,12.39,22.89,32.67,17210,17210,25760,47620,67960,,
99,U.S.,1,US,622000,Hospitals,"3-digit, ownership",2,41-0000,Sales and Related Occupations,major,510,0.5,,,0.12,7,21.47,44660,0.5,15.97,17.27,19.45,23.18,26.55,33210,35930,40450,48220,55230,,
99,U.S.,1,US,622000,Hospitals,"3-digit, ownership",2,41-1000,Supervisors of Sales Workers,minor,40,2.7,,,0.01,2,29.69,61760,0.8,19.72,24.54,27,36.81,39.34,41030,51050,56160,76560,81830,,
99,U.S.,1,US,622000,Hospitals,"3-digit, ownership",2,41-1010,First-Line Supervisors of Sales Workers,broad,40,2.7,,,0.01,2,29.69,61760,0.8,19.72,24.54,27,36.81,39.34,41030,51050,56160,76560,81830,,
99,U.S.,1,US,622000,Hospitals,"3-digit, ownership",2,41-1011,First-Line Supervisors of Retail Sales Workers,detailed,40,2.6,,,0.01,2,29.69,61760,0.8,19.72,24.54,27,36.81,39.34,41030,51050,56160,76560,81830,,
99,U.S.,1,US,622000,Hospitals,"3-digit, ownership",2,41-2000,Retail Sales Workers,minor,450,0.8,,,0.1,7,19.56,40680,0.3,15.97,17.07,19.14,22.47,23.29,33210,35500,39800,46730,48450,,
99,U.S.,1,US,622000,Hospitals,"3-digit, ownership",2,41-2010,Cashiers,broad,340,0.8,,,0.08,5,18.73,38960,0.3,15.29,16.32,18.87,21.05,23.18,31800,33940,39250,43780,48220,,
99,U.S.,1,US,622000,Hospitals,"3-digit, ownership",2,41-2011,Cashiers,detailed,340,0.8,,,0.08,5,18.73,38960,0.3,15.29,16.32,18.87,21.05,23.18,31800,33940,39250,43780,48220,,
99,U.S.,1,US,622000,Hospitals,"3-digit, ownership",2,41-2030,Retail Salespersons,broad,110,0.7,,,0.03,3,22.08,45920,0.3,17.91,19.54,22.15,23.41,24.44,37260,40650,46080,48690,50830,,
99,U.S.,1,US,622000,Hospitals,"3-digit, ownership",2,41-2031,Retail Salespersons,detailed,110,0.7,,,0.03,3,22.08,45920,0.3,17.91,19.54,22.15,23.41,24.44,37260,40650,46080,48690,50830,,
99,U.S.,1,US,622000,Hospitals,"3-digit, ownership",2,43-0000,Office and Administrative Support Occupations,major,47670,0,,,11.07,85,25.9,53870,0.1,17.71,20.3,24.07,29.79,36.15,36830,42220,50070,61970,75190,,
99,U.S.,1,US,622000,Hospitals,"3-digit, ownership",2,43-1000,Supervisors of Office and Administrative Support Workers,minor,3650,0.2,,,0.85,43,36.4,75710,0.1,24.28,29.15,34.84,41.49,49.89,50510,60620,72470,86300,103760,,
99,U.S.,1,US,622000,Hospitals,"3-digit, ownership",2,43-1010,First-Line Supervisors of Office and Administrative Support Workers,broad,3650,0.2,,,0.85,43,36.4,75710,0.1,24.28,29.15,34.84,41.49,49.89,50510,60620,72470,86300,103760,,
99,U.S.,1,US,622000,Hospitals,"3-digit, ownership",2,43-1011,First-Line Supervisors of Office and Administrative Support Workers,detailed,3650,0.2,,,0.85,43,36.4,75710,0.1,24.28,29.15,34.84,41.49,49.89,50510,60620,72470,86300,103760,,
99,U.S.,1,US,622000,Hospitals,"3-digit, ownership",2,43-2000,Communications Equipment Operators,minor,430,0.6,,,0.1,7,19.71,40990,0.4,15.11,16.55,19.23,22.18,24.2,31440,34420,40000,46130,50330,,
99,U.S.,1,US,622000,Hospitals,"3-digit, ownership",2,43-2010,"Switchboard Operators, Including Answering Service",broad,400,1,,,0.09,6,19.56,40680,0.4,15.11,16.55,19.23,21.95,23.95,31440,34420,40000,45650,49810,,
99,U.S.,1,US,622000,Hospitals,"3-digit, ownership",2,43-2011,"Switchboard Operators, Including Answering Service",detailed,400,1,,,0.09,6,19.56,40680,0.4,15.11,16.55,19.23,21.95,23.95,31440,34420,40000,45650,49810,,
99,U.S.,1,US,622000,Hospitals,"3-digit, ownership",2,43-2020,Telephone Operators,broad,30,5.1,,,0.01,1,21.46,44640,0.6,14.53,15.74,21.36,27.04,27.74,30220,32730,44440,56240,57700,,
99,U.S.,1,US,622000,Hospitals,"3-digit, ownership",2,43-2021,Telephone Operators,detailed,30,5.1,,,0.01,1,21.46,44640,0.6,14.53,15.74,21.36,27.04,27.74,30220,32730,44440,56240,57700,,
99,U.S.,1,US,622000,Hospitals,"3-digit, ownership",2,43-3000,Financial Clerks,minor,4790,0.1,,,1.11,46,27.87,57970,0.1,19.43,22.83,25.69,32.18,37.46,40410,47490,53440,66940,77910,,
99,U.S.,1,US,622000,Hospitals,"3-digit, ownership",2,43-3010,Bill and Account Collectors,broad,790,0.3,,,0.18,25,34.97,72750,0.3,24.48,29.01,35.8,40.64,40.64,50910,60350,74470,84530,84530,,
99,U.S.,1,US,622000,Hospitals,"3-digit, ownership",2,43-3011,Bill and Account Collectors,detailed,790,0.3,,,0.18,25,34.97,72750,0.3,24.48,29.01,35.8,40.64,40.64,50910,60350,74470,84530,84530,,
99,U.S.,1,US,622000,Hospitals,"3-digit, ownership",2,43-3020,Billing and Posting Clerks,broad,2340,0.1,,,0.54,9,27.34,56860,0.2,20.45,23.38,25.04,31.91,35.17,42530,48630,52080,66370,73160,,
99,U.S.,1,US,622000,Hospitals,"3-digit, ownership",2,43-3021,Billing and Posting Clerks,detailed,2340,0.1,,,0.54,9,27.34,56860,0.2,20.45,23.38,25.04,31.91,35.17,42530,48630,52080,66370,73160,,
99,U.S.,1,US,622000,Hospitals,"3-digit, ownership",2,43-3030,"Bookkeeping, Accounting, and Auditing Clerks",broad,1200,0.7,,,0.28,19,24.7,51370,0.1,16.92,19.44,23.76,27.3,32.18,35190,40430,49410,56790,66940,,
99,U.S.,1,US,622000,Hospitals,"3-digit, ownership",2,43-3031,"Bookkeeping, Accounting, and Auditing Clerks",detailed,1200,0.7,,,0.28,19,24.7,51370,0.1,16.92,19.44,23.76,27.3,32.18,35190,40430,49410,56790,66940,,
99,U.S.,1,US,622000,Hospitals,"3-digit, ownership",2,43-3050,Payroll and Timekeeping Clerks,broad,200,2.8,,,0.05,6,29.97,62340,0.5,18.71,22.77,29.3,35.83,40.18,38910,47350,60950,74530,83570,,
99,U.S.,1,US,622000,Hospitals,"3-digit, ownership",2,43-3051,Payroll and Timekeeping Clerks,detailed,200,2.8,,,0.05,6,29.97,62340,0.5,18.71,22.77,29.3,35.83,40.18,38910,47350,60950,74530,83570,,
99,U.S.,1,US,622000,Hospitals,"3-digit, ownership",2,43-3060,Procurement Clerks,broad,220,0.4,,,0.05,6,23.68,49260,0.1,18.22,20.66,22.83,25.61,31.63,37900,42980,47490,53260,65790,,
99,U.S.,1,US,622000,Hospitals,"3-digit, ownership",2,43-3061,Procurement Clerks,detailed,220,0.4,,,0.05,6,23.68,49260,0.1,18.22,20.66,22.83,25.61,31.63,37900,42980,47490,53260,65790,,
99,U.S.,1,US,622000,Hospitals,"3-digit, ownership",2,43-3090,Miscellaneous Financial Clerks,broad,40,1.7,,,0.01,1,26.31,54730,0.2,22.78,23.94,26.13,28.12,28.12,47390,49800,54340,58490,58490,,
99,U.S.,1,US,622000,Hospitals,"3-digit, ownership",2,43-3099,"Financial Clerks, All Other",detailed,40,1.7,,,0.01,1,26.31,54730,0.2,22.78,23.94,26.13,28.12,28.12,47390,49800,54340,58490,58490,,
99,U.S.,1,US,622000,Hospitals,"3-digit, ownership",2,43-4000,Information and Record Clerks,minor,9470,0.1,,,2.2,24,23.09,48020,0.1,16.97,19.3,23.16,25.08,29.44,35300,40150,48180,52170,61230,,
99,U.S.,1,US,622000,Hospitals,"3-digit, ownership",2,43-4050,Customer Service Representatives,broad,3030,0,,,0.7,10,22.52,46840,0.1,17.79,19.58,23.6,24.07,27.72,37010,40720,49090,50070,57670,,
99,U.S.,1,US,622000,Hospitals,"3-digit, ownership",2,43-4051,Customer Service Representatives,detailed,3030,0,,,0.7,10,22.52,46840,0.1,17.79,19.58,23.6,24.07,27.72,37010,40720,49090,50070,57670,,
99,U.S.,1,US,622000,Hospitals,"3-digit, ownership",2,43-4060,"Eligibility Interviewers, Government Programs",broad,230,0.4,,,0.05,3,22.51,46820,0.2,18.39,18.88,22.12,25.21,28.42,38250,39260,46000,52430,59120,,
99,U.S.,1,US,622000,Hospitals,"3-digit, ownership",2,43-4061,"Eligibility Interviewers, Government Programs",detailed,230,0.4,,,0.05,3,22.51,46820,0.2,18.39,18.88,22.12,25.21,28.42,38250,39260,46000,52430,59120,,
99,U.S.,1,US,622000,Hospitals,"3-digit, ownership",2,43-4070,File Clerks,broad,150,0.2,,,0.03,3,24,49920,0.4,19.65,20.61,22.46,24.31,33.19,40870,42870,46710,50570,69030,,
99,U.S.,1,US,622000,Hospitals,"3-digit, ownership",2,43-4071,File Clerks,detailed,150,0.2,,,0.03,3,24,49920,0.4,19.65,20.61,22.46,24.31,33.19,40870,42870,46710,50570,69030,,
99,U.S.,1,US,622000,Hospitals,"3-digit, ownership",2,43-4110,"Interviewers, Except Eligibility and Loan",broad,3370,0.1,,,0.78,8,25.34,52710,0.2,18.59,21.65,23.76,29.44,29.72,38680,45030,49420,61230,61820,,
99,U.S.,1,US,622000,Hospitals,"3-digit, ownership",2,43-4111,"Interviewers, Except Eligibility and Loan",detailed,3370,0.1,,,0.78,8,25.34,52710,0.2,18.59,21.65,23.76,29.44,29.72,38680,45030,49420,61230,61820,,
99,U.S.,1,US,622000,Hospitals,"3-digit, ownership",2,43-4160,"Human Resources Assistants, Except Payroll and Timekeeping",broad,280,0.8,,,0.06,8,24.29,50520,0.2,17.91,18.68,23.57,28.51,30.73,37250,38860,49020,59300,63930,,
99,U.S.,1,US,622000,Hospitals,"3-digit, ownership",2,43-4161,"Human Resources Assistants, Except Payroll and Timekeeping",detailed,280,0.8,,,0.06,8,24.29,50520,0.2,17.91,18.68,23.57,28.51,30.73,37250,38860,49020,59300,63930,,
99,U.S.,1,US,622000,Hospitals,"3-digit, ownership",2,43-4170,Receptionists and Information Clerks,broad,2010,0.2,,,0.47,10,19.42,40390,0.1,15.88,16.97,18.84,20.38,24.1,33030,35300,39190,42390,50130,,
99,U.S.,1,US,622000,Hospitals,"3-digit, ownership",2,43-4171,Receptionists and Information Clerks,detailed,2010,0.2,,,0.47,10,19.42,40390,0.1,15.88,16.97,18.84,20.38,24.1,33030,35300,39190,42390,50130,,
99,U.S.,1,US,622000,Hospitals,"3-digit, ownership",2,43-4190,Miscellaneous Information and Record Clerks,broad,350,0.9,,,0.08,5,26.55,55230,0.6,23.65,24.56,26.14,27.57,30.73,49190,51070,54380,57340,63910,,
99,U.S.,1,US,622000,Hospitals,"3-digit, ownership",2,43-4199,"Information and Record Clerks, All Other",detailed,350,0.9,,,0.08,5,26.55,55230,0.6,23.65,24.56,26.14,27.57,30.73,49190,51070,54380,57340,63910,,
99,U.S.,1,US,622000,Hospitals,"3-digit, ownership",2,43-5000,"Material Recording, Scheduling, Dispatching, and Distributing Workers",minor,1570,0.4,,,0.37,13,23.74,49390,0.2,17.46,20.35,22.8,24.61,30.16,36320,42340,47420,51190,62730,,
99,U.S.,1,US,622000,Hospitals,"3-digit, ownership",2,43-5020,Couriers and Messengers,broad,90,4.1,,,0.02,2,18.71,38930,0.2,11.76,16.61,19.97,20.89,23.76,24460,34560,41530,43450,49420,,
99,U.S.,1,US,622000,Hospitals,"3-digit, ownership",2,43-5021,Couriers and Messengers,detailed,90,4.1,,,0.02,2,18.71,38930,0.2,11.76,16.61,19.97,20.89,23.76,24460,34560,41530,43450,49420,,
99,U.S.,1,US,622000,Hospitals,"3-digit, ownership",2,43-5030,Dispatchers,broad,330,0.2,,,0.08,5,23.78,49470,0.2,19.12,21.12,22.88,26.66,29.73,39770,43920,47600,55440,61840,,
99,U.S.,1,US,622000,Hospitals,"3-digit, ownership",2,43-5031,Public Safety Telecommunicators,detailed,180,0.2,,,0.04,2,24.53,51010,0.2,19.22,22.78,23.92,27.09,29.34,39980,47380,49750,56350,61040,,
99,U.S.,1,US,622000,Hospitals,"3-digit, ownership",2,43-5032,"Dispatchers, Except Police, Fire, and Ambulance",detailed,150,0.2,,,0.04,3,22.91,47640,0.2,18.61,20.57,22.14,24.23,29.73,38720,42790,46050,50400,61840,,
99,U.S.,1,US,622000,Hospitals,"3-digit, ownership",2,43-5060,"Production, Planning, and Expediting Clerks",broad,500,0.1,,,0.12,4,27.41,57020,0.4,19.74,22.1,24.51,29.97,36.15,41060,45970,50970,62340,75190,,
99,U.S.,1,US,622000,Hospitals,"3-digit, ownership",2,43-5061,"Production, Planning, and Expediting Clerks",detailed,500,0.1,,,0.12,4,27.41,57020,0.4,19.74,22.1,24.51,29.97,36.15,41060,45970,50970,62340,75190,,
99,U.S.,1,US,622000,Hospitals,"3-digit, ownership",2,43-5070,"Shipping, Receiving, and Inventory Clerks",broad,650,1.6,,,0.15,9,21.57,44870,0.4,15.97,18.41,22.43,23.53,26.38,33220,38280,46650,48940,54870,,
99,U.S.,1,US,622000,Hospitals,"3-digit, ownership",2,43-5071,"Shipping, Receiving, and Inventory Clerks",detailed,650,1.6,,,0.15,9,21.57,44870,0.4,15.97,18.41,22.43,23.53,26.38,33220,38280,46650,48940,54870,,
99,U.S.,1,US,622000,Hospitals,"3-digit, ownership",2,43-6000,Secretaries and Administrative Assistants,minor,20580,0.1,,,4.78,73,26.3,54690,0.2,18.91,21.03,24.77,29.87,34.86,39320,43740,51520,62120,72500,,
99,U.S.,1,US,622000,Hospitals,"3-digit, ownership",2,43-6010,Secretaries and Administrative Assistants,broad,20580,0.1,,,4.78,73,26.3,54690,0.2,18.91,21.03,24.77,29.87,34.86,39320,43740,51520,62120,72500,,
99,U.S.,1,US,622000,Hospitals,"3-digit, ownership",2,43-6011,Executive Secretaries and Executive Administrative Assistants,detailed,1610,0.1,,,0.37,18,32.79,68210,0.1,21.61,25.78,31.45,37.75,47.29,44940,53630,65410,78520,98360,,
99,U.S.,1,US,622000,Hospitals,"3-digit, ownership",2,43-6013,Medical Secretaries and Administrative Assistants,detailed,15190,0.1,,,3.53,52,26.55,55220,0.2,19.36,22.18,25.22,29.87,34.81,40260,46140,52450,62120,72400,,
99,U.S.,1,US,622000,Hospitals,"3-digit, ownership",2,43-6014,"Secretaries and Administrative Assistants, Except Legal, Medical, and Executive",detailed,3770,0.1,,,0.88,28,22.5,46790,0.1,15.04,17.91,23.02,25.74,30.08,31290,37250,47870,53550,62560,,
99,U.S.,1,US,622000,Hospitals,"3-digit, ownership",2,43-9000,Other Office and Administrative Support Workers,minor,7170,0.2,,,1.67,46,22.67,47150,0.1,15.3,17.71,21.48,26.42,29.74,31810,36830,44680,54950,61850,,
99,U.S.,1,US,622000,Hospitals,"3-digit, ownership",2,43-9020,Data Entry and Information Processing Workers,broad,620,0.3,,,0.14,9,21.24,44170,0.2,18.41,19.14,21.08,21.79,25.97,38280,39810,43840,45330,54020,,
99,U.S.,1,US,622000,Hospitals,"3-digit, ownership",2,43-9021,Data Entry Keyers,detailed,370,0.2,,,0.09,3,20.5,42630,0.4,18.92,19.14,20.08,21.79,24.11,39360,39810,41770,45330,50160,,
99,U.S.,1,US,622000,Hospitals,"3-digit, ownership",2,43-9022,Word Processors and Typists,detailed,250,0.6,,,0.06,6,22.36,46500,0.4,17.88,19.83,21.14,25,28.19,37180,41250,43970,51990,58630,,
99,U.S.,1,US,622000,Hospitals,"3-digit, ownership",2,43-9050,"Mail Clerks and Mail Machine Operators, Except Postal Service",broad,110,1.6,,,0.02,5,22.89,47610,0.5,15.55,18.13,23.75,26.4,28.94,32350,37710,49390,54910,60200,,
99,U.S.,1,US,622000,Hospitals,"3-digit, ownership",2,43-9051,"Mail Clerks and Mail Machine Operators, Except Postal Service",detailed,110,1.6,,,0.02,5,22.89,47610,0.5,15.55,18.13,23.75,26.4,28.94,32350,37710,49390,54910,60200,,
99,U.S.,1,US,622000,Hospitals,"3-digit, ownership",2,43-9060,"Office Clerks, General",broad,5760,0.2,,,1.34,37,22.02,45800,0.2,15.16,17.69,19.83,25.63,29.6,31530,36790,41250,53300,61570,,
99,U.S.,1,US,622000,Hospitals,"3-digit, ownership",2,43-9061,"Office Clerks, General",detailed,5760,0.2,,,1.34,37,22.02,45800,0.2,15.16,17.69,19.83,25.63,29.6,31530,36790,41250,53300,61570,,
99,U.S.,1,US,622000,Hospitals,"3-digit, ownership",2,43-9190,Miscellaneous Office and Administrative Support Workers,broad,590,1.3,,,0.14,13,30.13,62670,0.2,19.91,23.75,28.31,33.83,41.15,41410,49390,58890,70360,85590,,
99,U.S.,1,US,622000,Hospitals,"3-digit, ownership",2,43-9199,"Office and Administrative Support Workers, All Other",detailed,590,1.3,,,0.14,13,30.13,62670,0.2,19.91,23.75,28.31,33.83,41.15,41410,49390,58890,70360,85590,,
99,U.S.,1,US,622000,Hospitals,"3-digit, ownership",2,47-0000,Construction and Extraction Occupations,major,1500,0.3,,,0.35,24,35.54,73930,0.4,22.21,28.3,33.43,41.46,49.41,46200,58860,69540,86230,102770,,
99,U.S.,1,US,622000,Hospitals,"3-digit, ownership",2,47-1000,Supervisors of Construction and Extraction Workers,minor,110,4.8,,,0.02,5,44.75,93090,0.4,30.97,32.81,40.58,55.34,64.19,64420,68240,84410,115100,133520,,
99,U.S.,1,US,622000,Hospitals,"3-digit, ownership",2,47-1010,First-Line Supervisors of Construction Trades and Extraction Workers,broad,110,4.8,,,0.02,5,44.75,93090,0.4,30.97,32.81,40.58,55.34,64.19,64420,68240,84410,115100,133520,,
99,U.S.,1,US,622000,Hospitals,"3-digit, ownership",2,47-1011,First-Line Supervisors of Construction Trades and Extraction Workers,detailed,110,4.8,,,0.02,5,44.75,93090,0.4,30.97,32.81,40.58,55.34,64.19,64420,68240,84410,115100,133520,,
99,U.S.,1,US,622000,Hospitals,"3-digit, ownership",2,47-2000,Construction Trades Workers,minor,1350,0.2,,,0.31,23,34.7,72180,0.3,22.21,27.7,33.23,40.61,47.85,46200,57610,69130,84460,99520,,
99,U.S.,1,US,622000,Hospitals,"3-digit, ownership",2,47-2030,Carpenters,broad,310,2.4,,,0.07,13,33,68640,0.6,21.5,26.98,31.45,39.44,44.47,44720,56120,65420,82040,92490,,
99,U.S.,1,US,622000,Hospitals,"3-digit, ownership",2,47-2031,Carpenters,detailed,310,2.4,,,0.07,13,33,68640,0.6,21.5,26.98,31.45,39.44,44.47,44720,56120,65420,82040,92490,,
99,U.S.,1,US,622000,Hospitals,"3-digit, ownership",2,47-2060,Construction Laborers,broad,30,1.1,,,0.01,1,24.25,50440,1.5,19.27,19.91,23.78,27.38,30.46,40090,41400,49460,56950,63350,,
99,U.S.,1,US,622000,Hospitals,"3-digit, ownership",2,47-2061,Construction Laborers,detailed,30,1.1,,,0.01,1,24.25,50440,1.5,19.27,19.91,23.78,27.38,30.46,40090,41400,49460,56950,63350,,
99,U.S.,1,US,622000,Hospitals,"3-digit, ownership",2,47-2110,Electricians,broad,440,1.3,,,0.1,13,36.75,76440,0.5,23.51,30.05,37.44,45.32,49.41,48900,62500,77860,94270,102770,,
99,U.S.,1,US,622000,Hospitals,"3-digit, ownership",2,47-2111,Electricians,detailed,440,1.3,,,0.1,13,36.75,76440,0.5,23.51,30.05,37.44,45.32,49.41,48900,62500,77860,94270,102770,,
99,U.S.,1,US,622000,Hospitals,"3-digit, ownership",2,47-2140,Painters and Paperhangers,broad,210,1.5,,,0.05,8,32.39,67380,0.7,21.37,26.88,31.57,37.93,42.95,44450,55910,65670,78890,89330,,
99,U.S.,1,US,622000,Hospitals,"3-digit, ownership",2,47-2141,"Painters, Construction and Maintenance",detailed,210,1.5,,,0.05,8,32.39,67380,0.7,21.37,26.88,31.57,37.93,42.95,44450,55910,65670,78890,89330,,
99,U.S.,1,US,622000,Hospitals,"3-digit, ownership",2,47-2150,"Pipelayers, Plumbers, Pipefitters, and Steamfitters",broad,320,2.1,,,0.07,12,36.1,75090,0.4,22.57,28.96,35.52,43.91,49.06,46950,60230,73890,91330,102040,,
99,U.S.,1,US,622000,Hospitals,"3-digit, ownership",2,47-2152,"Plumbers, Pipefitters, and Steamfitters",detailed,320,2.1,,,0.07,12,36.1,75090,0.4,22.57,28.96,35.52,43.91,49.06,46950,60230,73890,91330,102040,,
99,U.S.,1,US,622000,Hospitals,"3-digit, ownership",2,49-0000,"Installation, Maintenance, and Repair Occupations",major,4590,0.1,,,1.07,45,30.19,62790,0.2,18.56,23.08,28.47,35.5,47.31,38610,48000,59220,73840,98400,,
99,U.S.,1,US,622000,Hospitals,"3-digit, ownership",2,49-1000,"Supervisors of Installation, Maintenance, and Repair Workers",minor,650,1.9,,,0.15,24,36.4,75700,0.5,20.86,27.45,35.98,46.51,48.33,43390,57090,74840,96750,100530,,
99,U.S.,1,US,622000,Hospitals,"3-digit, ownership",2,49-1010,"First-Line Supervisors of Mechanics, Installers, and Repairers",broad,650,1.9,,,0.15,24,36.4,75700,0.5,20.86,27.45,35.98,46.51,48.33,43390,57090,74840,96750,100530,,
99,U.S.,1,US,622000,Hospitals,"3-digit, ownership",2,49-1011,"First-Line Supervisors of Mechanics, Installers, and Repairers",detailed,650,1.9,,,0.15,24,36.4,75700,0.5,20.86,27.45,35.98,46.51,48.33,43390,57090,74840,96750,100530,,
99,U.S.,1,US,622000,Hospitals,"3-digit, ownership",2,49-2000,"Electrical and Electronic Equipment Mechanics, Installers, and Repairers",minor,70,1.6,,,0.02,3,33.87,70450,0.6,27.17,29.19,30.79,35.32,47.12,56520,60720,64050,73470,98010,,
99,U.S.,1,US,622000,Hospitals,"3-digit, ownership",2,49-2090,"Miscellaneous Electrical and Electronic Equipment Mechanics, Installers, and Repairers",broad,50,2,,,0.01,2,33.96,70630,1.1,28.78,29.78,31.39,32.1,45.23,59860,61950,65290,66770,94070,,
99,U.S.,1,US,622000,Hospitals,"3-digit, ownership",2,49-3000,"Vehicle and Mobile Equipment Mechanics, Installers, and Repairers",minor,130,1.2,,,0.03,6,25.6,53250,0.4,16.03,20.75,27.39,29.19,34.43,33340,43150,56970,60700,71620,,
99,U.S.,1,US,622000,Hospitals,"3-digit, ownership",2,49-3020,Automotive Technicians and Repairers,broad,110,0.1,,,0.03,5,25.46,52950,0.3,15.05,20.75,27.91,29.19,33.42,31310,43150,58050,60700,69520,,
99,U.S.,1,US,622000,Hospitals,"3-digit, ownership",2,49-3023,Automotive Service Technicians and Mechanics,detailed,110,0.1,,,0.03,5,25.46,52950,0.3,15.05,20.75,27.91,29.19,33.42,31310,43150,58050,60700,69520,,
99,U.S.,1,US,622000,Hospitals,"3-digit, ownership",2,49-9000,"Other Installation, Maintenance, and Repair Occupations",minor,3730,0.5,,,0.87,38,29.19,60720,0.3,17.95,22.62,27.43,32.9,44.15,37330,47040,57060,68430,91840,,
99,U.S.,1,US,622000,Hospitals,"3-digit, ownership",2,49-9020,"Heating, Air Conditioning, and Refrigeration Mechanics and Installers",broad,430,0,,,0.1,10,33.87,70450,0.3,23.49,28.19,32.04,39.82,47.48,48870,58630,66640,82830,98760,,
99,U.S.,1,US,622000,Hospitals,"3-digit, ownership",2,49-9021,"Heating, Air Conditioning, and Refrigeration Mechanics and Installers",detailed,430,0,,,0.1,10,33.87,70450,0.3,23.49,28.19,32.04,39.82,47.48,48870,58630,66640,82830,98760,,
99,U.S.,1,US,622000,Hospitals,"3-digit, ownership",2,49-9060,Precision Instrument and Equipment Repairers,broad,520,0.7,,,0.12,5,39.47,82100,0.2,20.67,28.66,37.99,48.93,63.83,43000,59600,79020,101770,132760,,
99,U.S.,1,US,622000,Hospitals,"3-digit, ownership",2,49-9062,Medical Equipment Repairers,detailed,520,0.7,,,0.12,5,39.4,81960,0.2,20.67,28.66,37.99,48.93,63.83,43000,59600,79020,101770,132760,,
99,U.S.,1,US,622000,Hospitals,"3-digit, ownership",2,49-9070,"Maintenance and Repair Workers, General",broad,2510,0.2,,,0.58,34,26.04,54170,0.3,16.5,20.77,24.77,29.87,34.78,34320,43200,51510,62130,72350,,
99,U.S.,1,US,622000,Hospitals,"3-digit, ownership",2,49-9071,"Maintenance and Repair Workers, General",detailed,2510,0.2,,,0.58,34,26.04,54170,0.3,16.5,20.77,24.77,29.87,34.78,34320,43200,51510,62130,72350,,
99,U.S.,1,US,622000,Hospitals,"3-digit, ownership",2,49-9090,"Miscellaneous Installation, Maintenance, and Repair Workers",broad,230,3.9,,,0.05,10,30.36,63150,0.8,20.06,23.97,26.29,37.78,44.01,41720,49860,54690,78580,91530,,
99,U.S.,1,US,622000,Hospitals,"3-digit, ownership",2,49-9094,Locksmiths and Safe Repairers,detailed,100,8.1,,,0.02,7,34.4,71540,2,25.86,28.97,33.68,40.9,43.72,53790,60250,70060,85070,90930,,
99,U.S.,1,US,622000,Hospitals,"3-digit, ownership",2,49-9098,"Helpers--Installation, Maintenance, and Repair Workers",detailed,110,0.1,,,0.03,3,22.78,47370,0.8,17.2,20.18,24.04,25.33,26.29,35770,41980,50010,52680,54690,,
99,U.S.,1,US,622000,Hospitals,"3-digit, ownership",2,51-0000,Production Occupations,major,1220,1.3,,,0.28,26,29.57,61510,0.9,14,18.76,27.18,37.35,48.98,29120,39020,56540,77690,101880,,
99,U.S.,1,US,622000,Hospitals,"3-digit, ownership",2,51-1000,Supervisors of Production Workers,minor,80,1.6,,,0.02,6,35.34,73500,0.4,18.76,22.77,34.11,46.42,52.9,39020,47360,70940,96550,110020,,
99,U.S.,1,US,622000,Hospitals,"3-digit, ownership",2,51-1010,First-Line Supervisors of Production and Operating Workers,broad,80,1.6,,,0.02,6,35.34,73500,0.4,18.76,22.77,34.11,46.42,52.9,39020,47360,70940,96550,110020,,
99,U.S.,1,US,622000,Hospitals,"3-digit, ownership",2,51-1011,First-Line Supervisors of Production and Operating Workers,detailed,80,1.6,,,0.02,6,35.34,73500,0.4,18.76,22.77,34.11,46.42,52.9,39020,47360,70940,96550,110020,,
99,U.S.,1,US,622000,Hospitals,"3-digit, ownership",2,51-6000,"Textile, Apparel, and Furnishings Workers",minor,380,0.2,,,0.09,8,18.18,37820,0.2,11.68,13.33,17.01,22.87,24.29,24290,27730,35380,47560,50530,,
99,U.S.,1,US,622000,Hospitals,"3-digit, ownership",2,51-6010,Laundry and Dry-Cleaning Workers,broad,360,0.1,,,0.08,7,18.1,37650,0.2,11.68,13.18,17.01,22.87,24.29,24290,27420,35380,47560,50530,,
99,U.S.,1,US,622000,Hospitals,"3-digit, ownership",2,51-6011,Laundry and Dry-Cleaning Workers,detailed,360,0.1,,,0.08,7,18.1,37650,0.2,11.68,13.18,17.01,22.87,24.29,24290,27420,35380,47560,50530,,
99,U.S.,1,US,622000,Hospitals,"3-digit, ownership",2,51-8000,Plant and System Operators,minor,650,2.2,,,0.15,20,35.31,73440,1.2,19.17,26.74,32.28,39.72,51.19,39880,55620,67150,82620,106470,,
99,U.S.,1,US,622000,Hospitals,"3-digit, ownership",2,51-8010,"Power Plant Operators, Distributors, and Dispatchers",broad,**,**,,,**,**,26.75,55630,0.4,16.4,18.88,29.06,29.35,31.36,34120,39260,60450,61050,65230,,
99,U.S.,1,US,622000,Hospitals,"3-digit, ownership",2,51-8013,Power Plant Operators,detailed,**,**,,,**,**,26.75,55630,0.4,16.4,18.88,29.06,29.35,31.36,34120,39260,60450,61050,65230,,
99,U.S.,1,US,622000,Hospitals,"3-digit, ownership",2,51-8020,Stationary Engineers and Boiler Operators,broad,550,1.8,,,0.13,16,36.17,75230,1.2,19.85,26.17,33.13,44.7,51.19,41280,54420,68900,92970,106470,,
99,U.S.,1,US,622000,Hospitals,"3-digit, ownership",2,51-8021,Stationary Engineers and Boiler Operators,detailed,550,1.8,,,0.13,16,36.17,75230,1.2,19.85,26.17,33.13,44.7,51.19,41280,54420,68900,92970,106470,,
99,U.S.,1,US,622000,Hospitals,"3-digit, ownership",2,51-8030,Water and Wastewater Treatment Plant and System Operators,broad,**,**,,,**,**,35.41,73640,3.2,26.65,32.32,36.75,38.98,39.26,55430,67220,76440,81080,81650,,
99,U.S.,1,US,622000,Hospitals,"3-digit, ownership",2,51-8031,Water and Wastewater Treatment Plant and System Operators,detailed,**,**,,,**,**,35.41,73640,3.2,26.65,32.32,36.75,38.98,39.26,55430,67220,76440,81080,81650,,
99,U.S.,1,US,622000,Hospitals,"3-digit, ownership",2,51-9000,Other Production Occupations,minor,60,1.4,,,0.01,2,32.8,68230,0.3,19.11,20.8,30.52,40.73,51.06,39740,43260,63480,84720,106210,,
99,U.S.,1,US,622000,Hospitals,"3-digit, ownership",2,51-9080,Dental and Ophthalmic Laboratory Technicians and Medical Appliance Technicians,broad,30,0.9,,,0.01,1,32.21,67000,0.8,18.79,21.41,34.19,40.73,40.73,39070,44520,71100,84720,84720,,
99,U.S.,1,US,622000,Hospitals,"3-digit, ownership",2,53-0000,Transportation and Material Moving Occupations,major,2980,0.1,,,0.69,25,21.27,44240,0.3,14.67,17.77,19.81,23.53,28.14,30510,36970,41200,48950,58520,,
99,U.S.,1,US,622000,Hospitals,"3-digit, ownership",2,53-1000,Supervisors of Transportation and Material Moving Workers,minor,130,4.2,,,0.03,6,31.75,66030,1.2,21.64,26.63,31.15,36.85,40.5,45010,55390,64790,76660,84240,,
99,U.S.,1,US,622000,Hospitals,"3-digit, ownership",2,53-1040,First-Line Supervisors of Transportation and Material Moving Workers,broad,130,4.2,,,0.03,6,31.75,66030,1.2,21.64,26.63,31.15,36.85,40.5,45010,55390,64790,76660,84240,,
99,U.S.,1,US,622000,Hospitals,"3-digit, ownership",2,53-1047,"First-Line Supervisors of Transportation and Material Moving Workers, Except Aircraft Cargo Handling Supervisors",detailed,130,4.2,,,0.03,6,31.75,66030,1.2,21.64,26.63,31.15,36.85,40.5,45010,55390,64790,76660,84240,,
99,U.S.,1,US,622000,Hospitals,"3-digit, ownership",2,53-3000,Motor Vehicle Operators,minor,660,0.5,,,0.15,15,20.14,41900,0.4,14.08,17.65,19.1,22.64,26.57,29280,36710,39720,47090,55260,,
99,U.S.,1,US,622000,Hospitals,"3-digit, ownership",2,53-3030,Driver/Sales Workers and Truck Drivers,broad,240,0.2,,,0.06,7,22.22,46220,0.8,17.69,18.33,19.81,25.41,28.99,36800,38120,41200,52860,60290,,
99,U.S.,1,US,622000,Hospitals,"3-digit, ownership",2,53-3032,Heavy and Tractor-Trailer Truck Drivers,detailed,40,0.7,,,0.01,1,21.2,44090,1,17.65,17.69,20.97,23.48,26.57,36710,36800,43620,48840,55260,,
99,U.S.,1,US,622000,Hospitals,"3-digit, ownership",2,53-3033,Light Truck Drivers,detailed,190,0.5,,,0.04,6,22.83,47480,1,17.99,18.34,19.81,26.7,29.29,37420,38140,41200,55530,60910,,
99,U.S.,1,US,622000,Hospitals,"3-digit, ownership",2,53-3050,Passenger Vehicle Drivers,broad,380,0.8,,,0.09,9,18.84,39180,0.5,13.18,16.49,18.77,22.1,23.9,27410,34290,39040,45980,49700,,
99,U.S.,1,US,622000,Hospitals,"3-digit, ownership",2,53-3053,Shuttle Drivers and Chauffeurs,detailed,370,0.7,,,0.09,8,18.94,39390,0.5,12.97,16.84,18.77,22.1,24.05,26970,35040,39040,45980,50020,,
99,U.S.,1,US,622000,Hospitals,"3-digit, ownership",2,53-6000,Other Transportation Workers,minor,210,0.7,,,0.05,1,22.05,45860,0.3,17.31,19.48,22.95,23.22,24.55,36010,40520,47730,48300,51070,,
99,U.S.,1,US,622000,Hospitals,"3-digit, ownership",2,53-6020,Parking Attendants,broad,210,0.7,,,0.05,1,22.05,45860,0.3,17.31,19.48,22.95,23.22,24.55,36010,40520,47730,48300,51070,,
99,U.S.,1,US,622000,Hospitals,"3-digit, ownership",2,53-6021,Parking Attendants,detailed,210,0.7,,,0.05,1,22.05,45860,0.3,17.31,19.48,22.95,23.22,24.55,36010,40520,47730,48300,51070,,
99,U.S.,1,US,622000,Hospitals,"3-digit, ownership",2,53-7000,Material Moving Workers,minor,1970,0.2,,,0.46,16,20.79,43250,0.3,14.67,17.77,19.6,23.53,27.45,30510,36970,40760,48950,57090,,
99,U.S.,1,US,622000,Hospitals,"3-digit, ownership",2,53-7060,Laborers and Material Movers,broad,**,**,,,**,**,20.8,43260,0.3,14.67,17.77,19.6,23.53,27.45,30510,36970,40760,48950,57090,,
99,U.S.,1,US,622000,Hospitals,"3-digit, ownership",2,53-7062,"Laborers and Freight, Stock, and Material Movers, Hand",detailed,**,**,,,**,**,17.84,37110,0.9,14.67,14.67,16.53,19.55,24.19,30510,30510,34370,40660,50310,,
99,U.S.,1,US,622000,Hospitals,"3-digit, ownership",2,53-7065,Stockers and Order Fillers,detailed,1610,0.2,,,0.37,13,21.45,44620,0.2,16.18,17.84,21.18,23.53,27.77,33660,37110,44060,48950,57760,,
99,U.S.,1,US,622000,Hospitals,"3-digit, ownership",3,00-0000,All Occupations,total,695740,0,,,100,100,39.47,82090,0.3,17.46,21.74,31.95,47.03,64.76,36310,45220,66460,97810,134690,,
99,U.S.,1,US,622000,Hospitals,"3-digit, ownership",3,11-0000,Management Occupations,major,30910,0,,,4.44,79,71.75,149250,0.2,39.25,48.8,62.42,80.83,112.49,81640,101510,129820,168120,233970,,
99,U.S.,1,US,622000,Hospitals,"3-digit, ownership",3,11-1000,Top Executives,minor,1950,0.1,,,0.28,46,116.43,242170,0.3,47,64.24,94.69,#,#,97750,133630,196950,#,#,,
99,U.S.,1,US,622000,Hospitals,"3-digit, ownership",3,11-1010,Chief Executives,broad,640,0.4,,,0.09,25,160.99,334860,0.5,68.16,94.69,#,#,#,141780,196950,#,#,#,,
99,U.S.,1,US,622000,Hospitals,"3-digit, ownership",3,11-1011,Chief Executives,detailed,640,0.4,,,0.09,25,160.99,334860,0.5,68.16,94.69,#,#,#,141780,196950,#,#,#,,
99,U.S.,1,US,622000,Hospitals,"3-digit, ownership",3,11-1020,General and Operations Managers,broad,1310,0.3,,,0.19,35,94.86,197300,0.2,41.32,54.45,79.95,113.4,#,85950,113260,166290,235870,#,,
99,U.S.,1,US,622000,Hospitals,"3-digit, ownership",3,11-1021,General and Operations Managers,detailed,1310,0.3,,,0.19,35,94.86,197300,0.2,41.32,54.45,79.95,113.4,#,85950,113260,166290,235870,#,,
99,U.S.,1,US,622000,Hospitals,"3-digit, ownership",3,11-2000,"Advertising, Marketing, Promotions, Public Relations, and Sales Managers",minor,580,0.8,,,0.08,18,65.49,136210,0.3,38.45,47.51,57.29,74.77,100.96,79980,98830,119160,155510,210000,,
99,U.S.,1,US,622000,Hospitals,"3-digit, ownership",3,11-2020,Marketing and Sales Managers,broad,270,1.7,,,0.04,12,66.12,137530,0.2,36.81,47.44,55.13,73.16,106.39,76560,98670,114670,152170,221280,,
99,U.S.,1,US,622000,Hospitals,"3-digit, ownership",3,11-2021,Marketing Managers,detailed,250,1.3,,,0.04,12,66.67,138670,0.2,37.17,47.44,55.05,73.16,112.28,77310,98670,114510,152170,233530,,
99,U.S.,1,US,622000,Hospitals,"3-digit, ownership",3,11-2030,Public Relations and Fundraising Managers,broad,310,0,,,0.04,10,65.06,135330,0.4,38.86,47.35,60.08,76.75,100.86,80830,98480,124960,159640,209790,,
99,U.S.,1,US,622000,Hospitals,"3-digit, ownership",3,11-2032,Public Relations Managers,detailed,170,0.2,,,0.02,6,68.71,142910,0.5,40.17,47.63,62.69,81.45,111.92,83550,99070,130390,169420,232800,,
99,U.S.,1,US,622000,Hospitals,"3-digit, ownership",3,11-2033,Fundraising Managers,detailed,150,0.2,,,0.02,7,60.92,126710,0.2,38.67,45.94,56.41,70.03,94.06,80430,95540,117330,145650,195630,,
99,U.S.,1,US,622000,Hospitals,"3-digit, ownership",3,11-3000,Operations Specialties Managers,minor,6560,0,,,0.94,55,71.59,148910,0.2,39.75,49.37,63.98,82.39,109.16,82670,102690,133080,171360,227050,,
99,U.S.,1,US,622000,Hospitals,"3-digit, ownership",3,11-3010,Administrative Services and Facilities Managers,broad,1900,0,,,0.27,36,61.08,127040,0.2,35.62,43.84,55.54,72.47,87.79,74080,91190,115530,150730,182600,,
99,U.S.,1,US,622000,Hospitals,"3-digit, ownership",3,11-3012,Administrative Services Managers,detailed,1150,0.3,,,0.17,24,63.22,131500,0.3,36.31,43.77,57.94,76.9,95.75,75530,91040,120520,159950,199150,,
99,U.S.,1,US,622000,Hospitals,"3-digit, ownership",3,11-3013,Facilities Managers,detailed,750,0.6,,,0.11,27,57.79,120200,0.2,35.25,43.95,53.3,67.3,82.65,73310,91420,110860,139990,171910,,
99,U.S.,1,US,622000,Hospitals,"3-digit, ownership",3,11-3020,Computer and Information Systems Managers,broad,1460,0.1,,,0.21,30,76.82,159780,0.2,47.5,58.17,71.58,86.17,108.8,98790,120990,148890,179240,226300,,
99,U.S.,1,US,622000,Hospitals,"3-digit, ownership",3,11-3021,Computer and Information Systems Managers,detailed,1460,0.1,,,0.21,30,76.82,159780,0.2,47.5,58.17,71.58,86.17,108.8,98790,120990,148890,179240,226300,,
99,U.S.,1,US,622000,Hospitals,"3-digit, ownership",3,11-3030,Financial Managers,broad,1700,0,,,0.24,44,81.78,170110,0.2,44.37,53.85,71.78,95.06,#,92290,112000,149310,197720,#,,
99,U.S.,1,US,622000,Hospitals,"3-digit, ownership",3,11-3031,Financial Managers,detailed,1700,0,,,0.24,44,81.78,170110,0.2,44.37,53.85,71.78,95.06,#,92290,112000,149310,197720,#,,
99,U.S.,1,US,622000,Hospitals,"3-digit, ownership",3,11-3060,Purchasing Managers,broad,260,1,,,0.04,10,61.02,126920,0.4,35.97,40.32,53.64,76.14,92.69,74820,83860,111580,158360,192780,,
99,U.S.,1,US,622000,Hospitals,"3-digit, ownership",3,11-3061,Purchasing Managers,detailed,260,1,,,0.04,10,61.02,126920,0.4,35.97,40.32,53.64,76.14,92.69,74820,83860,111580,158360,192780,,
99,U.S.,1,US,622000,Hospitals,"3-digit, ownership",3,11-3070,"Transportation, Storage, and Distribution Managers",broad,160,0.1,,,0.02,7,55.19,114800,0.8,34.78,41.54,50.92,63.43,82.2,72330,86410,105910,131930,170970,,
99,U.S.,1,US,622000,Hospitals,"3-digit, ownership",3,11-3071,"Transportation, Storage, and Distribution Managers",detailed,160,0.1,,,0.02,7,55.19,114800,0.8,34.78,41.54,50.92,63.43,82.2,72330,86410,105910,131930,170970,,
99,U.S.,1,US,622000,Hospitals,"3-digit, ownership",3,11-3110,Compensation and Benefits Managers,broad,80,7.2,,,0.01,4,69.35,144240,0.4,41.47,54.02,66.94,80.76,104.05,86250,112360,139240,167990,216420,,
99,U.S.,1,US,622000,Hospitals,"3-digit, ownership",3,11-3111,Compensation and Benefits Managers,detailed,80,7.2,,,0.01,4,69.35,144240,0.4,41.47,54.02,66.94,80.76,104.05,86250,112360,139240,167990,216420,,
99,U.S.,1,US,622000,Hospitals,"3-digit, ownership",3,11-3120,Human Resources Managers,broad,810,0.5,,,0.12,29,73.95,153820,0.2,43.16,51.63,64.35,85.07,#,89780,107380,133840,176940,#,,
99,U.S.,1,US,622000,Hospitals,"3-digit, ownership",3,11-3121,Human Resources Managers,detailed,810,0.5,,,0.12,29,73.95,153820,0.2,43.16,51.63,64.35,85.07,#,89780,107380,133840,176940,#,,
99,U.S.,1,US,622000,Hospitals,"3-digit, ownership",3,11-3130,Training and Development Managers,broad,170,0.7,,,0.02,6,66.4,138110,0.4,41.55,49.38,62.93,77.17,93.53,86430,102710,130890,160510,194540,,
99,U.S.,1,US,622000,Hospitals,"3-digit, ownership",3,11-3131,Training and Development Managers,detailed,170,0.7,,,0.02,6,66.4,138110,0.4,41.55,49.38,62.93,77.17,93.53,86430,102710,130890,160510,194540,,
99,U.S.,1,US,622000,Hospitals,"3-digit, ownership",3,11-9000,Other Management Occupations,minor,21820,0,,,3.14,78,67.99,141410,0.2,39.03,48.36,61.55,78.69,105.27,81180,100590,128010,163670,218970,,
99,U.S.,1,US,622000,Hospitals,"3-digit, ownership",3,11-9020,Construction Managers,broad,80,2.6,,,0.01,2,73.11,152070,0.4,45.69,53.95,68.61,76.2,112.41,95030,112210,142710,158500,233820,,
99,U.S.,1,US,622000,Hospitals,"3-digit, ownership",3,11-9021,Construction Managers,detailed,80,2.6,,,0.01,2,73.11,152070,0.4,45.69,53.95,68.61,76.2,112.41,95030,112210,142710,158500,233820,,
99,U.S.,1,US,622000,Hospitals,"3-digit, ownership",3,11-9030,Education and Childcare Administrators,broad,90,0.5,,,0.01,4,70.12,145840,0.6,27.23,39.57,51.52,86.8,#,56630,82300,107160,180550,#,,
99,U.S.,1,US,622000,Hospitals,"3-digit, ownership",3,11-9033,"Education Administrators, Postsecondary",detailed,40,3.7,,,0.01,1,90.77,188800,0.9,42.98,46.16,69.3,111.99,#,89400,96020,144150,232940,#,,
99,U.S.,1,US,622000,Hospitals,"3-digit, ownership",3,11-9050,Food Service Managers,broad,190,0.5,,,0.03,9,52.35,108900,1,32.01,42.47,52.69,60.55,71.82,66590,88340,109600,125950,149380,,
99,U.S.,1,US,622000,Hospitals,"3-digit, ownership",3,11-9051,Food Service Managers,detailed,190,0.5,,,0.03,9,52.35,108900,1,32.01,42.47,52.69,60.55,71.82,66590,88340,109600,125950,149380,,
99,U.S.,1,US,622000,Hospitals,"3-digit, ownership",3,11-9110,Medical and Health Services Managers,broad,19180,0,,,2.76,77,68.24,141950,0.2,39.31,48.58,61.66,78.69,105.44,81770,101050,128250,163670,219320,,
99,U.S.,1,US,622000,Hospitals,"3-digit, ownership",3,11-9111,Medical and Health Services Managers,detailed,19180,0,,,2.76,77,68.24,141950,0.2,39.31,48.58,61.66,78.69,105.44,81770,101050,128250,163670,219320,,
99,U.S.,1,US,622000,Hospitals,"3-digit, ownership",3,11-9120,Natural Sciences Managers,broad,100,1.2,,,0.02,3,59.08,122890,0.6,29.49,43.68,55.75,76.75,86.08,61330,90850,115960,159640,179050,,
99,U.S.,1,US,622000,Hospitals,"3-digit, ownership",3,11-9121,Natural Sciences Managers,detailed,100,1.2,,,0.02,3,59.08,122890,0.6,29.49,43.68,55.75,76.75,86.08,61330,90850,115960,159640,179050,,
99,U.S.,1,US,622000,Hospitals,"3-digit, ownership",3,11-9150,Social and Community Service Managers,broad,410,1.4,,,0.06,12,53.25,110750,0.2,32.67,41.64,51.67,63.48,77.98,67960,86600,107470,132030,162190,,
99,U.S.,1,US,622000,Hospitals,"3-digit, ownership",3,11-9151,Social and Community Service Managers,detailed,410,1.4,,,0.06,12,53.25,110750,0.2,32.67,41.64,51.67,63.48,77.98,67960,86600,107470,132030,162190,,
99,U.S.,1,US,622000,Hospitals,"3-digit, ownership",3,11-9160,Emergency Management Directors,broad,100,6,,,0.01,5,46.91,97570,0.5,31.44,36.3,42.04,54.59,64.86,65400,75500,87450,113550,134910,,
99,U.S.,1,US,622000,Hospitals,"3-digit, ownership",3,11-9161,Emergency Management Directors,detailed,100,6,,,0.01,5,46.91,97570,0.5,31.44,36.3,42.04,54.59,64.86,65400,75500,87450,113550,134910,,
99,U.S.,1,US,622000,Hospitals,"3-digit, ownership",3,11-9170,Personal Service Managers,broad,40,1.5,,,0.01,2,31.78,66110,0.5,20.64,21.79,25.73,36.03,60.85,42940,45330,53510,74940,126560,,
99,U.S.,1,US,622000,Hospitals,"3-digit, ownership",3,11-9179,"Personal Service Managers, All Other",detailed,40,1.5,,,0.01,2,31.78,66110,0.5,20.64,21.79,25.73,36.03,60.85,42940,45330,53510,74940,126560,,
99,U.S.,1,US,622000,Hospitals,"3-digit, ownership",3,11-9190,Miscellaneous Managers,broad,1590,0.3,,,0.23,24,72.96,151750,0.3,38.81,48.83,63.48,84.46,113.4,80720,101560,132030,175680,235880,,
99,U.S.,1,US,622000,Hospitals,"3-digit, ownership",3,11-9199,"Managers, All Other",detailed,1590,0.3,,,0.23,24,72.96,151750,0.3,38.81,48.83,63.48,84.46,113.4,80720,101560,132030,175680,235880,,
99,U.S.,1,US,622000,Hospitals,"3-digit, ownership",3,13-0000,Business and Financial Operations Occupations,major,17660,0.1,,,2.54,66,39.1,81320,0.2,22.89,28.34,37.05,47.59,59.71,47610,58950,77060,98990,124200,,
99,U.S.,1,US,622000,Hospitals,"3-digit, ownership",3,13-1000,Business Operations Specialists,minor,13500,0.1,,,1.94,64,39.23,81600,0.2,22.91,28.62,37.26,47.69,59.07,47660,59540,77490,99190,122870,,
99,U.S.,1,US,622000,Hospitals,"3-digit, ownership",3,13-1020,Buyers and Purchasing Agents,broad,1440,0.5,,,0.21,38,29.88,62160,0.2,19.22,23.15,28.55,35.52,42.98,39970,48140,59370,73890,89390,,
99,U.S.,1,US,622000,Hospitals,"3-digit, ownership",3,13-1020,Buyers and Purchasing Agents,detailed,1440,0.5,,,0.21,38,29.88,62160,0.2,19.22,23.15,28.55,35.52,42.98,39970,48140,59370,73890,89390,,
99,U.S.,1,US,622000,Hospitals,"3-digit, ownership",3,13-1030,"Claims Adjusters, Appraisers, Examiners, and Investigators",broad,100,1.3,,,0.01,1,29.25,60840,0.6,20.29,23.12,24.11,30.1,48.69,42210,48080,50140,62610,101260,,
99,U.S.,1,US,622000,Hospitals,"3-digit, ownership",3,13-1031,"Claims Adjusters, Examiners, and Investigators",detailed,100,1.3,,,0.01,1,29.25,60840,0.6,20.29,23.12,24.11,30.1,48.69,42210,48080,50140,62610,101260,,
99,U.S.,1,US,622000,Hospitals,"3-digit, ownership",3,13-1040,Compliance Officers,broad,1030,0.2,,,0.15,23,44.38,92310,0.2,23.32,30.61,39.03,49.3,71.65,48510,63670,81180,102530,149040,,
99,U.S.,1,US,622000,Hospitals,"3-digit, ownership",3,13-1041,Compliance Officers,detailed,1030,0.2,,,0.15,23,44.38,92310,0.2,23.32,30.61,39.03,49.3,71.65,48510,63670,81180,102530,149040,,
99,U.S.,1,US,622000,Hospitals,"3-digit, ownership",3,13-1070,Human Resources Workers,broad,3520,0.4,,,0.51,49,36.99,76930,0.2,23.71,28.94,34.6,43.54,51.74,49310,60200,71960,90560,107620,,
99,U.S.,1,US,622000,Hospitals,"3-digit, ownership",3,13-1071,Human Resources Specialists,detailed,3330,0.2,,,0.48,49,36.71,76360,0.2,23.46,28.56,34.51,43.34,51.74,48790,59410,71780,90150,107620,,
99,U.S.,1,US,622000,Hospitals,"3-digit, ownership",3,13-1075,Labor Relations Specialists,detailed,190,3,,,0.03,3,41.78,86910,0.3,31.52,32.54,38.38,48.08,64.95,65550,67670,79830,100010,135090,,
99,U.S.,1,US,622000,Hospitals,"3-digit, ownership",3,13-1080,Logisticians and Project Management Specialists,broad,1520,0.3,,,0.22,16,42.49,88380,0.2,22.69,29.72,40.91,50.63,65.75,47180,61820,85090,105310,136760,,
99,U.S.,1,US,622000,Hospitals,"3-digit, ownership",3,13-1081,Logisticians,detailed,280,2.2,,,0.04,5,30.15,62710,0.6,19.07,23.48,25.94,35.72,48.55,39670,48830,53960,74290,100980,,
99,U.S.,1,US,622000,Hospitals,"3-digit, ownership",3,13-1082,Project Management Specialists,detailed,1240,0.1,,,0.18,14,45.24,94090,0.2,24.79,33.23,44.02,52.52,66.09,51560,69110,91560,109240,137460,,
99,U.S.,1,US,622000,Hospitals,"3-digit, ownership",3,13-1110,Management Analysts,broad,1580,0.1,,,0.23,15,46.62,96960,0.2,29.2,36.34,44.03,55.11,66.43,60740,75580,91590,114640,138170,,
99,U.S.,1,US,622000,Hospitals,"3-digit, ownership",3,13-1111,Management Analysts,detailed,1580,0.1,,,0.23,15,46.62,96960,0.2,29.2,36.34,44.03,55.11,66.43,60740,75580,91590,114640,138170,,
99,U.S.,1,US,622000,Hospitals,"3-digit, ownership",3,13-1120,"Meeting, Convention, and Event Planners",broad,50,4.2,,,0.01,3,28.72,59730,0.2,21.25,22.79,27.52,33.27,37.83,44190,47400,57230,69200,78690,,
99,U.S.,1,US,622000,Hospitals,"3-digit, ownership",3,13-1121,"Meeting, Convention, and Event Planners",detailed,50,4.2,,,0.01,3,28.72,59730,0.2,21.25,22.79,27.52,33.27,37.83,44190,47400,57230,69200,78690,,
99,U.S.,1,US,622000,Hospitals,"3-digit, ownership",3,13-1130,Fundraisers,broad,220,0.2,,,0.03,10,37.01,76980,0.2,23.75,29.02,35.19,43.25,52.16,49410,60360,73200,89970,108480,,
99,U.S.,1,US,622000,Hospitals,"3-digit, ownership",3,13-1131,Fundraisers,detailed,220,0.2,,,0.03,10,37.01,76980,0.2,23.75,29.02,35.19,43.25,52.16,49410,60360,73200,89970,108480,,
99,U.S.,1,US,622000,Hospitals,"3-digit, ownership",3,13-1140,"Compensation, Benefits, and Job Analysis Specialists",broad,490,1.1,,,0.07,13,37.2,77380,0.4,21.69,26.97,36.82,45.89,54.91,45110,56100,76590,95460,114210,,
99,U.S.,1,US,622000,Hospitals,"3-digit, ownership",3,13-1141,"Compensation, Benefits, and Job Analysis Specialists",detailed,490,1.1,,,0.07,13,37.2,77380,0.4,21.69,26.97,36.82,45.89,54.91,45110,56100,76590,95460,114210,,
99,U.S.,1,US,622000,Hospitals,"3-digit, ownership",3,13-1150,Training and Development Specialists,broad,1320,0.8,,,0.19,20,42.93,89300,0.2,24.12,31.13,39.65,51.01,61.82,50160,64740,82470,106100,128590,,
99,U.S.,1,US,622000,Hospitals,"3-digit, ownership",3,13-1151,Training and Development Specialists,detailed,1320,0.8,,,0.19,20,42.93,89300,0.2,24.12,31.13,39.65,51.01,61.82,50160,64740,82470,106100,128590,,
99,U.S.,1,US,622000,Hospitals,"3-digit, ownership",3,13-1160,Market Research Analysts and Marketing Specialists,broad,580,0.7,,,0.08,21,34.79,72360,0.2,23.12,27.38,32.1,40.2,49.99,48100,56940,66770,83610,103970,,
99,U.S.,1,US,622000,Hospitals,"3-digit, ownership",3,13-1161,Market Research Analysts and Marketing Specialists,detailed,580,0.7,,,0.08,21,34.79,72360,0.2,23.12,27.38,32.1,40.2,49.99,48100,56940,66770,83610,103970,,
99,U.S.,1,US,622000,Hospitals,"3-digit, ownership",3,13-1190,Miscellaneous Business Operations Specialists,broad,1660,0,,,0.24,22,39.36,81880,0.3,22.35,28.88,37.91,47.91,59.71,46490,60070,78840,99660,124200,,
99,U.S.,1,US,622000,Hospitals,"3-digit, ownership",3,13-1199,"Business Operations Specialists, All Other",detailed,1660,0,,,0.24,22,39.36,81880,0.3,22.35,28.88,37.91,47.91,59.71,46490,60070,78840,99660,124200,,
99,U.S.,1,US,622000,Hospitals,"3-digit, ownership",3,13-2000,Financial Specialists,minor,4160,0.1,,,0.6,47,38.66,80400,0.2,22.72,27.18,36.21,47.47,60.49,47250,56530,75330,98740,125810,,
99,U.S.,1,US,622000,Hospitals,"3-digit, ownership",3,13-2010,Accountants and Auditors,broad,2320,0,,,0.33,42,41.17,85630,0.2,25.16,30.89,38.09,49.17,63.39,52330,64240,79230,102270,131840,,
99,U.S.,1,US,622000,Hospitals,"3-digit, ownership",3,13-2011,Accountants and Auditors,detailed,2320,0,,,0.33,42,41.17,85630,0.2,25.16,30.89,38.09,49.17,63.39,52330,64240,79230,102270,131840,,
99,U.S.,1,US,622000,Hospitals,"3-digit, ownership",3,13-2030,Budget Analysts,broad,140,2.8,,,0.02,4,48.69,101270,0.8,31.03,40.37,45.68,55.61,67.76,64550,83970,95020,115660,140930,,
99,U.S.,1,US,622000,Hospitals,"3-digit, ownership",3,13-2031,Budget Analysts,detailed,140,2.8,,,0.02,4,48.69,101270,0.8,31.03,40.37,45.68,55.61,67.76,64550,83970,95020,115660,140930,,
99,U.S.,1,US,622000,Hospitals,"3-digit, ownership",3,13-2050,Financial Analysts and Advisors,broad,800,0.5,,,0.11,14,43.07,89590,0.2,24.91,33.65,43.21,54.96,59.79,51810,69980,89880,114310,124360,,
99,U.S.,1,US,622000,Hospitals,"3-digit, ownership",3,13-2051,Financial and Investment Analysts,detailed,690,0.5,,,0.1,12,44.4,92350,0.2,29.57,35.75,45.51,55.87,60.93,61500,74370,94660,116220,126740,,
99,U.S.,1,US,622000,Hospitals,"3-digit, ownership",3,13-2052,Personal Financial Advisors,detailed,60,1.7,,,0.01,2,21.66,45050,0.3,17.36,18.24,22.16,23.44,29.52,36110,37940,46100,48740,61390,,
99,U.S.,1,US,622000,Hospitals,"3-digit, ownership",3,13-2054,Financial Risk Specialists,detailed,50,0.8,,,0.01,1,50.64,105340,0.6,33.71,44.1,51.48,57.67,66.1,70110,91730,107080,119950,137490,,
99,U.S.,1,US,622000,Hospitals,"3-digit, ownership",3,13-2070,Credit Counselors and Loan Officers,broad,500,0.9,,,0.07,6,23.91,49730,0.2,19.14,22.45,24.22,27.18,28.34,39810,46700,50370,56530,58950,,
99,U.S.,1,US,622000,Hospitals,"3-digit, ownership",3,13-2071,Credit Counselors,detailed,500,0.9,,,0.07,6,23.93,49770,0.2,19.14,22.54,24.22,27.18,28.34,39810,46880,50370,56530,58950,,
99,U.S.,1,US,622000,Hospitals,"3-digit, ownership",3,13-2090,Miscellaneous Financial Specialists,broad,380,0.7,,,0.05,8,30.46,63360,0.3,19.24,22.15,24,37.15,48.5,40010,46080,49910,77270,100880,,
99,U.S.,1,US,622000,Hospitals,"3-digit, ownership",3,13-2099,"Financial Specialists, All Other",detailed,380,0.7,,,0.05,8,30.46,63360,0.3,19.24,22.15,24,37.15,48.5,40010,46080,49910,77270,100880,,
99,U.S.,1,US,622000,Hospitals,"3-digit, ownership",3,15-0000,Computer and Mathematical Occupations,major,10600,0,,,1.52,53,44.24,92010,0.3,24.85,30.76,41.28,55.4,67.14,51680,63990,85860,115220,139660,,
99,U.S.,1,US,622000,Hospitals,"3-digit, ownership",3,15-1200,Computer Occupations,minor,9820,0,,,1.41,52,44.14,91810,0.3,24.57,30.69,41.25,55.47,67.23,51110,63830,85800,115390,139840,,
99,U.S.,1,US,622000,Hospitals,"3-digit, ownership",3,15-1210,Computer and Information Analysts,broad,3840,0.1,,,0.55,23,47.48,98760,0.2,29.37,36.3,45.46,60.08,68.59,61090,75510,94560,124960,142670,,
99,U.S.,1,US,622000,Hospitals,"3-digit, ownership",3,15-1211,Computer Systems Analysts,detailed,3520,0.1,,,0.51,22,47.46,98710,0.2,29.37,36.3,45.46,60.08,68.59,61090,75510,94560,124960,142670,,
99,U.S.,1,US,622000,Hospitals,"3-digit, ownership",3,15-1212,Information Security Analysts,detailed,320,2.5,,,0.05,7,47.74,99310,0.3,29.86,36.72,46.12,60.77,72.45,62110,76370,95940,126400,150690,,
99,U.S.,1,US,622000,Hospitals,"3-digit, ownership",3,15-1230,Computer Support Specialists,broad,2420,0.5,,,0.35,36,30.73,63920,0.2,19.17,23.17,28.92,36.66,44.89,39880,48190,60150,76260,93360,,
99,U.S.,1,US,622000,Hospitals,"3-digit, ownership",3,15-1231,Computer Network Support Specialists,detailed,310,1.1,,,0.04,10,35.45,73740,0.3,20.21,26.92,32.59,41.02,52.33,42030,56000,67780,85310,108840,,
99,U.S.,1,US,622000,Hospitals,"3-digit, ownership",3,15-1232,Computer User Support Specialists,detailed,2120,0.4,,,0.3,33,30.05,62500,0.2,18.89,23.04,28.88,35.79,44.4,39300,47930,60060,74430,92360,,
99,U.S.,1,US,622000,Hospitals,"3-digit, ownership",3,15-1240,Database and Network Administrators and Architects,broad,1940,0.1,,,0.28,30,49.73,103440,0.3,31.16,37.99,47.87,60.63,70.19,64820,79030,99570,126110,145990,,
99,U.S.,1,US,622000,Hospitals,"3-digit, ownership",3,15-1241,Computer Network Architects,detailed,300,0.4,,,0.04,8,57.04,118650,0.4,31.6,40.02,52.43,72.36,91.54,65730,83240,109060,150520,190410,,
99,U.S.,1,US,622000,Hospitals,"3-digit, ownership",3,15-1242,Database Administrators,detailed,180,0.8,,,0.03,6,48.38,100630,0.3,28.13,38.49,48.04,57.94,68.05,58500,80070,99930,120500,141540,,
99,U.S.,1,US,622000,Hospitals,"3-digit, ownership",3,15-1243,Database Architects,detailed,140,0.5,,,0.02,3,58.76,122210,0.4,38.63,46.13,59.69,70.19,77.69,80360,95950,124150,145990,161600,,
99,U.S.,1,US,622000,Hospitals,"3-digit, ownership",3,15-1244,Network and Computer Systems Administrators,detailed,1310,0.3,,,0.19,28,47.27,98330,0.3,31.11,37.19,46.14,57.31,64.64,64710,77350,95980,119200,134440,,
99,U.S.,1,US,622000,Hospitals,"3-digit, ownership",3,15-1250,"Software and Web Developers, Programmers, and Testers",broad,960,0.5,,,0.14,11,52.43,109050,0.3,30.42,41.68,50.89,63.69,72.49,63280,86700,105850,132480,150780,,
99,U.S.,1,US,622000,Hospitals,"3-digit, ownership",3,15-1251,Computer Programmers,detailed,110,1.1,,,0.02,3,44.32,92180,0.4,29.57,34.68,41.67,49.3,68.3,61500,72130,86670,102550,142060,,
99,U.S.,1,US,622000,Hospitals,"3-digit, ownership",3,15-1252,Software Developers,detailed,700,0.4,,,0.1,8,54.66,113680,0.3,32.06,46.54,55.72,63.69,72.49,66690,96800,115900,132480,150780,,
99,U.S.,1,US,622000,Hospitals,"3-digit, ownership",3,15-1253,Software Quality Assurance Analysts and Testers,detailed,70,1.1,,,0.01,2,46.68,97090,0.4,24.2,39.17,43.74,53.64,77.49,50340,81470,90970,111570,161190,,
99,U.S.,1,US,622000,Hospitals,"3-digit, ownership",3,15-1254,Web Developers,detailed,40,1.8,,,0.01,1,47.09,97940,0.5,30.47,39.24,46.81,56.07,59.35,63390,81610,97370,116630,123450,,
99,U.S.,1,US,622000,Hospitals,"3-digit, ownership",3,15-1255,Web and Digital Interface Designers,detailed,40,7.3,,,0.01,2,49.93,103850,1.1,30.42,33.54,48.99,58.53,63.99,63280,69760,101900,121730,133090,,
99,U.S.,1,US,622000,Hospitals,"3-digit, ownership",3,15-1290,Miscellaneous Computer Occupations,broad,660,0.2,,,0.1,11,45.42,94480,0.3,23.69,29.65,45.85,57.98,65.66,49280,61670,95360,120590,136580,,
99,U.S.,1,US,622000,Hospitals,"3-digit, ownership",3,15-1299,"Computer Occupations, All Other",detailed,660,0.2,,,0.1,11,45.42,94480,0.3,23.69,29.65,45.85,57.98,65.66,49280,61670,95360,120590,136580,,
99,U.S.,1,US,622000,Hospitals,"3-digit, ownership",3,15-2000,Mathematical Science Occupations,minor,780,0,,,0.11,12,45.48,94600,0.3,26.26,32.67,43.2,52.74,65.5,54620,67950,89860,109700,136250,,
99,U.S.,1,US,622000,Hospitals,"3-digit, ownership",3,15-2030,Operations Research Analysts,broad,250,0.6,,,0.04,4,40.6,84440,0.4,25.08,30.53,38.07,48.19,59.25,52170,63510,79180,100230,123230,,
99,U.S.,1,US,622000,Hospitals,"3-digit, ownership",3,15-2031,Operations Research Analysts,detailed,250,0.6,,,0.04,4,40.6,84440,0.4,25.08,30.53,38.07,48.19,59.25,52170,63510,79180,100230,123230,,
99,U.S.,1,US,622000,Hospitals,"3-digit, ownership",3,15-2040,Statisticians,broad,120,0.7,,,0.02,3,49.2,102340,0.7,29.69,37.65,44.42,61.65,74.51,61750,78310,92390,128230,154970,,
99,U.S.,1,US,622000,Hospitals,"3-digit, ownership",3,15-2041,Statisticians,detailed,120,0.7,,,0.02,3,49.2,102340,0.7,29.69,37.65,44.42,61.65,74.51,61750,78310,92390,128230,154970,,
99,U.S.,1,US,622000,Hospitals,"3-digit, ownership",3,15-2050,Data Scientists,broad,400,0,,,0.06,9,47.26,98300,0.3,27.49,35.49,44.09,57.09,67.73,57170,73820,91710,118750,140880,,
99,U.S.,1,US,622000,Hospitals,"3-digit, ownership",3,15-2051,Data Scientists,detailed,400,0,,,0.06,9,47.26,98300,0.3,27.49,35.49,44.09,57.09,67.73,57170,73820,91710,118750,140880,,
99,U.S.,1,US,622000,Hospitals,"3-digit, ownership",3,17-0000,Architecture and Engineering Occupations,major,270,0.7,,,0.04,6,46.75,97240,0.4,17.36,27.43,49.54,64.81,68.4,36110,57050,103050,134790,142280,,
99,U.S.,1,US,622000,Hospitals,"3-digit, ownership",3,17-2000,Engineers,minor,250,0.5,,,0.04,6,47.65,99120,0.4,17.36,27.43,49.63,64.87,71.85,36110,57050,103230,134920,149450,,
99,U.S.,1,US,622000,Hospitals,"3-digit, ownership",3,17-2030,Bioengineers and Biomedical Engineers,broad,100,2.3,,,0.01,3,54.02,112350,0.7,35.55,40.55,50.7,64.87,72.48,73950,84350,105450,134920,150760,,
99,U.S.,1,US,622000,Hospitals,"3-digit, ownership",3,17-2031,Bioengineers and Biomedical Engineers,detailed,100,2.3,,,0.01,3,54.02,112350,0.7,35.55,40.55,50.7,64.87,72.48,73950,84350,105450,134920,150760,,
99,U.S.,1,US,622000,Hospitals,"3-digit, ownership",3,17-2112,Industrial Engineers,detailed,30,1,,,0,~,63.54,132150,0.5,55.26,55.26,65.65,65.65,65.65,114930,114930,136540,136540,136540,,
99,U.S.,1,US,622000,Hospitals,"3-digit, ownership",3,19-0000,"Life, Physical, and Social Science Occupations",major,3930,0.1,,,0.57,28,51.74,107620,0.5,25.7,35.66,51.61,62.73,76.12,53450,74180,107340,130480,158330,,
99,U.S.,1,US,622000,Hospitals,"3-digit, ownership",3,19-1000,Life Scientists,minor,2130,0,,,0.31,15,54.68,113740,0.4,32.1,38.66,58.12,63.33,74.66,66770,80410,120890,131720,155300,,
99,U.S.,1,US,622000,Hospitals,"3-digit, ownership",3,19-1020,Biological Scientists,broad,80,5.1,,,0.01,2,47.35,98480,1.2,24.49,31.89,39.45,57.46,78.89,50940,66340,82050,119510,164090,,
99,U.S.,1,US,622000,Hospitals,"3-digit, ownership",3,19-1022,Microbiologists,detailed,70,3.8,,,0.01,2,44.56,92680,1.3,24.49,31.89,39.45,50.28,78.89,50940,66340,82050,104580,164090,,
99,U.S.,1,US,622000,Hospitals,"3-digit, ownership",3,19-1040,Medical Scientists,broad,2040,0.2,,,0.29,14,55.01,114420,0.4,32.1,39.31,58.59,63.48,74.66,66770,81770,121860,132040,155300,,
99,U.S.,1,US,622000,Hospitals,"3-digit, ownership",3,19-1041,Epidemiologists,detailed,150,1.6,,,0.02,4,51.72,107580,0.5,35.01,42.04,50.05,66.93,67.52,72820,87440,104100,139210,140440,,
99,U.S.,1,US,622000,Hospitals,"3-digit, ownership",3,19-1042,"Medical Scientists, Except Epidemiologists",detailed,1890,0.4,,,0.27,11,55.28,114980,0.4,32.1,38.47,59.28,63.48,74.97,66770,80010,123290,132040,155940,,
99,U.S.,1,US,622000,Hospitals,"3-digit, ownership",3,19-2000,Physical Scientists,minor,120,2.8,,,0.02,3,92.21,191790,2.4,35.7,48.27,80.2,#,#,74250,100400,166820,#,#,,
99,U.S.,1,US,622000,Hospitals,"3-digit, ownership",3,19-2010,Astronomers and Physicists,broad,70,6.2,,,0.01,2,127.14,264440,1.8,79.8,102.77,113.67,#,#,165980,213760,236430,#,#,,
99,U.S.,1,US,622000,Hospitals,"3-digit, ownership",3,19-2012,Physicists,detailed,70,6.2,,,0.01,2,127.14,264440,1.8,79.8,102.77,113.67,#,#,165980,213760,236430,#,#,,
99,U.S.,1,US,622000,Hospitals,"3-digit, ownership",3,19-3000,Social Scientists and Related Workers,minor,870,0.1,,,0.12,11,51.26,106610,0.4,23.35,30.99,51.88,63.05,78.38,48570,64460,107920,131140,163030,,
99,U.S.,1,US,622000,Hospitals,"3-digit, ownership",3,19-3030,Psychologists,broad,850,0.1,,,0.12,11,51.54,107200,0.4,23.35,30.65,52.13,63.83,78.88,48570,63750,108430,132760,164060,,
99,U.S.,1,US,622000,Hospitals,"3-digit, ownership",3,19-3033,Clinical and Counseling Psychologists,detailed,810,0.1,,,0.12,10,51.69,107520,0.5,24.03,31.04,52.15,63.91,78.88,49990,64560,108480,132930,164060,,
99,U.S.,1,US,622000,Hospitals,"3-digit, ownership",3,19-3039,"Psychologists, All Other",detailed,40,1.4,,,0.01,1,49.48,102920,1.2,23.35,25.24,50.13,60.63,78.04,48570,52500,104280,126100,162330,,
99,U.S.,1,US,622000,Hospitals,"3-digit, ownership",3,19-4000,"Life, Physical, and Social Science Technicians",minor,300,0.5,,,0.04,5,27.47,57130,0.6,18.31,21.9,24.6,31.33,39.37,38080,45540,51180,65170,81880,,
99,U.S.,1,US,622000,Hospitals,"3-digit, ownership",3,19-4020,Biological Technicians,broad,**,**,,,**,**,26.9,55950,0.7,18.31,18.71,24.19,30.51,39.31,38080,38930,50310,63450,81770,,
99,U.S.,1,US,622000,Hospitals,"3-digit, ownership",3,19-4021,Biological Technicians,detailed,**,**,,,**,**,26.9,55950,0.7,18.31,18.71,24.19,30.51,39.31,38080,38930,50310,63450,81770,,
99,U.S.,1,US,622000,Hospitals,"3-digit, ownership",3,19-4060,Social Science Research Assistants,broad,60,3.8,,,0.01,1,26.29,54680,0.3,22.41,24.15,24.6,27.46,33.61,46610,50240,51180,57120,69900,,
99,U.S.,1,US,622000,Hospitals,"3-digit, ownership",3,19-4061,Social Science Research Assistants,detailed,60,3.8,,,0.01,1,26.29,54680,0.3,22.41,24.15,24.6,27.46,33.61,46610,50240,51180,57120,69900,,
99,U.S.,1,US,622000,Hospitals,"3-digit, ownership",3,19-4090,"Miscellaneous Life, Physical, and Social Science Technicians",broad,140,2.5,,,0.02,3,27.47,57140,0.4,14.73,19.98,26.87,35.66,39.74,30640,41560,55880,74180,82660,,
99,U.S.,1,US,622000,Hospitals,"3-digit, ownership",3,19-4099,"Life, Physical, and Social Science Technicians, All Other",detailed,140,2.4,,,0.02,3,27.47,57140,0.4,14.73,19.98,26.87,35.66,39.74,30640,41560,55880,74180,82660,,
99,U.S.,1,US,622000,Hospitals,"3-digit, ownership",3,19-5000,Occupational Health and Safety Specialists and Technicians,minor,510,0.2,,,0.07,13,45.3,94220,0.5,24.6,31.03,42.59,58.98,73.23,51180,64530,88590,122670,152310,,
99,U.S.,1,US,622000,Hospitals,"3-digit, ownership",3,19-5010,Occupational Health and Safety Specialists and Technicians,broad,510,0.2,,,0.07,13,45.3,94220,0.5,24.6,31.03,42.59,58.98,73.23,51180,64530,88590,122670,152310,,
99,U.S.,1,US,622000,Hospitals,"3-digit, ownership",3,19-5011,Occupational Health and Safety Specialists,detailed,420,0.5,,,0.06,12,48.24,100350,0.5,28.52,34.25,45.82,60.32,73.23,59330,71250,95300,125460,152310,,
99,U.S.,1,US,622000,Hospitals,"3-digit, ownership",3,19-5012,Occupational Health and Safety Technicians,detailed,100,1.5,,,0.01,3,32.37,67330,0.5,13.69,22.74,30,42.32,48.04,28480,47300,62400,88030,99930,,
99,U.S.,1,US,622000,Hospitals,"3-digit, ownership",3,21-0000,Community and Social Service Occupations,major,16950,0,,,2.44,59,34.94,72670,0.3,22.26,26.14,32.87,40.62,49.84,46300,54380,68360,84480,103660,,
99,U.S.,1,US,622000,Hospitals,"3-digit, ownership",3,21-1000,"Counselors, Social Workers, and Other Community and Social Service Specialists",minor,16400,0,,,2.36,59,35.04,72880,0.3,22.26,26.14,33.02,40.63,49.97,46300,54380,68670,84520,103940,,
99,U.S.,1,US,622000,Hospitals,"3-digit, ownership",3,21-1010,Counselors,broad,3170,0.1,,,0.46,21,33.98,70680,0.4,22.26,26.83,30.22,37.64,56.52,46300,55810,62860,78280,117560,,
99,U.S.,1,US,622000,Hospitals,"3-digit, ownership",3,21-1013,Marriage and Family Therapists,detailed,100,0.2,,,0.01,1,41.18,85650,0.4,18.86,23.05,39.02,64.56,64.56,39230,47950,81170,134290,134290,,
99,U.S.,1,US,622000,Hospitals,"3-digit, ownership",3,21-1015,Rehabilitation Counselors,detailed,170,0.1,,,0.02,3,33.91,70540,0.2,23.16,28.14,33.48,38.68,42.43,48170,58520,69640,80460,88250,,
99,U.S.,1,US,622000,Hospitals,"3-digit, ownership",3,21-1018,"Substance Abuse, Behavioral Disorder, and Mental Health Counselors",detailed,2790,0.1,,,0.4,18,33.72,70140,0.4,22.26,26.66,30.18,37.07,54.61,46300,55450,62780,77110,113590,,
99,U.S.,1,US,622000,Hospitals,"3-digit, ownership",3,21-1019,"Counselors, All Other",detailed,100,3.5,,,0.01,3,33.35,69360,0.6,22.01,26.39,32.84,38.97,42.19,45770,54890,68300,81050,87750,,
99,U.S.,1,US,622000,Hospitals,"3-digit, ownership",3,21-1020,Social Workers,broad,8160,0.1,,,1.17,51,37.14,77240,0.3,24.03,30.01,36.58,42.51,49.78,49980,62410,76090,88410,103550,,
99,U.S.,1,US,622000,Hospitals,"3-digit, ownership",3,21-1021,"Child, Family, and School Social Workers",detailed,550,0.4,,,0.08,7,30.91,64290,0.5,22.03,24.05,29.32,36.54,45.14,45830,50020,60990,76000,93890,,
99,U.S.,1,US,622000,Hospitals,"3-digit, ownership",3,21-1022,Healthcare Social Workers,detailed,5920,0.1,,,0.85,48,37.68,78370,0.3,25.15,30.82,37.22,42.52,49.41,52310,64110,77410,88440,102760,,
99,U.S.,1,US,622000,Hospitals,"3-digit, ownership",3,21-1023,Mental Health and Substance Abuse Social Workers,detailed,1600,0.3,,,0.23,9,37.39,77760,0.4,23.38,27.48,36.69,43.12,52.22,48620,57150,76310,89680,108620,,
99,U.S.,1,US,622000,Hospitals,"3-digit, ownership",3,21-1029,"Social Workers, All Other",detailed,100,0.5,,,0.01,1,35.09,72980,0.4,29.42,29.88,35.41,39.84,41.95,61200,62140,73650,82880,87250,,
99,U.S.,1,US,622000,Hospitals,"3-digit, ownership",3,21-1090,Miscellaneous Community and Social Service Specialists,broad,5070,0.1,,,0.73,31,32.32,67230,0.4,19.37,23.99,28.29,39.6,49.45,40280,49910,58840,82360,102860,,
99,U.S.,1,US,622000,Hospitals,"3-digit, ownership",3,21-1091,Health Education Specialists,detailed,1470,0.3,,,0.21,19,41.55,86420,0.4,23.47,30.16,39.51,52.23,69.05,48810,62730,82170,108650,143620,,
99,U.S.,1,US,622000,Hospitals,"3-digit, ownership",3,21-1093,Social and Human Service Assistants,detailed,1470,0.1,,,0.21,12,25.33,52690,0.4,16.32,19.37,24.51,27.99,38.65,33950,40280,50970,58230,80400,,
99,U.S.,1,US,622000,Hospitals,"3-digit, ownership",3,21-1094,Community Health Workers,detailed,1920,0.1,,,0.28,16,30.67,63780,0.4,22.36,24.69,28.24,35.39,43.23,46500,51350,58750,73610,89920,,
99,U.S.,1,US,622000,Hospitals,"3-digit, ownership",3,21-1099,"Community and Social Service Specialists, All Other",detailed,200,0.3,,,0.03,4,32.25,67090,0.4,22.07,25.02,28.26,37.07,47.91,45910,52040,58780,77100,99650,,
99,U.S.,1,US,622000,Hospitals,"3-digit, ownership",3,21-2000,Religious Workers,minor,550,0.3,,,0.08,12,31.87,66300,0.4,21.3,26.23,31,36.21,42.22,44310,54560,64480,75330,87820,,
99,U.S.,1,US,622000,Hospitals,"3-digit, ownership",3,21-2010,Clergy,broad,510,0.7,,,0.07,11,30.79,64050,0.4,20.62,25.48,30.59,34.61,40.68,42900,53000,63620,71990,84610,,
99,U.S.,1,US,622000,Hospitals,"3-digit, ownership",3,21-2011,Clergy,detailed,510,0.7,,,0.07,11,30.79,64050,0.4,20.62,25.48,30.59,34.61,40.68,42900,53000,63620,71990,84610,,
99,U.S.,1,US,622000,Hospitals,"3-digit, ownership",3,23-0000,Legal Occupations,major,380,0.1,,,0.05,7,91.78,190900,1.2,34.75,48.77,81.48,107.03,#,72270,101450,169480,222620,#,,
99,U.S.,1,US,622000,Hospitals,"3-digit, ownership",3,23-1000,"Lawyers, Judges, and Related Workers",minor,320,0.5,,,0.05,6,103.11,214460,1.1,47.7,65.9,84.45,#,#,99210,137070,175650,#,#,,
99,U.S.,1,US,622000,Hospitals,"3-digit, ownership",3,23-1010,Lawyers and Judicial Law Clerks,broad,320,0.4,,,0.05,6,103.11,214460,1.1,47.7,65.9,84.45,#,#,99210,137070,175650,#,#,,
99,U.S.,1,US,622000,Hospitals,"3-digit, ownership",3,23-1011,Lawyers,detailed,320,0.4,,,0.05,6,103.11,214460,1.1,47.7,65.9,84.45,#,#,99210,137070,175650,#,#,,
99,U.S.,1,US,622000,Hospitals,"3-digit, ownership",3,23-2000,Legal Support Workers,minor,60,2.9,,,0.01,3,35.71,74270,1.1,28.77,30.5,35.65,39.6,44.93,59840,63430,74160,82360,93460,,
99,U.S.,1,US,622000,Hospitals,"3-digit, ownership",3,23-2010,Paralegals and Legal Assistants,broad,60,2.9,,,0.01,3,35.41,73660,1.2,28.61,30.5,34.75,39.6,43.66,59500,63430,72270,82360,90810,,
99,U.S.,1,US,622000,Hospitals,"3-digit, ownership",3,23-2011,Paralegals and Legal Assistants,detailed,60,2.9,,,0.01,3,35.41,73660,1.2,28.61,30.5,34.75,39.6,43.66,59500,63430,72270,82360,90810,,
99,U.S.,1,US,622000,Hospitals,"3-digit, ownership",3,25-0000,Educational Instruction and Library Occupations,major,630,0.5,,,0.09,8,48.59,101060,0.5,23.69,37.7,46.72,60.46,72.59,49280,78410,97170,125760,151000,,
99,U.S.,1,US,622000,Hospitals,"3-digit, ownership",3,25-1000,Postsecondary Teachers,minor,420,0.4,,,0.06,4,*,116470,0.5,*,*,*,*,*,79180,95110,105470,134600,159590,TRUE,
99,U.S.,1,US,622000,Hospitals,"3-digit, ownership",3,25-1070,"Health Teachers, Postsecondary",broad,410,0.4,,,0.06,4,*,116590,0.5,*,*,*,*,*,79180,95110,105470,134600,159590,TRUE,
99,U.S.,1,US,622000,Hospitals,"3-digit, ownership",3,25-1071,"Health Specialties Teachers, Postsecondary",detailed,60,0.7,,,0.01,1,*,97680,0.5,*,*,*,*,*,69660,78410,90500,105030,123220,TRUE,
99,U.S.,1,US,622000,Hospitals,"3-digit, ownership",3,25-1072,"Nursing Instructors and Teachers, Postsecondary",detailed,360,0.5,,,0.05,3,*,119510,0.5,*,*,*,*,*,85010,96890,119650,150920,162360,TRUE,
99,U.S.,1,US,622000,Hospitals,"3-digit, ownership",3,25-2000,"Preschool, Elementary, Middle, Secondary, and Special Education Teachers",minor,80,1.5,,,0.01,1,*,57250,1.1,*,*,*,*,*,35460,37910,49280,64090,90170,TRUE,
99,U.S.,1,US,622000,Hospitals,"3-digit, ownership",3,25-2010,Preschool and Kindergarten Teachers,broad,40,1.1,,,0.01,1,20.45,42540,0.8,15.33,17.62,18.33,23.69,27.67,31880,36650,38120,49280,57560,,
99,U.S.,1,US,622000,Hospitals,"3-digit, ownership",3,25-2011,"Preschool Teachers, Except Special Education",detailed,40,1.1,,,0.01,1,20.45,42540,0.8,15.33,17.62,18.33,23.69,27.67,31880,36650,38120,49280,57560,,
99,U.S.,1,US,622000,Hospitals,"3-digit, ownership",3,25-2050,Special Education Teachers,broad,40,1.3,,,0.01,1,*,75010,1.6,*,*,*,*,*,49280,60380,78840,90170,102850,TRUE,
99,U.S.,1,US,622000,Hospitals,"3-digit, ownership",3,25-3000,Other Teachers and Instructors,minor,30,1.2,,,0,1,26.27,54650,1.4,16.84,17.82,26.08,30.8,39.07,35030,37060,54250,64060,81260,,
99,U.S.,1,US,622000,Hospitals,"3-digit, ownership",3,25-4000,"Librarians, Curators, and Archivists",minor,30,0.5,,,0,2,36.85,76650,1,24.24,30.32,34.8,44.79,49.19,50430,63070,72380,93160,102320,,
99,U.S.,1,US,622000,Hospitals,"3-digit, ownership",3,25-9000,Other Educational Instruction and Library Occupations,minor,70,0.9,,,0.01,2,*,92330,0.5,*,*,*,*,*,50170,75020,91370,107780,132220,TRUE,
99,U.S.,1,US,622000,Hospitals,"3-digit, ownership",3,25-9030,Instructional Coordinators,broad,60,2.5,,,0.01,2,46.73,97200,0.9,24.24,39.56,48.66,55.04,63.57,50420,82270,101210,114480,132230,,
99,U.S.,1,US,622000,Hospitals,"3-digit, ownership",3,25-9031,Instructional Coordinators,detailed,60,2.5,,,0.01,2,46.73,97200,0.9,24.24,39.56,48.66,55.04,63.57,50420,82270,101210,114480,132230,,
99,U.S.,1,US,622000,Hospitals,"3-digit, ownership",3,27-0000,"Arts, Design, Entertainment, Sports, and Media Occupations",major,1640,0.5,,,0.24,24,31.6,65730,0.7,22.79,24.69,29.58,36.59,44.28,47400,51360,61520,76110,92100,,
99,U.S.,1,US,622000,Hospitals,"3-digit, ownership",3,27-1000,Art and Design Workers,minor,100,0.8,,,0.01,5,33.09,68820,0.6,22.69,26.26,30.89,37.15,46.35,47200,54630,64260,77280,96400,,
99,U.S.,1,US,622000,Hospitals,"3-digit, ownership",3,27-1020,Designers,broad,100,0.7,,,0.01,5,32.99,68620,0.6,22.69,26.03,30.89,37.15,46.35,47200,54130,64260,77280,96400,,
99,U.S.,1,US,622000,Hospitals,"3-digit, ownership",3,27-1024,Graphic Designers,detailed,90,0.6,,,0.01,4,32.86,68340,0.7,23.26,26.03,30.45,37.15,43.98,48380,54130,63340,77280,91490,,
99,U.S.,1,US,622000,Hospitals,"3-digit, ownership",3,27-3000,Media and Communication Workers,minor,1510,0.3,,,0.22,23,31.48,65470,0.8,22.78,24.46,29.58,36.38,44.28,47380,50890,61520,75670,92100,,
99,U.S.,1,US,622000,Hospitals,"3-digit, ownership",3,27-3030,Public Relations Specialists,broad,610,0.2,,,0.09,19,35.82,74500,0.7,23.39,28.09,34.94,40.68,49.73,48650,58430,72680,84620,103440,,
99,U.S.,1,US,622000,Hospitals,"3-digit, ownership",3,27-3031,Public Relations Specialists,detailed,610,0.2,,,0.09,19,35.82,74500,0.7,23.39,28.09,34.94,40.68,49.73,48650,58430,72680,84620,103440,,
99,U.S.,1,US,622000,Hospitals,"3-digit, ownership",3,27-3040,Writers and Editors,broad,50,1.8,,,0.01,2,39.65,82470,1,26.66,32.47,40.98,47.67,48.68,55460,67530,85230,99150,101260,,
99,U.S.,1,US,622000,Hospitals,"3-digit, ownership",3,27-3090,Miscellaneous Media and Communication Workers,broad,860,0.5,,,0.12,8,27.93,58090,0.8,22.19,23.48,27.97,31.09,35.45,46160,48830,58170,64680,73730,,
99,U.S.,1,US,622000,Hospitals,"3-digit, ownership",3,27-3091,Interpreters and Translators,detailed,850,0.4,,,0.12,8,27.86,57960,0.7,22.16,23.48,27.89,31.09,35.45,46100,48830,58010,64680,73730,,
99,U.S.,1,US,622000,Hospitals,"3-digit, ownership",3,29-0000,Healthcare Practitioners and Technical Occupations,major,373090,0,,,53.63,96,48.03,99900,0.5,23.28,31.16,39.48,50.94,75.02,48430,64820,82110,105950,156030,,
99,U.S.,1,US,622000,Hospitals,"3-digit, ownership",3,29-1000,Healthcare Diagnosing or Treating Practitioners,minor,258890,0,,,37.21,94,56,116480,0.6,31.75,37.63,46.28,60.82,87.92,66030,78270,96270,126500,182880,,
99,U.S.,1,US,622000,Hospitals,"3-digit, ownership",3,29-1020,Dentists,broad,590,0.1,,,0.08,5,71.3,148310,0.5,31.84,35.21,38.69,100.71,113.71,66240,73240,80480,209490,236510,,
99,U.S.,1,US,622000,Hospitals,"3-digit, ownership",3,29-1021,"Dentists, General",detailed,540,0.5,,,0.08,4,66.74,138820,0.2,31.84,35.21,38.11,100.71,111.65,66240,73240,79270,209490,232230,,
99,U.S.,1,US,622000,Hospitals,"3-digit, ownership",3,29-1022,Oral and Maxillofacial Surgeons,detailed,40,4.7,,,0.01,1,113.72,236540,1.6,31.05,31.05,39.32,#,#,64590,64590,81790,#,#,,
99,U.S.,1,US,622000,Hospitals,"3-digit, ownership",3,29-1030,Dietitians and Nutritionists,broad,2130,0.1,,,0.31,34,36.84,76620,0.2,27.06,30.1,35.63,40.52,50.35,56290,62610,74110,84290,104720,,
99,U.S.,1,US,622000,Hospitals,"3-digit, ownership",3,29-1031,Dietitians and Nutritionists,detailed,2130,0.1,,,0.31,34,36.84,76620,0.2,27.06,30.1,35.63,40.52,50.35,56290,62610,74110,84290,104720,,
99,U.S.,1,US,622000,Hospitals,"3-digit, ownership",3,29-1040,Optometrists,broad,70,1.4,,,0.01,2,77.37,160920,0.3,61.27,71.55,77.88,79.31,99.04,127440,148820,161990,164960,206000,,
99,U.S.,1,US,622000,Hospitals,"3-digit, ownership",3,29-1041,Optometrists,detailed,70,1.4,,,0.01,2,77.37,160920,0.3,61.27,71.55,77.88,79.31,99.04,127440,148820,161990,164960,206000,,
99,U.S.,1,US,622000,Hospitals,"3-digit, ownership",3,29-1050,Pharmacists,broad,9550,0.3,,,1.37,54,73.52,152920,0.2,59.2,65.02,73.01,81.8,93.1,123140,135230,151870,170150,193650,,
99,U.S.,1,US,622000,Hospitals,"3-digit, ownership",3,29-1051,Pharmacists,detailed,9550,0.3,,,1.37,54,73.52,152920,0.2,59.2,65.02,73.01,81.8,93.1,123140,135230,151870,170150,193650,,
99,U.S.,1,US,622000,Hospitals,"3-digit, ownership",3,29-1070,Physician Assistants,broad,4360,0.5,,,0.63,52,65.7,136660,0.2,49.54,59.1,63.43,74.95,84.01,103040,122930,131930,155890,174740,,
99,U.S.,1,US,622000,Hospitals,"3-digit, ownership",3,29-1071,Physician Assistants,detailed,4360,0.5,,,0.63,52,65.7,136660,0.2,49.54,59.1,63.43,74.95,84.01,103040,122930,131930,155890,174740,,
99,U.S.,1,US,622000,Hospitals,"3-digit, ownership",3,29-1080,Podiatrists,broad,90,0.5,,,0.01,3,109.38,227500,0.6,32.16,63.21,104.48,#,#,66880,131470,217310,#,#,,
99,U.S.,1,US,622000,Hospitals,"3-digit, ownership",3,29-1081,Podiatrists,detailed,90,0.5,,,0.01,3,109.38,227500,0.6,32.16,63.21,104.48,#,#,66880,131470,217310,#,#,,
99,U.S.,1,US,622000,Hospitals,"3-digit, ownership",3,29-1120,Therapists,broad,24460,0,,,3.52,69,44.4,92340,0.2,30.2,36.37,43,51.03,60.84,62810,75650,89450,106140,126550,,
99,U.S.,1,US,622000,Hospitals,"3-digit, ownership",3,29-1122,Occupational Therapists,detailed,3330,0,,,0.48,40,49.26,102460,0.2,37.7,41.18,49.15,53.19,62.88,78420,85660,102220,110640,130790,,
99,U.S.,1,US,622000,Hospitals,"3-digit, ownership",3,29-1123,Physical Therapists,detailed,6630,0,,,0.95,54,51.66,107440,0.2,39.03,45.63,50.89,57.59,65.28,81180,94900,105860,119790,135780,,
99,U.S.,1,US,622000,Hospitals,"3-digit, ownership",3,29-1124,Radiation Therapists,detailed,730,0.5,,,0.1,11,52.18,108540,0.2,33.84,39.1,47.45,55.29,71.32,70390,81330,98700,115010,148350,,
99,U.S.,1,US,622000,Hospitals,"3-digit, ownership",3,29-1125,Recreational Therapists,detailed,340,0.1,,,0.05,9,31.42,65340,0.8,20.1,23.66,30,37.39,46.18,41820,49220,62410,77770,96050,,
99,U.S.,1,US,622000,Hospitals,"3-digit, ownership",3,29-1126,Respiratory Therapists,detailed,10650,0,,,1.53,54,38.16,79360,0.2,28.3,31.37,37.37,42.67,48.91,58860,65240,77730,88760,101720,,
99,U.S.,1,US,622000,Hospitals,"3-digit, ownership",3,29-1127,Speech-Language Pathologists,detailed,1890,0.1,,,0.27,33,49.04,102000,0.2,37.54,41.19,48.58,53.59,61.52,78070,85680,101040,111470,127950,,
99,U.S.,1,US,622000,Hospitals,"3-digit, ownership",3,29-1128,Exercise Physiologists,detailed,460,0.1,,,0.07,12,26.54,55200,0.2,20.27,22.77,24.54,29.84,34.45,42170,47370,51040,62060,71650,,
99,U.S.,1,US,622000,Hospitals,"3-digit, ownership",3,29-1129,"Therapists, All Other",detailed,430,0.5,,,0.06,6,45.33,94280,0.4,20.29,25.8,40.49,50.43,67.91,42200,53650,84220,104900,141250,,
99,U.S.,1,US,622000,Hospitals,"3-digit, ownership",3,29-1140,Registered Nurses,broad,180060,0,,,25.88,83,46.39,96490,0.2,31.75,37.61,42.48,50.07,63.36,66030,78230,88350,104140,131800,,
99,U.S.,1,US,622000,Hospitals,"3-digit, ownership",3,29-1141,Registered Nurses,detailed,180060,0,,,25.88,83,46.39,96490,0.2,31.75,37.61,42.48,50.07,63.36,66030,78230,88350,104140,131800,,
99,U.S.,1,US,622000,Hospitals,"3-digit, ownership",3,29-1150,Nurse Anesthetists,broad,2380,0.2,,,0.34,20,116.69,242720,0.4,88,101.51,109.83,#,#,183040,211130,228440,#,#,,
99,U.S.,1,US,622000,Hospitals,"3-digit, ownership",3,29-1151,Nurse Anesthetists,detailed,2380,0.2,,,0.34,20,116.69,242720,0.4,88,101.51,109.83,#,#,183040,211130,228440,#,#,,
99,U.S.,1,US,622000,Hospitals,"3-digit, ownership",3,29-1160,Nurse Midwives,broad,250,4,,,0.04,8,68.64,142770,0.4,54.8,58.84,63.78,71.78,94.58,113990,122390,132670,149300,196730,,
99,U.S.,1,US,622000,Hospitals,"3-digit, ownership",3,29-1161,Nurse Midwives,detailed,250,4,,,0.04,8,68.64,142770,0.4,54.8,58.84,63.78,71.78,94.58,113990,122390,132670,149300,196730,,
99,U.S.,1,US,622000,Hospitals,"3-digit, ownership",3,29-1170,Nurse Practitioners,broad,8570,0.1,,,1.23,57,67.69,140780,0.2,51.4,57.44,64.5,72.94,85.61,106920,119480,134160,151710,178080,,
99,U.S.,1,US,622000,Hospitals,"3-digit, ownership",3,29-1171,Nurse Practitioners,detailed,8570,0.1,,,1.23,57,67.69,140780,0.2,51.4,57.44,64.5,72.94,85.61,106920,119480,134160,151710,178080,,
99,U.S.,1,US,622000,Hospitals,"3-digit, ownership",3,29-1180,Audiologists,broad,90,2.5,,,0.01,4,49.9,103800,0.4,37.49,43.43,47.62,56.99,67.56,77980,90330,99040,118550,140520,,
99,U.S.,1,US,622000,Hospitals,"3-digit, ownership",3,29-1181,Audiologists,detailed,90,2.5,,,0.01,4,49.9,103800,0.4,37.49,43.43,47.62,56.99,67.56,77980,90330,99040,118550,140520,,
99,U.S.,1,US,622000,Hospitals,"3-digit, ownership",3,29-1210,Physicians,broad,24990,0.1,,,3.59,66,115.02,239240,2.9,32.65,37.23,#,#,#,67910,77440,#,#,#,,
99,U.S.,1,US,622000,Hospitals,"3-digit, ownership",3,29-1211,Anesthesiologists,detailed,**,**,,,**,**,157.49,327590,0.2,37.85,40.86,#,#,#,78730,84990,#,#,#,,
99,U.S.,1,US,622000,Hospitals,"3-digit, ownership",3,29-1212,Cardiologists,detailed,240,0.2,,,0.03,5,197.45,410700,1.1,38.04,74.11,#,#,#,79120,154160,#,#,#,,
99,U.S.,1,US,622000,Hospitals,"3-digit, ownership",3,29-1213,Dermatologists,detailed,50,1.7,,,0.01,1,71.52,148760,2.6,35.92,35.92,38.02,77.66,#,74710,74710,79080,161530,#,,
99,U.S.,1,US,622000,Hospitals,"3-digit, ownership",3,29-1214,Emergency Medicine Physicians,detailed,1520,0.1,,,0.22,16,135.07,280950,0.4,35.21,78.06,#,#,#,73240,162360,#,#,#,,
99,U.S.,1,US,622000,Hospitals,"3-digit, ownership",3,29-1215,Family Medicine Physicians,detailed,4370,0.1,,,0.63,28,125.85,261760,0.4,33.53,80.75,#,#,#,69750,167960,#,#,#,,
99,U.S.,1,US,622000,Hospitals,"3-digit, ownership",3,29-1216,General Internal Medicine Physicians,detailed,2370,0.1,,,0.34,13,88.52,184120,0.7,35.06,36.37,44.15,#,#,72930,75640,91840,#,#,,
99,U.S.,1,US,622000,Hospitals,"3-digit, ownership",3,29-1217,Neurologists,detailed,**,**,,,**,**,137.01,284970,2.4,37.31,42.96,#,#,#,77600,89360,#,#,#,,
99,U.S.,1,US,622000,Hospitals,"3-digit, ownership",3,29-1218,Obstetricians and Gynecologists,detailed,410,0.8,,,0.06,8,123.6,257100,1.5,33.12,39.47,#,#,#,68900,82110,#,#,#,,
99,U.S.,1,US,622000,Hospitals,"3-digit, ownership",3,29-1221,"Pediatricians, General",detailed,900,0.5,,,0.13,7,77.35,160880,0.9,34.57,36.75,43.68,113.67,#,71900,76440,90850,236440,#,,
99,U.S.,1,US,622000,Hospitals,"3-digit, ownership",3,29-1222,"Physicians, Pathologists",detailed,100,1.6,,,0.01,2,91.18,189660,0.8,35.21,39.44,61.78,#,#,73240,82030,128490,#,#,,
99,U.S.,1,US,622000,Hospitals,"3-digit, ownership",3,29-1223,Psychiatrists,detailed,720,0,,,0.1,6,106.73,222000,0.8,34.76,38.02,#,#,#,72290,79080,#,#,#,,
99,U.S.,1,US,622000,Hospitals,"3-digit, ownership",3,29-1224,Radiologists,detailed,490,0.1,,,0.07,7,125.91,261890,0.7,35.95,38.05,63.8,#,#,74770,79140,132700,#,#,,
99,U.S.,1,US,622000,Hospitals,"3-digit, ownership",3,29-1229,"Physicians, All Other",detailed,13080,0.1,,,1.88,40,113.01,235050,5.6,32.65,36.23,111.23,#,#,67910,75360,231350,#,#,,
99,U.S.,1,US,622000,Hospitals,"3-digit, ownership",3,29-1240,Surgeons,broad,**,**,,,**,**,157.34,327270,0.5,35.44,40,#,#,#,73710,83200,#,#,#,,
99,U.S.,1,US,622000,Hospitals,"3-digit, ownership",3,29-1241,"Ophthalmologists, Except Pediatric",detailed,70,0.1,,,0.01,1,85.6,178040,1.5,35.44,35.44,39.96,#,#,73710,73710,83110,#,#,,
99,U.S.,1,US,622000,Hospitals,"3-digit, ownership",3,29-1242,"Orthopedic Surgeons, Except Pediatric",detailed,**,**,,,**,**,192.87,401160,1,39.6,78.3,#,#,#,82370,162870,#,#,#,,
99,U.S.,1,US,622000,Hospitals,"3-digit, ownership",3,29-1249,"Surgeons, All Other",detailed,**,**,,,**,**,149.55,311070,0.8,35.4,39.32,#,#,#,73630,81780,#,#,#,,
99,U.S.,1,US,622000,Hospitals,"3-digit, ownership",3,29-1292,Dental Hygienists,detailed,90,2.9,,,0.01,3,46.96,97680,1.1,35.59,37.82,44.92,55.14,65.16,74030,78660,93420,114680,135540,,
99,U.S.,1,US,622000,Hospitals,"3-digit, ownership",3,29-2000,Health Technologists and Technicians,minor,108920,0,,,15.66,86,29.82,62030,0.2,18.35,22.51,28.39,36.32,44.64,38160,46820,59040,75550,92860,,
99,U.S.,1,US,622000,Hospitals,"3-digit, ownership",3,29-2010,Clinical Laboratory Technologists and Technicians,broad,16670,0.1,,,2.4,68,31.36,65240,0.2,18.59,23.43,30.25,38.22,45.96,38670,48740,62920,79490,95590,,
99,U.S.,1,US,622000,Hospitals,"3-digit, ownership",3,29-2010,Clinical Laboratory Technologists and Technicians,detailed,16670,0.1,,,2.4,68,31.36,65240,0.2,18.59,23.43,30.25,38.22,45.96,38670,48740,62920,79490,95590,,
99,U.S.,1,US,622000,Hospitals,"3-digit, ownership",3,29-2030,Diagnostic Related Technologists and Technicians,broad,27770,0,,,3.99,73,37.22,77410,0.2,22.12,29.49,37.08,43.95,51.46,46010,61340,77120,91420,107040,,
99,U.S.,1,US,622000,Hospitals,"3-digit, ownership",3,29-2031,Cardiovascular Technologists and Technicians,detailed,3800,0.1,,,0.55,26,29.53,61420,0.2,16.28,18.65,25.61,38.78,47.2,33870,38790,53260,80670,98180,,
99,U.S.,1,US,622000,Hospitals,"3-digit, ownership",3,29-2032,Diagnostic Medical Sonographers,detailed,5070,0.2,,,0.73,47,43.52,90530,0.2,30.83,37.05,41.29,48.58,56.94,64120,77060,85870,101050,118440,,
99,U.S.,1,US,622000,Hospitals,"3-digit, ownership",3,29-2033,Nuclear Medicine Technologists,detailed,1030,0.3,,,0.15,22,44.6,92760,0.2,32.42,37.9,41.51,49.42,58.52,67440,78840,86340,102800,121720,,
99,U.S.,1,US,622000,Hospitals,"3-digit, ownership",3,29-2034,Radiologic Technologists and Technicians,detailed,15370,0,,,2.21,70,36.19,75280,0.2,24.07,29.46,35.13,40.76,49.27,50060,61280,73070,84780,102480,,
99,U.S.,1,US,622000,Hospitals,"3-digit, ownership",3,29-2035,Magnetic Resonance Imaging Technologists,detailed,2350,0.3,,,0.34,28,38.31,79680,0.2,18.35,30.92,38.43,45.37,52.22,38160,64320,79930,94360,108610,,
99,U.S.,1,US,622000,Hospitals,"3-digit, ownership",3,29-2036,Medical Dosimetrists,detailed,140,1.8,,,0.02,4,56.89,118320,0.3,21.4,44.23,63.51,70.96,77.12,44520,92010,132100,147600,160420,,
99,U.S.,1,US,622000,Hospitals,"3-digit, ownership",3,29-2040,Emergency Medical Technicians and Paramedics,broad,10590,0.1,,,1.52,40,23.01,47860,0.2,16.07,18.56,22.38,26.45,31.02,33420,38610,46540,55020,64520,,
99,U.S.,1,US,622000,Hospitals,"3-digit, ownership",3,29-2042,Emergency Medical Technicians,detailed,6110,0.1,,,0.88,34,20.19,41990,0.2,14.59,17.43,19.2,22.64,24.69,30340,36250,39940,47100,51360,,
99,U.S.,1,US,622000,Hospitals,"3-digit, ownership",3,29-2043,Paramedics,detailed,4480,0.3,,,0.64,29,26.86,55860,0.2,19.77,22.93,25.48,30.4,35.63,41110,47690,52990,63230,74110,,
99,U.S.,1,US,622000,Hospitals,"3-digit, ownership",3,29-2050,Health Practitioner Support Technologists and Technicians,broad,21550,0.1,,,3.1,60,25.93,53930,0.2,17.59,19.82,24.16,30.08,36.89,36580,41220,50250,62560,76730,,
99,U.S.,1,US,622000,Hospitals,"3-digit, ownership",3,29-2051,Dietetic Technicians,detailed,1110,0.4,,,0.16,13,19.54,40630,0.2,14.82,16.41,17.9,22.12,25.83,30820,34130,37220,46000,53720,,
99,U.S.,1,US,622000,Hospitals,"3-digit, ownership",3,29-2052,Pharmacy Technicians,detailed,8920,0.1,,,1.28,52,24.7,51370,0.2,18.11,20.16,23.57,28.16,30.66,37670,41920,49020,58560,63770,,
99,U.S.,1,US,622000,Hospitals,"3-digit, ownership",3,29-2053,Psychiatric Technicians,detailed,3270,0.4,,,0.47,11,24.96,51910,0.2,16.35,18.54,22.16,28.44,38.52,34010,38570,46080,59150,80120,,
99,U.S.,1,US,622000,Hospitals,"3-digit, ownership",3,29-2055,Surgical Technologists,detailed,7980,0.1,,,1.15,44,28.47,59210,0.2,18.94,23.3,29.03,32.15,37.87,39380,48470,60380,66880,78770,,
99,U.S.,1,US,622000,Hospitals,"3-digit, ownership",3,29-2057,Ophthalmic Medical Technicians,detailed,260,1.5,,,0.04,3,29.69,61750,0.2,23.49,26.15,30.11,30.38,39.2,48850,54400,62620,63180,81540,,
99,U.S.,1,US,622000,Hospitals,"3-digit, ownership",3,29-2060,Licensed Practical and Licensed Vocational Nurses,broad,18530,0,,,2.66,76,27.77,57770,0.2,20.48,23.65,26.35,30.75,36.42,42600,49190,54810,63950,75760,,
99,U.S.,1,US,622000,Hospitals,"3-digit, ownership",3,29-2061,Licensed Practical and Licensed Vocational Nurses,detailed,18530,0,,,2.66,76,27.77,57770,0.2,20.48,23.65,26.35,30.75,36.42,42600,49190,54810,63950,75760,,
99,U.S.,1,US,622000,Hospitals,"3-digit, ownership",3,29-2070,Medical Records Specialists,broad,8030,0,,,1.15,55,27.5,57200,0.2,17.61,20.07,24.75,31.45,40.74,36630,41740,51480,65420,84750,,
99,U.S.,1,US,622000,Hospitals,"3-digit, ownership",3,29-2072,Medical Records Specialists,detailed,8030,0,,,1.15,55,27.5,57200,0.2,17.61,20.07,24.75,31.45,40.74,36630,41740,51480,65420,84750,,
99,U.S.,1,US,622000,Hospitals,"3-digit, ownership",3,29-2090,Miscellaneous Health Technologists and Technicians,broad,5780,0,,,0.83,37,26.68,55500,0.2,17.09,18.95,23.23,30.95,39.73,35540,39410,48330,64370,82650,,
99,U.S.,1,US,622000,Hospitals,"3-digit, ownership",3,29-2091,Orthotists and Prosthetists,detailed,30,7.5,,,0,1,36.18,75250,1.5,19.73,28.72,36.99,40.24,54.97,41030,59730,76930,83700,114340,,
99,U.S.,1,US,622000,Hospitals,"3-digit, ownership",3,29-2099,"Health Technologists and Technicians, All Other",detailed,5730,0,,,0.82,37,26.64,55400,0.2,17.09,18.95,23.21,30.95,39.63,35540,39410,48270,64370,82420,,
99,U.S.,1,US,622000,Hospitals,"3-digit, ownership",3,29-9000,Other Healthcare Practitioners and Technical Occupations,minor,5280,0,,,0.76,40,32.72,68070,0.2,18.62,21.2,29.1,41.01,50.66,38740,44090,60520,85300,105360,,
99,U.S.,1,US,622000,Hospitals,"3-digit, ownership",3,29-9020,Health Information Technologists and Medical Registrars,broad,2800,0.1,,,0.4,29,31.34,65200,0.2,17.93,19.45,26.07,40.08,50.43,37290,40460,54220,83360,104900,,
99,U.S.,1,US,622000,Hospitals,"3-digit, ownership",3,29-9021,Health Information Technologists and Medical Registrars,detailed,2800,0.1,,,0.4,29,31.34,65200,0.2,17.93,19.45,26.07,40.08,50.43,37290,40460,54220,83360,104900,,
99,U.S.,1,US,622000,Hospitals,"3-digit, ownership",3,29-9090,Miscellaneous Health Practitioners and Technical Workers,broad,2480,0.2,,,0.36,22,34.28,71310,0.2,19.25,23.64,29.7,42.48,52.96,40040,49170,61780,88360,110170,,
99,U.S.,1,US,622000,Hospitals,"3-digit, ownership",3,29-9091,Athletic Trainers,detailed,630,0.9,,,0.09,11,*,59970,0.3,*,*,*,*,*,49100,51870,58770,64090,71820,TRUE,
99,U.S.,1,US,622000,Hospitals,"3-digit, ownership",3,29-9092,Genetic Counselors,detailed,60,0.8,,,0.01,2,44.78,93130,0.3,23.64,41.93,47.98,50.35,57.05,49160,87220,99800,104730,118660,,
99,U.S.,1,US,622000,Hospitals,"3-digit, ownership",3,29-9093,Surgical Assistants,detailed,960,0.4,,,0.14,9,34.77,72320,0.3,18.66,22.1,29.7,47.28,61.93,38820,45980,61780,98340,128820,,
99,U.S.,1,US,622000,Hospitals,"3-digit, ownership",3,29-9099,"Healthcare Practitioners and Technical Workers, All Other",detailed,820,0.5,,,0.12,9,37.08,77120,0.2,18.9,23.34,38.09,46.23,61.12,39300,48550,79220,96170,127130,,
99,U.S.,1,US,622000,Hospitals,"3-digit, ownership",3,31-0000,Healthcare Support Occupations,major,91010,0,,,13.08,86,20.84,43350,0.2,14.9,17.32,19.45,22.9,28.26,30990,36030,40450,47630,58780,,
99,U.S.,1,US,622000,Hospitals,"3-digit, ownership",3,31-1100,"Home Health and Personal Care Aides; and Nursing Assistants, Orderlies, and Psychiatric Aides",minor,54690,0,,,7.86,68,19.69,40960,0.2,14.57,16.9,18.79,22.19,24.01,30300,35140,39090,46160,49940,,
99,U.S.,1,US,622000,Hospitals,"3-digit, ownership",3,31-1120,Home Health and Personal Care Aides,broad,3350,0.1,,,0.48,19,18.83,39160,0.2,12.99,15.4,18,20.91,24.72,27010,32040,37440,43490,51420,,
99,U.S.,1,US,622000,Hospitals,"3-digit, ownership",3,31-1120,Home Health and Personal Care Aides,detailed,3350,0.1,,,0.48,19,18.83,39160,0.2,12.99,15.4,18,20.91,24.72,27010,32040,37440,43490,51420,,
99,U.S.,1,US,622000,Hospitals,"3-digit, ownership",3,31-1130,"Nursing Assistants, Orderlies, and Psychiatric Aides",broad,51340,0,,,7.38,67,19.75,41080,0.2,14.66,17.07,18.81,22.21,24.01,30490,35510,39110,46190,49940,,
99,U.S.,1,US,622000,Hospitals,"3-digit, ownership",3,31-1131,Nursing Assistants,detailed,46850,0,,,6.73,66,19.85,41290,0.2,14.7,17.15,18.93,22.3,24.01,30580,35680,39380,46380,49940,,
99,U.S.,1,US,622000,Hospitals,"3-digit, ownership",3,31-1132,Orderlies,detailed,3920,0.1,,,0.56,18,18.45,38370,0.2,13.9,16.29,18.07,19.55,22.35,28910,33880,37590,40660,46480,,
99,U.S.,1,US,622000,Hospitals,"3-digit, ownership",3,31-1133,Psychiatric Aides,detailed,570,0.4,,,0.08,3,20.37,42380,0.2,12.48,14.79,19.6,24.69,28.62,25950,30750,40780,51360,59530,,
99,U.S.,1,US,622000,Hospitals,"3-digit, ownership",3,31-2000,Occupational Therapy and Physical Therapist Assistants and Aides,minor,4580,0.2,,,0.66,48,29.94,62270,0.2,17.03,24.63,30.5,35.77,40.01,35430,51240,63440,74400,83210,,
99,U.S.,1,US,622000,Hospitals,"3-digit, ownership",3,31-2010,Occupational Therapy Assistants and Aides,broad,890,1.1,,,0.13,20,30.89,64250,0.2,19.15,27.05,31.17,36.13,40.04,39820,56270,64840,75150,83290,,
99,U.S.,1,US,622000,Hospitals,"3-digit, ownership",3,31-2011,Occupational Therapy Assistants,detailed,780,1.2,,,0.11,20,32.55,67710,0.2,24.65,28.78,31.88,36.55,40.32,51270,59860,66300,76020,83860,,
99,U.S.,1,US,622000,Hospitals,"3-digit, ownership",3,31-2012,Occupational Therapy Aides,detailed,110,0.5,,,0.02,2,19.3,40130,0.4,13.03,14.27,16.56,22.5,29.89,27100,29670,34440,46790,62160,,
99,U.S.,1,US,622000,Hospitals,"3-digit, ownership",3,31-2020,Physical Therapist Assistants and Aides,broad,3680,0.5,,,0.53,47,29.71,61790,0.2,16.56,23.89,30.43,35.6,40,34440,49700,63300,74060,83200,,
99,U.S.,1,US,622000,Hospitals,"3-digit, ownership",3,31-2021,Physical Therapist Assistants,detailed,2880,0.5,,,0.41,43,32.8,68230,0.2,24.81,28.98,32.74,36.62,41.09,51610,60270,68100,76180,85470,,
99,U.S.,1,US,622000,Hospitals,"3-digit, ownership",3,31-2022,Physical Therapist Aides,detailed,810,0.5,,,0.12,18,18.68,38860,0.2,12.88,14.9,17.58,20.79,25.1,26800,30990,36560,43240,52200,,
99,U.S.,1,US,622000,Hospitals,"3-digit, ownership",3,31-9000,Other Healthcare Support Occupations,minor,31740,0,,,4.56,79,21.51,44730,0.2,15.63,17.87,20.26,23.51,28.78,32510,37160,42140,48900,59860,,
99,U.S.,1,US,622000,Hospitals,"3-digit, ownership",3,31-9010,Massage Therapists,broad,90,1.9,,,0.01,3,28.13,58510,0.4,19.51,19.51,25,32.51,52.6,40580,40580,52000,67610,109410,,
99,U.S.,1,US,622000,Hospitals,"3-digit, ownership",3,31-9011,Massage Therapists,detailed,90,1.9,,,0.01,3,28.13,58510,0.4,19.51,19.51,25,32.51,52.6,40580,40580,52000,67610,109410,,
99,U.S.,1,US,622000,Hospitals,"3-digit, ownership",3,31-9090,Miscellaneous Healthcare Support Occupations,broad,31660,0,,,4.55,79,21.49,44700,0.2,15.63,17.87,20.25,23.49,28.76,32510,37160,42110,48860,59830,,
99,U.S.,1,US,622000,Hospitals,"3-digit, ownership",3,31-9091,Dental Assistants,detailed,570,0.6,,,0.08,6,26.42,54950,0.2,18.82,22.88,24.47,28.07,38.17,39140,47590,50900,58390,79390,,
99,U.S.,1,US,622000,Hospitals,"3-digit, ownership",3,31-9092,Medical Assistants,detailed,18220,0,,,2.62,70,22.06,45880,0.2,16.46,18.49,21.33,23.87,29.01,34230,38450,44360,49650,60340,,
99,U.S.,1,US,622000,Hospitals,"3-digit, ownership",3,31-9093,Medical Equipment Preparers,detailed,4230,0.1,,,0.61,29,22.38,46560,0.2,15.88,18.1,21.67,24.86,29.24,33030,37650,45070,51720,60810,,
99,U.S.,1,US,622000,Hospitals,"3-digit, ownership",3,31-9094,Medical Transcriptionists,detailed,720,1.2,,,0.1,20,22.05,45860,0.2,15.16,17.83,21.29,25.12,30.27,31530,37090,44290,52260,62960,,
99,U.S.,1,US,622000,Hospitals,"3-digit, ownership",3,31-9095,Pharmacy Aides,detailed,260,0.2,,,0.04,6,20.33,42280,0.6,14.62,17.17,21.74,23.75,25.31,30400,35710,45220,49400,52640,,
99,U.S.,1,US,622000,Hospitals,"3-digit, ownership",3,31-9097,Phlebotomists,detailed,5750,0.1,,,0.83,45,18.82,39150,0.2,14.46,16.07,17.93,21.02,24.28,30070,33420,37290,43720,50490,,
99,U.S.,1,US,622000,Hospitals,"3-digit, ownership",3,31-9099,"Healthcare Support Workers, All Other",detailed,1920,0.1,,,0.28,20,20.6,42840,0.2,14.34,16.42,19.48,22.77,28.51,29820,34160,40510,47360,59310,,
99,U.S.,1,US,622000,Hospitals,"3-digit, ownership",3,33-0000,Protective Service Occupations,major,5640,0.1,,,0.81,26,24.47,50900,0.3,17.04,19.55,23.14,27.84,34.77,35450,40660,48140,57900,72310,,
99,U.S.,1,US,622000,Hospitals,"3-digit, ownership",3,33-1000,Supervisors of Protective Service Workers,minor,500,0.6,,,0.07,10,34.18,71090,0.2,24.76,28.01,31.06,38.32,47.78,51490,58260,64610,79700,99390,,
99,U.S.,1,US,622000,Hospitals,"3-digit, ownership",3,33-1010,First-Line Supervisors of Law Enforcement Workers,broad,60,1.9,,,0.01,1,46.39,96480,0.4,34.91,37.64,42.58,50.94,62.24,72620,78290,88570,105950,129450,,
99,U.S.,1,US,622000,Hospitals,"3-digit, ownership",3,33-1012,First-Line Supervisors of Police and Detectives,detailed,60,2.1,,,0.01,1,46.55,96810,0.4,34.91,34.91,42.58,51.78,62.24,72620,72620,88570,107690,129450,,
99,U.S.,1,US,622000,Hospitals,"3-digit, ownership",3,33-1090,"Miscellaneous First-Line Supervisors, Protective Service Workers",broad,450,1,,,0.06,9,32.64,67880,0.3,24,27.84,29.68,38.04,45.51,49920,57900,61730,79120,94650,,
99,U.S.,1,US,622000,Hospitals,"3-digit, ownership",3,33-1091,First-Line Supervisors of Security Workers,detailed,410,1.7,,,0.06,9,32.55,67700,0.2,24,27.84,28.85,38.04,45.63,49920,57900,60000,79120,94910,,
99,U.S.,1,US,622000,Hospitals,"3-digit, ownership",3,33-1099,"First-Line Supervisors of Protective Service Workers, All Other",detailed,40,6.9,,,0.01,1,33.52,69730,1.9,24.27,28.64,31.06,39.13,41.7,50490,59570,64610,81390,86730,,
99,U.S.,1,US,622000,Hospitals,"3-digit, ownership",3,33-3000,Law Enforcement Workers,minor,380,0.3,,,0.06,2,34.71,72190,0.3,26.72,31.45,33.54,39.63,46.3,55580,65410,69760,82430,96310,,
99,U.S.,1,US,622000,Hospitals,"3-digit, ownership",3,33-3050,Police Officers,broad,370,0.2,,,0.05,2,34.77,72330,0.3,27.38,31.45,33.71,39.63,46.3,56940,65410,70120,82430,96310,,
99,U.S.,1,US,622000,Hospitals,"3-digit, ownership",3,33-3051,Police and Sheriff's Patrol Officers,detailed,370,0.2,,,0.05,2,34.77,72330,0.3,27.38,31.45,33.71,39.63,46.3,56940,65410,70120,82430,96310,,
99,U.S.,1,US,622000,Hospitals,"3-digit, ownership",3,33-9000,Other Protective Service Workers,minor,4750,0,,,0.68,26,22.62,47050,0.3,16.27,18.8,22.19,25.09,29.35,33840,39110,46150,52190,61050,,
99,U.S.,1,US,622000,Hospitals,"3-digit, ownership",3,33-9030,Security Guards and Gambling Surveillance Officers,broad,4670,0.1,,,0.67,25,22.71,47240,0.3,16.52,18.89,22.33,25.12,29.35,34370,39300,46450,52250,61050,,
99,U.S.,1,US,622000,Hospitals,"3-digit, ownership",3,33-9032,Security Guards,detailed,4670,0.1,,,0.67,25,22.71,47240,0.3,16.52,18.89,22.33,25.12,29.35,34370,39300,46450,52250,61050,,
99,U.S.,1,US,622000,Hospitals,"3-digit, ownership",3,33-9090,Miscellaneous Protective Service Workers,broad,80,2.9,,,0.01,1,15.74,32740,0.3,11.36,13.28,16.31,17.52,19.12,23630,27620,33920,36450,39770,,
99,U.S.,1,US,622000,Hospitals,"3-digit, ownership",3,33-9092,"Lifeguards, Ski Patrol, and Other Recreational Protective Service Workers",detailed,50,5.4,,,0.01,1,15.4,32030,0.5,11.36,11.36,16.5,17.52,18.48,23630,23630,34320,36450,38450,,
99,U.S.,1,US,622000,Hospitals,"3-digit, ownership",3,35-0000,Food Preparation and Serving Related Occupations,major,14260,0,,,2.05,57,19.07,39670,0.4,13.7,15.43,18.01,21.65,25.57,28500,32090,37470,45030,53180,,
99,U.S.,1,US,622000,Hospitals,"3-digit, ownership",3,35-1000,Supervisors of Food Preparation and Serving Workers,minor,1300,0.6,,,0.19,40,26.22,54530,0.4,18.19,21.09,24.56,29.88,37.05,37840,43880,51080,62150,77070,,
99,U.S.,1,US,622000,Hospitals,"3-digit, ownership",3,35-1010,Supervisors of Food Preparation and Serving Workers,broad,1300,0.6,,,0.19,40,26.22,54530,0.4,18.19,21.09,24.56,29.88,37.05,37840,43880,51080,62150,77070,,
99,U.S.,1,US,622000,Hospitals,"3-digit, ownership",3,35-1011,Chefs and Head Cooks,detailed,160,0.2,,,0.02,5,28.79,59890,1.1,21.36,22.71,25.5,31.7,46.58,44440,47240,53030,65930,96890,,
99,U.S.,1,US,622000,Hospitals,"3-digit, ownership",3,35-1012,First-Line Supervisors of Food Preparation and Serving Workers,detailed,1140,0.7,,,0.16,38,25.86,53780,0.4,18.11,20.46,24.55,29.47,36.47,37660,42550,51060,61300,75860,,
99,U.S.,1,US,622000,Hospitals,"3-digit, ownership",3,35-2000,Cooks and Food Preparation Workers,minor,6480,0.1,,,0.93,52,18.01,37460,0.4,12.8,14.88,17.56,20,23.34,26620,30960,36520,41590,48540,,
99,U.S.,1,US,622000,Hospitals,"3-digit, ownership",3,35-2010,Cooks,broad,4660,0,,,0.67,50,18.68,38860,0.4,13.69,15.62,17.9,20.91,23.84,28470,32500,37220,43490,49590,,
99,U.S.,1,US,622000,Hospitals,"3-digit, ownership",3,35-2011,"Cooks, Fast Food",detailed,60,0.6,,,0.01,~,13.38,27820,0.6,11.43,11.43,11.43,13.67,18.29,23780,23780,23780,28430,38030,,
99,U.S.,1,US,622000,Hospitals,"3-digit, ownership",3,35-2012,"Cooks, Institution and Cafeteria",detailed,4510,0,,,0.65,49,18.75,38990,0.4,13.84,15.7,17.92,21.1,23.9,28790,32650,37270,43880,49720,,
99,U.S.,1,US,622000,Hospitals,"3-digit, ownership",3,35-2014,"Cooks, Restaurant",detailed,60,1.1,,,0.01,1,20.33,42280,1.3,17.68,17.89,20.43,21.16,24.37,36780,37210,42500,44010,50690,,
99,U.S.,1,US,622000,Hospitals,"3-digit, ownership",3,35-2020,Food Preparation Workers,broad,1820,0.2,,,0.26,20,16.3,33900,0.4,11.26,13.83,15.66,18.63,22.19,23420,28760,32570,38750,46150,,
99,U.S.,1,US,622000,Hospitals,"3-digit, ownership",3,35-2021,Food Preparation Workers,detailed,1820,0.2,,,0.26,20,16.3,33900,0.4,11.26,13.83,15.66,18.63,22.19,23420,28760,32570,38750,46150,,
99,U.S.,1,US,622000,Hospitals,"3-digit, ownership",3,35-3000,Food and Beverage Serving Workers,minor,5370,0.2,,,0.77,29,18.91,39340,0.4,13.94,15.3,18.04,21.63,23.46,28990,31830,37530,44990,48800,,
99,U.S.,1,US,622000,Hospitals,"3-digit, ownership",3,35-3020,Fast Food and Counter Workers,broad,1270,0.3,,,0.18,10,17.56,36520,0.4,13.93,14.16,17.4,19.22,21.73,28970,29440,36190,39980,45190,,
99,U.S.,1,US,622000,Hospitals,"3-digit, ownership",3,35-3023,Fast Food and Counter Workers,detailed,1270,0.3,,,0.18,10,17.56,36520,0.4,13.93,14.16,17.4,19.22,21.73,28970,29440,36190,39980,45190,,
99,U.S.,1,US,622000,Hospitals,"3-digit, ownership",3,35-3040,"Food Servers, Nonrestaurant",broad,4100,0.1,,,0.59,25,19.34,40220,0.4,13.94,15.85,18.23,21.8,26.09,28990,32970,37910,45340,54280,,
99,U.S.,1,US,622000,Hospitals,"3-digit, ownership",3,35-3041,"Food Servers, Nonrestaurant",detailed,4100,0.1,,,0.59,25,19.34,40220,0.4,13.94,15.85,18.23,21.8,26.09,28990,32970,37910,45340,54280,,
99,U.S.,1,US,622000,Hospitals,"3-digit, ownership",3,35-9000,Other Food Preparation and Serving Related Workers,minor,1100,0.1,,,0.16,12,17.65,36710,0.4,14.44,16.62,17.8,18.81,20.96,30030,34580,37020,39110,43590,,
99,U.S.,1,US,622000,Hospitals,"3-digit, ownership",3,35-9010,Dining Room and Cafeteria Attendants and Bartender Helpers,broad,400,0.1,,,0.06,4,17.73,36870,0.3,14.77,17.05,17.88,18.55,20.27,30730,35470,37190,38570,42170,,
99,U.S.,1,US,622000,Hospitals,"3-digit, ownership",3,35-9011,Dining Room and Cafeteria Attendants and Bartender Helpers,detailed,400,0.1,,,0.06,4,17.73,36870,0.3,14.77,17.05,17.88,18.55,20.27,30730,35470,37190,38570,42170,,
99,U.S.,1,US,622000,Hospitals,"3-digit, ownership",3,35-9020,Dishwashers,broad,270,0.1,,,0.04,6,17.83,37080,0.4,12.85,15.16,18.24,20.96,21.58,26730,31520,37940,43590,44890,,
99,U.S.,1,US,622000,Hospitals,"3-digit, ownership",3,35-9021,Dishwashers,detailed,270,0.1,,,0.04,6,17.83,37080,0.4,12.85,15.16,18.24,20.96,21.58,26730,31520,37940,43590,44890,,
99,U.S.,1,US,622000,Hospitals,"3-digit, ownership",3,35-9030,"Hosts and Hostesses, Restaurant, Lounge, and Coffee Shop",broad,250,0.5,,,0.04,2,17.01,35390,0.5,14.44,15.71,16.81,18.32,18.68,30030,32670,34960,38100,38850,,
99,U.S.,1,US,622000,Hospitals,"3-digit, ownership",3,35-9031,"Hosts and Hostesses, Restaurant, Lounge, and Coffee Shop",detailed,250,0.5,,,0.04,2,17.01,35390,0.5,14.44,15.71,16.81,18.32,18.68,30030,32670,34960,38100,38850,,
99,U.S.,1,US,622000,Hospitals,"3-digit, ownership",3,35-9090,Miscellaneous Food Preparation and Serving Related Workers,broad,190,0.1,,,0.03,3,18.05,37530,0.5,16.13,17.2,18.4,18.81,18.86,33560,35770,38270,39110,39230,,
99,U.S.,1,US,622000,Hospitals,"3-digit, ownership",3,35-9099,"Food Preparation and Serving Related Workers, All Other",detailed,190,0.1,,,0.03,3,18.05,37530,0.5,16.13,17.2,18.4,18.81,18.86,33560,35770,38270,39110,39230,,
99,U.S.,1,US,622000,Hospitals,"3-digit, ownership",3,37-0000,Building and Grounds Cleaning and Maintenance Occupations,major,24280,0,,,3.49,62,18.58,38650,0.2,13.82,15.58,18.1,20.15,22.98,28750,32410,37650,41920,47800,,
99,U.S.,1,US,622000,Hospitals,"3-digit, ownership",3,37-1000,Supervisors of Building and Grounds Cleaning and Maintenance Workers,minor,1200,0,,,0.17,35,26.26,54610,0.2,17.83,20.79,24.82,29.24,36.84,37090,43230,51630,60820,76630,,
99,U.S.,1,US,622000,Hospitals,"3-digit, ownership",3,37-1010,First-Line Supervisors of Building and Grounds Cleaning and Maintenance Workers,broad,1200,0,,,0.17,35,26.26,54610,0.2,17.83,20.79,24.82,29.24,36.84,37090,43230,51630,60820,76630,,
99,U.S.,1,US,622000,Hospitals,"3-digit, ownership",3,37-1011,First-Line Supervisors of Housekeeping and Janitorial Workers,detailed,1180,0.1,,,0.17,35,26.25,54590,0.3,17.82,20.79,24.73,29.24,36.59,37070,43230,51440,60820,76100,,
99,U.S.,1,US,622000,Hospitals,"3-digit, ownership",3,37-2000,Building Cleaning and Pest Control Workers,minor,22770,0,,,3.27,62,18.15,37750,0.2,13.75,15.48,17.95,19.84,22.1,28600,32200,37340,41270,45970,,
99,U.S.,1,US,622000,Hospitals,"3-digit, ownership",3,37-2010,Building Cleaning Workers,broad,22770,0,,,3.27,62,18.15,37750,0.2,13.75,15.48,17.95,19.84,22.1,28600,32200,37340,41270,45970,,
99,U.S.,1,US,622000,Hospitals,"3-digit, ownership",3,37-2011,"Janitors and Cleaners, Except Maids and Housekeeping Cleaners",detailed,11710,0.1,,,1.68,36,18.7,38890,0.2,13.7,15.66,18.54,21.18,22.64,28500,32570,38560,44050,47090,,
99,U.S.,1,US,622000,Hospitals,"3-digit, ownership",3,37-2012,Maids and Housekeeping Cleaners,detailed,10970,0.1,,,1.58,47,17.56,36520,0.2,13.75,15.26,17.48,18.62,21.74,28600,31750,36360,38720,45220,,
99,U.S.,1,US,622000,Hospitals,"3-digit, ownership",3,37-3000,Grounds Maintenance Workers,minor,310,1.1,,,0.04,12,20.53,42710,0.2,14.67,16.57,18.79,22.89,28.7,30520,34460,39090,47620,59690,,
99,U.S.,1,US,622000,Hospitals,"3-digit, ownership",3,37-3010,Grounds Maintenance Workers,broad,310,1.1,,,0.04,12,20.53,42710,0.2,14.67,16.57,18.79,22.89,28.7,30520,34460,39090,47620,59690,,
99,U.S.,1,US,622000,Hospitals,"3-digit, ownership",3,37-3011,Landscaping and Groundskeeping Workers,detailed,310,0.8,,,0.04,12,20.45,42530,0.3,14.67,16.55,18.72,22.61,28.45,30520,34410,38940,47040,59170,,
99,U.S.,1,US,622000,Hospitals,"3-digit, ownership",3,39-0000,Personal Care and Service Occupations,major,1850,0.8,,,0.27,29,19.9,41400,0.4,13.46,15.85,18.61,22.85,27.45,28000,32960,38720,47520,57100,,
99,U.S.,1,US,622000,Hospitals,"3-digit, ownership",3,39-1000,Supervisors of Personal Care and Service Workers,minor,120,4.8,,,0.02,6,28.15,58550,0.7,18.16,22.15,26.78,30.22,40.39,37770,46060,55700,62870,84020,,
99,U.S.,1,US,622000,Hospitals,"3-digit, ownership",3,39-1010,First-Line Supervisors of Entertainment and Recreation Workers,broad,60,10.1,,,0.01,3,24.92,51830,1.7,18.16,18.31,25.82,29.14,30.31,37770,38080,53700,60610,63040,,
99,U.S.,1,US,622000,Hospitals,"3-digit, ownership",3,39-1014,"First-Line Supervisors of Entertainment and Recreation Workers, Except Gambling Services",detailed,60,10.1,,,0.01,3,24.92,51830,1.7,18.16,18.31,25.82,29.14,30.31,37770,38080,53700,60610,63040,,
99,U.S.,1,US,622000,Hospitals,"3-digit, ownership",3,39-1020,First-Line Supervisors of Personal Service Workers,broad,60,1,,,0.01,3,31.62,65770,0.9,21.57,23.5,29.08,40.3,47.34,44870,48870,60480,83830,98460,,
99,U.S.,1,US,622000,Hospitals,"3-digit, ownership",3,39-1022,First-Line Supervisors of Personal Service Workers,detailed,60,1,,,0.01,3,31.62,65770,0.9,21.57,23.5,29.08,40.3,47.34,44870,48870,60480,83830,98460,,
99,U.S.,1,US,622000,Hospitals,"3-digit, ownership",3,39-3000,Entertainment Attendants and Related Workers,minor,60,0.5,,,0.01,1,14.9,30990,0.4,10.98,12.28,16.31,16.32,18.36,22840,25540,33920,33940,38190,,
99,U.S.,1,US,622000,Hospitals,"3-digit, ownership",3,39-3090,Miscellaneous Entertainment Attendants and Related Workers,broad,50,1.8,,,0.01,1,14.44,30040,0.3,10.98,12.28,16.31,16.31,18.36,22840,25540,33920,33930,38190,,
99,U.S.,1,US,622000,Hospitals,"3-digit, ownership",3,39-3091,Amusement and Recreation Attendants,detailed,30,3.8,,,0,1,12.71,26430,1.2,9,10.98,12.28,13.03,18.03,18710,22840,25540,27110,37500,,
99,U.S.,1,US,622000,Hospitals,"3-digit, ownership",3,39-6000,"Baggage Porters, Bellhops, and Concierges",minor,90,0.1,,,0.01,1,19,39530,0.4,15.41,15.41,18.88,21.26,22.85,32050,32050,39270,44230,47520,,
99,U.S.,1,US,622000,Hospitals,"3-digit, ownership",3,39-6010,"Baggage Porters, Bellhops, and Concierges",broad,90,0.1,,,0.01,1,19,39530,0.4,15.41,15.41,18.88,21.26,22.85,32050,32050,39270,44230,47520,,
99,U.S.,1,US,622000,Hospitals,"3-digit, ownership",3,39-6012,Concierges,detailed,90,0.1,,,0.01,1,19,39530,0.4,15.41,15.41,18.88,21.26,22.85,32050,32050,39270,44230,47520,,
99,U.S.,1,US,622000,Hospitals,"3-digit, ownership",3,39-9000,Other Personal Care and Service Workers,minor,1560,0.8,,,0.22,26,19.47,40500,0.4,13.46,15.45,18.51,22.23,25.96,28000,32140,38490,46250,53990,,
99,U.S.,1,US,622000,Hospitals,"3-digit, ownership",3,39-9010,Childcare Workers,broad,460,0.2,,,0.07,6,17.65,36710,0.6,13.34,14.88,17.57,19.6,22.19,27750,30950,36550,40760,46150,,
99,U.S.,1,US,622000,Hospitals,"3-digit, ownership",3,39-9011,Childcare Workers,detailed,460,0.2,,,0.07,6,17.65,36710,0.6,13.34,14.88,17.57,19.6,22.19,27750,30950,36550,40760,46150,,
99,U.S.,1,US,622000,Hospitals,"3-digit, ownership",3,39-9030,Recreation and Fitness Workers,broad,1030,1.2,,,0.15,23,20.02,41650,0.6,13.37,16.61,19.06,23.05,27.47,27820,34550,39640,47950,57130,,
99,U.S.,1,US,622000,Hospitals,"3-digit, ownership",3,39-9031,Exercise Trainers and Group Fitness Instructors,detailed,530,0.1,,,0.08,9,21.48,44670,0.5,13.61,17.35,20.98,25.17,30.39,28320,36090,43640,52360,63200,,
99,U.S.,1,US,622000,Hospitals,"3-digit, ownership",3,39-9032,Recreation Workers,detailed,500,2.4,,,0.07,15,18.48,38430,0.8,13.14,15.85,18.11,21.49,23.15,27330,32960,37670,44690,48160,,
99,U.S.,1,US,622000,Hospitals,"3-digit, ownership",3,39-9040,Residential Advisors,broad,40,2.1,,,0.01,1,23.38,48630,0.7,18.27,20.81,24.02,25.55,28.58,38010,43290,49960,53140,59450,,
99,U.S.,1,US,622000,Hospitals,"3-digit, ownership",3,39-9041,Residential Advisors,detailed,40,2.1,,,0.01,1,23.38,48630,0.7,18.27,20.81,24.02,25.55,28.58,38010,43290,49960,53140,59450,,
99,U.S.,1,US,622000,Hospitals,"3-digit, ownership",3,39-9090,Miscellaneous Personal Care and Service Workers,broad,30,3.8,,,0,1,23.85,49610,0.7,18.13,18.13,24.04,27.79,32.61,37710,37710,49990,57790,67830,,
99,U.S.,1,US,622000,Hospitals,"3-digit, ownership",3,39-9099,"Personal Care and Service Workers, All Other",detailed,30,3.8,,,0,1,23.85,49610,0.7,18.13,18.13,24.04,27.79,32.61,37710,37710,49990,57790,67830,,
99,U.S.,1,US,622000,Hospitals,"3-digit, ownership",3,41-0000,Sales and Related Occupations,major,910,1.1,,,0.13,18,19.64,40860,0.4,14,15.43,18.28,21.76,27.23,29120,32090,38030,45270,56640,,
99,U.S.,1,US,622000,Hospitals,"3-digit, ownership",3,41-1000,Supervisors of Sales Workers,minor,100,6.1,,,0.01,5,29.22,60780,0.6,18.96,22.44,27.96,33.72,39.21,39430,46670,58160,70130,81560,,
99,U.S.,1,US,622000,Hospitals,"3-digit, ownership",3,41-1010,First-Line Supervisors of Sales Workers,broad,100,6.1,,,0.01,5,29.22,60780,0.6,18.96,22.44,27.96,33.72,39.21,39430,46670,58160,70130,81560,,
99,U.S.,1,US,622000,Hospitals,"3-digit, ownership",3,41-1011,First-Line Supervisors of Retail Sales Workers,detailed,100,6.1,,,0.01,5,29,60320,0.6,18.65,22.44,27.82,32.78,38.87,38780,46670,57870,68190,80850,,
99,U.S.,1,US,622000,Hospitals,"3-digit, ownership",3,41-2000,Retail Sales Workers,minor,770,0.3,,,0.11,17,17.91,37250,0.3,13.61,15.11,17.8,19.92,22.58,28300,31420,37030,41430,46970,,
99,U.S.,1,US,622000,Hospitals,"3-digit, ownership",3,41-2010,Cashiers,broad,610,0.1,,,0.09,14,18.23,37920,0.3,14.3,15.18,18.07,20.83,22.58,29740,31570,37580,43320,46970,,
99,U.S.,1,US,622000,Hospitals,"3-digit, ownership",3,41-2011,Cashiers,detailed,610,0.1,,,0.09,14,18.23,37920,0.3,14.3,15.18,18.07,20.83,22.58,29740,31570,37580,43320,46970,,
99,U.S.,1,US,622000,Hospitals,"3-digit, ownership",3,41-2030,Retail Salespersons,broad,160,1.9,,,0.02,5,16.64,34610,0.2,10.37,13.88,16.92,18.46,22.45,21570,28870,35190,38390,46700,,
99,U.S.,1,US,622000,Hospitals,"3-digit, ownership",3,41-2031,Retail Salespersons,detailed,160,1.9,,,0.02,5,16.64,34610,0.2,10.37,13.88,16.92,18.46,22.45,21570,28870,35190,38390,46700,,
99,U.S.,1,US,622000,Hospitals,"3-digit, ownership",3,41-3000,"Sales Representatives, Services",minor,40,3.9,,,0.01,1,27.86,57940,0.4,17.98,17.98,23.29,33.67,43.15,37400,37400,48450,70030,89750,,
99,U.S.,1,US,622000,Hospitals,"3-digit, ownership",3,41-3090,"Miscellaneous Sales Representatives, Services",broad,40,3.9,,,0.01,1,28.65,59590,0.6,17.98,17.98,24.03,37.72,43.15,37400,37400,49980,78450,89750,,
99,U.S.,1,US,622000,Hospitals,"3-digit, ownership",3,41-3091,"Sales Representatives of Services, Except Advertising, Insurance, Financial Services, and Travel",detailed,40,3.9,,,0.01,1,28.65,59590,0.6,17.98,17.98,24.03,37.72,43.15,37400,37400,49980,78450,89750,,
99,U.S.,1,US,622000,Hospitals,"3-digit, ownership",3,43-0000,Office and Administrative Support Occupations,major,86620,0,,,12.45,90,23,47840,0.1,15.36,18.21,21.4,25.23,32.4,31950,37870,44520,52480,67380,,
99,U.S.,1,US,622000,Hospitals,"3-digit, ownership",3,43-1000,Supervisors of Office and Administrative Support Workers,minor,6070,0,,,0.87,63,35.37,73580,0.1,22.67,26.62,32.2,41.39,52.01,47150,55370,66970,86100,108190,,
99,U.S.,1,US,622000,Hospitals,"3-digit, ownership",3,43-1010,First-Line Supervisors of Office and Administrative Support Workers,broad,6070,0,,,0.87,63,35.37,73580,0.1,22.67,26.62,32.2,41.39,52.01,47150,55370,66970,86100,108190,,
99,U.S.,1,US,622000,Hospitals,"3-digit, ownership",3,43-1011,First-Line Supervisors of Office and Administrative Support Workers,detailed,6070,0,,,0.87,63,35.37,73580,0.1,22.67,26.62,32.2,41.39,52.01,47150,55370,66970,86100,108190,,
99,U.S.,1,US,622000,Hospitals,"3-digit, ownership",3,43-2000,Communications Equipment Operators,minor,1250,0.4,,,0.18,16,18.71,38910,0.1,13.5,15.05,17.73,20.59,24.93,28070,31290,36880,42820,51850,,
99,U.S.,1,US,622000,Hospitals,"3-digit, ownership",3,43-2010,"Switchboard Operators, Including Answering Service",broad,1200,0.4,,,0.17,16,18.65,38800,0.1,13.5,15.05,17.71,20.24,23.85,28070,31290,36830,42100,49610,,
99,U.S.,1,US,622000,Hospitals,"3-digit, ownership",3,43-2011,"Switchboard Operators, Including Answering Service",detailed,1200,0.4,,,0.17,16,18.65,38800,0.1,13.5,15.05,17.71,20.24,23.85,28070,31290,36830,42100,49610,,
99,U.S.,1,US,622000,Hospitals,"3-digit, ownership",3,43-2020,Telephone Operators,broad,30,2.2,,,0,~,20.25,42120,2.1,11.34,14.94,19.1,25.11,25.11,23590,31070,39730,52220,52220,,
99,U.S.,1,US,622000,Hospitals,"3-digit, ownership",3,43-2021,Telephone Operators,detailed,30,2.2,,,0,~,20.25,42120,2.1,11.34,14.94,19.1,25.11,25.11,23590,31070,39730,52220,52220,,
99,U.S.,1,US,622000,Hospitals,"3-digit, ownership",3,43-3000,Financial Clerks,minor,12160,0.1,,,1.75,61,23.95,49810,0.1,17.61,19.34,22.68,27.23,32.56,36620,40220,47180,56640,67730,,
99,U.S.,1,US,622000,Hospitals,"3-digit, ownership",3,43-3010,Bill and Account Collectors,broad,1350,0,,,0.19,14,24.27,50480,0.1,17.79,19.53,23.63,27.17,31.65,37000,40630,49150,56510,65830,,
99,U.S.,1,US,622000,Hospitals,"3-digit, ownership",3,43-3011,Bill and Account Collectors,detailed,1350,0,,,0.19,14,24.27,50480,0.1,17.79,19.53,23.63,27.17,31.65,37000,40630,49150,56510,65830,,
99,U.S.,1,US,622000,Hospitals,"3-digit, ownership",3,43-3020,Billing and Posting Clerks,broad,6860,0,,,0.99,48,23.49,48850,0.1,17.7,19.16,22.5,25.58,31.65,36810,39850,46810,53200,65830,,
99,U.S.,1,US,622000,Hospitals,"3-digit, ownership",3,43-3021,Billing and Posting Clerks,detailed,6860,0,,,0.99,48,23.49,48850,0.1,17.7,19.16,22.5,25.58,31.65,36810,39850,46810,53200,65830,,
99,U.S.,1,US,622000,Hospitals,"3-digit, ownership",3,43-3030,"Bookkeeping, Accounting, and Auditing Clerks",broad,2840,0.5,,,0.41,47,24.37,50690,0.2,17.69,19.6,23.11,28.01,32.9,36800,40760,48070,58250,68430,,
99,U.S.,1,US,622000,Hospitals,"3-digit, ownership",3,43-3031,"Bookkeeping, Accounting, and Auditing Clerks",detailed,2840,0.5,,,0.41,47,24.37,50690,0.2,17.69,19.6,23.11,28.01,32.9,36800,40760,48070,58250,68430,,
99,U.S.,1,US,622000,Hospitals,"3-digit, ownership",3,43-3050,Payroll and Timekeeping Clerks,broad,510,0.4,,,0.07,18,28.87,60040,0.3,19.41,23.59,28.02,33.07,41.86,40370,49060,58280,68780,87070,,
99,U.S.,1,US,622000,Hospitals,"3-digit, ownership",3,43-3051,Payroll and Timekeeping Clerks,detailed,510,0.4,,,0.07,18,28.87,60040,0.3,19.41,23.59,28.02,33.07,41.86,40370,49060,58280,68780,87070,,
99,U.S.,1,US,622000,Hospitals,"3-digit, ownership",3,43-3060,Procurement Clerks,broad,490,1.5,,,0.07,15,21.91,45570,0.2,15.76,17.46,20.4,24.71,31.92,32780,36320,42430,51390,66390,,
99,U.S.,1,US,622000,Hospitals,"3-digit, ownership",3,43-3061,Procurement Clerks,detailed,490,1.5,,,0.07,15,21.91,45570,0.2,15.76,17.46,20.4,24.71,31.92,32780,36320,42430,51390,66390,,
99,U.S.,1,US,622000,Hospitals,"3-digit, ownership",3,43-3090,Miscellaneous Financial Clerks,broad,100,0.6,,,0.01,2,24.19,50320,0.3,17.5,20.42,23.67,29.06,29.52,36390,42470,49230,60450,61390,,
99,U.S.,1,US,622000,Hospitals,"3-digit, ownership",3,43-3099,"Financial Clerks, All Other",detailed,100,0.6,,,0.01,2,24.19,50320,0.3,17.5,20.42,23.67,29.06,29.52,36390,42470,49230,60450,61390,,
99,U.S.,1,US,622000,Hospitals,"3-digit, ownership",3,43-4000,Information and Record Clerks,minor,25180,0,,,3.62,67,20.25,42130,0.1,14.48,17.1,19.21,22.63,27.28,30110,35560,39950,47060,56740,,
99,U.S.,1,US,622000,Hospitals,"3-digit, ownership",3,43-4050,Customer Service Representatives,broad,7200,0.1,,,1.04,33,20.42,42470,0.1,15.69,18.21,19.47,22.56,24.76,32640,37870,40500,46920,51510,,
99,U.S.,1,US,622000,Hospitals,"3-digit, ownership",3,43-4051,Customer Service Representatives,detailed,7200,0.1,,,1.04,33,20.42,42470,0.1,15.69,18.21,19.47,22.56,24.76,32640,37870,40500,46920,51510,,
99,U.S.,1,US,622000,Hospitals,"3-digit, ownership",3,43-4060,"Eligibility Interviewers, Government Programs",broad,370,0.3,,,0.05,3,25.38,52790,0.2,20.43,24.17,25.39,28.33,28.41,42500,50270,52810,58930,59090,,
99,U.S.,1,US,622000,Hospitals,"3-digit, ownership",3,43-4061,"Eligibility Interviewers, Government Programs",detailed,370,0.3,,,0.05,3,25.38,52790,0.2,20.43,24.17,25.39,28.33,28.41,42500,50270,52810,58930,59090,,
99,U.S.,1,US,622000,Hospitals,"3-digit, ownership",3,43-4070,File Clerks,broad,350,0.3,,,0.05,8,19.07,39660,0.1,14.69,17.09,18.42,21.73,24.08,30560,35540,38310,45190,50090,,
99,U.S.,1,US,622000,Hospitals,"3-digit, ownership",3,43-4071,File Clerks,detailed,350,0.3,,,0.05,8,19.07,39660,0.1,14.69,17.09,18.42,21.73,24.08,30560,35540,38310,45190,50090,,
99,U.S.,1,US,622000,Hospitals,"3-digit, ownership",3,43-4110,"Interviewers, Except Eligibility and Loan",broad,10990,0.1,,,1.58,44,20.6,42850,0.1,14.16,16.69,18.9,22.77,27.8,29450,34720,39320,47370,57810,,
99,U.S.,1,US,622000,Hospitals,"3-digit, ownership",3,43-4111,"Interviewers, Except Eligibility and Loan",detailed,10990,0.1,,,1.58,44,20.6,42850,0.1,14.16,16.69,18.9,22.77,27.8,29450,34720,39320,47370,57810,,
99,U.S.,1,US,622000,Hospitals,"3-digit, ownership",3,43-4160,"Human Resources Assistants, Except Payroll and Timekeeping",broad,500,2.1,,,0.07,17,24.73,51440,0.1,18.08,19.99,24,27.59,31.07,37600,41590,49920,57390,64630,,
99,U.S.,1,US,622000,Hospitals,"3-digit, ownership",3,43-4161,"Human Resources Assistants, Except Payroll and Timekeeping",detailed,500,2.1,,,0.07,17,24.73,51440,0.1,18.08,19.99,24,27.59,31.07,37600,41590,49920,57390,64630,,
99,U.S.,1,US,622000,Hospitals,"3-digit, ownership",3,43-4170,Receptionists and Information Clerks,broad,4880,0.1,,,0.7,41,17.93,37300,0.1,13.76,15.03,17.5,19.53,23.28,28630,31260,36400,40630,48430,,
99,U.S.,1,US,622000,Hospitals,"3-digit, ownership",3,43-4171,Receptionists and Information Clerks,detailed,4880,0.1,,,0.7,41,17.93,37300,0.1,13.76,15.03,17.5,19.53,23.28,28630,31260,36400,40630,48430,,
99,U.S.,1,US,622000,Hospitals,"3-digit, ownership",3,43-4190,Miscellaneous Information and Record Clerks,broad,810,1,,,0.12,5,23.2,48250,0.1,18.75,19.72,22.56,23.22,27.97,38990,41030,46930,48300,58180,,
99,U.S.,1,US,622000,Hospitals,"3-digit, ownership",3,43-4199,"Information and Record Clerks, All Other",detailed,810,1,,,0.12,5,23.2,48250,0.1,18.75,19.72,22.56,23.22,27.97,38990,41030,46930,48300,58180,,
99,U.S.,1,US,622000,Hospitals,"3-digit, ownership",3,43-5000,"Material Recording, Scheduling, Dispatching, and Distributing Workers",minor,2660,0.4,,,0.38,30,21.11,43920,0.2,14.44,17.36,19.9,23.6,29.68,30040,36120,41390,49080,61730,,
99,U.S.,1,US,622000,Hospitals,"3-digit, ownership",3,43-5020,Couriers and Messengers,broad,500,0.4,,,0.07,12,17.92,37270,0.1,14.14,15.17,17.19,19.75,22.99,29420,31560,35750,41080,47820,,
99,U.S.,1,US,622000,Hospitals,"3-digit, ownership",3,43-5021,Couriers and Messengers,detailed,500,0.4,,,0.07,12,17.92,37270,0.1,14.14,15.17,17.19,19.75,22.99,29420,31560,35750,41080,47820,,
99,U.S.,1,US,622000,Hospitals,"3-digit, ownership",3,43-5030,Dispatchers,broad,550,0.4,,,0.08,8,21.69,45120,0.3,16.26,18.26,21.77,24.18,28.74,33830,37990,45290,50290,59790,,
99,U.S.,1,US,622000,Hospitals,"3-digit, ownership",3,43-5031,Public Safety Telecommunicators,detailed,430,1.1,,,0.06,6,21.98,45710,0.2,15.53,18.31,21.86,24.49,29.28,32300,38090,45480,50950,60900,,
99,U.S.,1,US,622000,Hospitals,"3-digit, ownership",3,43-5032,"Dispatchers, Except Police, Fire, and Ambulance",detailed,110,2.5,,,0.02,2,20.56,42770,0.5,17.56,17.79,18.94,21.44,25.52,36530,37010,39380,44590,53080,,
99,U.S.,1,US,622000,Hospitals,"3-digit, ownership",3,43-5060,"Production, Planning, and Expediting Clerks",broad,550,0.8,,,0.08,10,24.54,51050,0.2,15.67,18.61,21.69,29.68,35.38,32590,38710,45120,61730,73580,,
99,U.S.,1,US,622000,Hospitals,"3-digit, ownership",3,43-5061,"Production, Planning, and Expediting Clerks",detailed,550,0.8,,,0.08,10,24.54,51050,0.2,15.67,18.61,21.69,29.68,35.38,32590,38710,45120,61730,73580,,
99,U.S.,1,US,622000,Hospitals,"3-digit, ownership",3,43-5070,"Shipping, Receiving, and Inventory Clerks",broad,1070,0.4,,,0.15,18,20.53,42710,0.1,13.89,17.74,19.94,23.05,28.04,28890,36890,41480,47950,58330,,
99,U.S.,1,US,622000,Hospitals,"3-digit, ownership",3,43-5071,"Shipping, Receiving, and Inventory Clerks",detailed,1070,0.4,,,0.15,18,20.53,42710,0.1,13.89,17.74,19.94,23.05,28.04,28890,36890,41480,47950,58330,,
99,U.S.,1,US,622000,Hospitals,"3-digit, ownership",3,43-6000,Secretaries and Administrative Assistants,minor,28760,0,,,4.13,80,23.26,48380,0.1,16.73,18.4,21.75,25.9,32.72,34790,38280,45240,53860,68070,,
99,U.S.,1,US,622000,Hospitals,"3-digit, ownership",3,43-6010,Secretaries and Administrative Assistants,broad,28760,0,,,4.13,80,23.26,48380,0.1,16.73,18.4,21.75,25.9,32.72,34790,38280,45240,53860,68070,,
99,U.S.,1,US,622000,Hospitals,"3-digit, ownership",3,43-6011,Executive Secretaries and Executive Administrative Assistants,detailed,2220,0,,,0.32,35,33.72,70140,0.1,23.98,28.63,32.22,37.94,46,49880,59550,67020,78920,95680,,
99,U.S.,1,US,622000,Hospitals,"3-digit, ownership",3,43-6012,Legal Secretaries and Administrative Assistants,detailed,90,3.2,,,0.01,1,21.51,44750,0.7,15.25,17.97,18.3,23.5,32.24,31710,37370,38070,48880,67060,,
99,U.S.,1,US,622000,Hospitals,"3-digit, ownership",3,43-6013,Medical Secretaries and Administrative Assistants,detailed,22960,0.1,,,3.3,73,21.97,45700,0.1,16.38,18.3,20.64,23.9,29.36,34060,38070,42930,49700,61070,,
99,U.S.,1,US,622000,Hospitals,"3-digit, ownership",3,43-6014,"Secretaries and Administrative Assistants, Except Legal, Medical, and Executive",detailed,3500,0.3,,,0.5,36,25.1,52220,0.1,16,19.17,23.63,29.14,37.55,33280,39880,49160,60600,78100,,
99,U.S.,1,US,622000,Hospitals,"3-digit, ownership",3,43-9000,Other Office and Administrative Support Workers,minor,10540,0.1,,,1.51,47,21.61,44960,0.1,14.93,18.32,21.83,23.86,28.67,31040,38100,45400,49620,59630,,
99,U.S.,1,US,622000,Hospitals,"3-digit, ownership",3,43-9020,Data Entry and Information Processing Workers,broad,700,0.4,,,0.1,8,23.89,49690,0.1,17.45,20.15,25.23,26.88,29.45,36300,41920,52470,55910,61250,,
99,U.S.,1,US,622000,Hospitals,"3-digit, ownership",3,43-9021,Data Entry Keyers,detailed,240,1.5,,,0.03,7,20.61,42880,0.3,15.53,16.38,20.14,23.39,28.04,32300,34070,41880,48640,58310,,
99,U.S.,1,US,622000,Hospitals,"3-digit, ownership",3,43-9022,Word Processors and Typists,detailed,460,0.2,,,0.07,2,25.62,53280,0.1,20.06,25.23,25.65,27.15,29.45,41720,52470,53340,56470,61250,,
99,U.S.,1,US,622000,Hospitals,"3-digit, ownership",3,43-9040,Insurance Claims and Policy Processing Clerks,broad,460,1.2,,,0.07,6,20.41,42450,0.1,15.32,17.72,19.25,22.29,27.2,31860,36850,40050,46370,56580,,
99,U.S.,1,US,622000,Hospitals,"3-digit, ownership",3,43-9041,Insurance Claims and Policy Processing Clerks,detailed,460,1.2,,,0.07,6,20.41,42450,0.1,15.32,17.72,19.25,22.29,27.2,31860,36850,40050,46370,56580,,
99,U.S.,1,US,622000,Hospitals,"3-digit, ownership",3,43-9050,"Mail Clerks and Mail Machine Operators, Except Postal Service",broad,80,9.9,,,0.01,4,19.47,40490,0.2,14.75,17.25,19.35,21.2,23,30680,35880,40240,44100,47840,,
99,U.S.,1,US,622000,Hospitals,"3-digit, ownership",3,43-9051,"Mail Clerks and Mail Machine Operators, Except Postal Service",detailed,80,9.9,,,0.01,4,19.47,40490,0.2,14.75,17.25,19.35,21.2,23,30680,35880,40240,44100,47840,,
99,U.S.,1,US,622000,Hospitals,"3-digit, ownership",3,43-9060,"Office Clerks, General",broad,8720,0.1,,,1.25,39,21.45,44610,0.1,14.75,18.27,21.56,23.57,28.67,30680,38010,44850,49020,59630,,
99,U.S.,1,US,622000,Hospitals,"3-digit, ownership",3,43-9061,"Office Clerks, General",detailed,8720,0.1,,,1.25,39,21.45,44610,0.1,14.75,18.27,21.56,23.57,28.67,30680,38010,44850,49020,59630,,
99,U.S.,1,US,622000,Hospitals,"3-digit, ownership",3,43-9070,"Office Machine Operators, Except Computer",broad,80,1.3,,,0.01,3,20.55,42740,0.1,15.32,17.06,20.28,22.49,25.97,31870,35480,42180,46790,54020,,
99,U.S.,1,US,622000,Hospitals,"3-digit, ownership",3,43-9071,"Office Machine Operators, Except Computer",detailed,80,1.3,,,0.01,3,20.55,42740,0.1,15.32,17.06,20.28,22.49,25.97,31870,35480,42180,46790,54020,,
99,U.S.,1,US,622000,Hospitals,"3-digit, ownership",3,43-9190,Miscellaneous Office and Administrative Support Workers,broad,470,0.8,,,0.07,8,22.76,47330,0.2,17.7,19.61,22.47,23.91,28,36810,40790,46730,49730,58230,,
99,U.S.,1,US,622000,Hospitals,"3-digit, ownership",3,43-9199,"Office and Administrative Support Workers, All Other",detailed,470,0.8,,,0.07,8,22.76,47330,0.2,17.7,19.61,22.47,23.91,28,36810,40790,46730,49730,58230,,
99,U.S.,1,US,622000,Hospitals,"3-digit, ownership",3,47-0000,Construction and Extraction Occupations,major,1830,0.3,,,0.26,17,40.41,84050,0.2,23.2,29.27,37.13,50.92,59.75,48250,60880,77220,105920,124280,,
99,U.S.,1,US,622000,Hospitals,"3-digit, ownership",3,47-1000,Supervisors of Construction and Extraction Workers,minor,160,4.2,,,0.02,4,53.34,110940,0.9,36.46,45.56,56.32,61.48,65.99,75840,94760,117140,127880,137250,,
99,U.S.,1,US,622000,Hospitals,"3-digit, ownership",3,47-1010,First-Line Supervisors of Construction Trades and Extraction Workers,broad,160,4.2,,,0.02,4,53.34,110940,0.9,36.46,45.56,56.32,61.48,65.99,75840,94760,117140,127880,137250,,
99,U.S.,1,US,622000,Hospitals,"3-digit, ownership",3,47-1011,First-Line Supervisors of Construction Trades and Extraction Workers,detailed,160,4.2,,,0.02,4,53.34,110940,0.9,36.46,45.56,56.32,61.48,65.99,75840,94760,117140,127880,137250,,
99,U.S.,1,US,622000,Hospitals,"3-digit, ownership",3,47-2000,Construction Trades Workers,minor,1580,0,,,0.23,17,39.53,82210,0.2,23.2,29.4,36.44,50.18,58.74,48250,61150,75800,104380,122180,,
99,U.S.,1,US,622000,Hospitals,"3-digit, ownership",3,47-2030,Carpenters,broad,330,0.2,,,0.05,8,38.5,80080,0.2,23.72,28.55,36.93,46.7,58.74,49340,59380,76820,97140,122180,,
99,U.S.,1,US,622000,Hospitals,"3-digit, ownership",3,47-2031,Carpenters,detailed,330,0.2,,,0.05,8,38.5,80080,0.2,23.72,28.55,36.93,46.7,58.74,49340,59380,76820,97140,122180,,
99,U.S.,1,US,622000,Hospitals,"3-digit, ownership",3,47-2060,Construction Laborers,broad,70,6.5,,,0.01,3,31.21,64930,1,19.98,23.71,29.75,39.74,40.05,41560,49320,61870,82660,83310,,
99,U.S.,1,US,622000,Hospitals,"3-digit, ownership",3,47-2061,Construction Laborers,detailed,70,6.5,,,0.01,3,31.21,64930,1,19.98,23.71,29.75,39.74,40.05,41560,49320,61870,82660,83310,,
99,U.S.,1,US,622000,Hospitals,"3-digit, ownership",3,47-2110,Electricians,broad,470,0,,,0.07,11,41.6,86520,0.2,26.23,30.42,36.32,50.72,66.71,54560,63270,75540,105490,138760,,
99,U.S.,1,US,622000,Hospitals,"3-digit, ownership",3,47-2111,Electricians,detailed,470,0,,,0.07,11,41.6,86520,0.2,26.23,30.42,36.32,50.72,66.71,54560,63270,75540,105490,138760,,
99,U.S.,1,US,622000,Hospitals,"3-digit, ownership",3,47-2140,Painters and Paperhangers,broad,330,0.5,,,0.05,7,34.31,71360,0.2,20.09,25.02,31.85,45.59,49.5,41780,52050,66240,94820,102950,,
99,U.S.,1,US,622000,Hospitals,"3-digit, ownership",3,47-2141,"Painters, Construction and Maintenance",detailed,330,0.5,,,0.05,7,34.31,71360,0.2,20.09,25.02,31.85,45.59,49.5,41780,52050,66240,94820,102950,,
99,U.S.,1,US,622000,Hospitals,"3-digit, ownership",3,47-2150,"Pipelayers, Plumbers, Pipefitters, and Steamfitters",broad,340,1.4,,,0.05,8,43.39,90250,0.5,26.06,31.3,45.22,57.88,59.75,54210,65100,94070,120380,124280,,
99,U.S.,1,US,622000,Hospitals,"3-digit, ownership",3,47-2152,"Plumbers, Pipefitters, and Steamfitters",detailed,340,1.5,,,0.05,8,43.32,90100,0.5,25.77,31.25,45.22,57.88,59.75,53600,64990,94070,120380,124280,,
99,U.S.,1,US,622000,Hospitals,"3-digit, ownership",3,47-3000,"Helpers, Construction Trades",minor,60,0.7,,,0.01,1,26.08,54240,0.3,21.77,23,25.77,26.98,29.48,45280,47840,53600,56120,61330,,
99,U.S.,1,US,622000,Hospitals,"3-digit, ownership",3,47-3010,"Helpers, Construction Trades",broad,60,0.7,,,0.01,1,26.08,54240,0.3,21.77,23,25.77,26.98,29.48,45280,47840,53600,56120,61330,,
99,U.S.,1,US,622000,Hospitals,"3-digit, ownership",3,49-0000,"Installation, Maintenance, and Repair Occupations",major,7020,0.1,,,1.01,61,29.26,60860,0.2,19.04,23.01,28.29,33.25,40.55,39610,47850,58830,69160,84350,,
99,U.S.,1,US,622000,Hospitals,"3-digit, ownership",3,49-1000,"Supervisors of Installation, Maintenance, and Repair Workers",minor,770,0.2,,,0.11,33,38.64,80380,0.2,26.73,31.32,37.37,44.52,50.87,55600,65140,77730,92600,105820,,
99,U.S.,1,US,622000,Hospitals,"3-digit, ownership",3,49-1010,"First-Line Supervisors of Mechanics, Installers, and Repairers",broad,770,0.2,,,0.11,33,38.64,80380,0.2,26.73,31.32,37.37,44.52,50.87,55600,65140,77730,92600,105820,,
99,U.S.,1,US,622000,Hospitals,"3-digit, ownership",3,49-1011,"First-Line Supervisors of Mechanics, Installers, and Repairers",detailed,770,0.2,,,0.11,33,38.64,80380,0.2,26.73,31.32,37.37,44.52,50.87,55600,65140,77730,92600,105820,,
99,U.S.,1,US,622000,Hospitals,"3-digit, ownership",3,49-2000,"Electrical and Electronic Equipment Mechanics, Installers, and Repairers",minor,**,**,,,**,**,40.51,84250,0.2,26.21,31.11,40.43,50.03,51.29,54520,64700,84090,104070,106670,,
99,U.S.,1,US,622000,Hospitals,"3-digit, ownership",3,49-2020,Radio and Telecommunications Equipment Installers and Repairers,broad,40,4.6,,,0.01,1,39.89,82960,1.6,26.21,34.9,37.36,46.53,52.47,54520,72600,77700,96780,109130,,
99,U.S.,1,US,622000,Hospitals,"3-digit, ownership",3,49-2022,"Telecommunications Equipment Installers and Repairers, Except Line Installers",detailed,40,5.1,,,0.01,1,40.13,83460,1.6,26.21,35.41,37.47,51.29,52.47,54520,73640,77930,106670,109130,,
99,U.S.,1,US,622000,Hospitals,"3-digit, ownership",3,49-2090,"Miscellaneous Electrical and Electronic Equipment Mechanics, Installers, and Repairers",broad,50,1.7,,,0.01,1,35.02,72850,0.2,26.08,27.57,31.11,41.52,51.07,54240,57350,64700,86370,106230,,
99,U.S.,1,US,622000,Hospitals,"3-digit, ownership",3,49-2094,"Electrical and Electronics Repairers, Commercial and Industrial Equipment",detailed,40,1.7,,,0.01,1,35.7,74250,0.2,27.05,29.32,31.11,41.82,51.07,56250,60980,64700,86990,106230,,
99,U.S.,1,US,622000,Hospitals,"3-digit, ownership",3,49-3000,"Vehicle and Mobile Equipment Mechanics, Installers, and Repairers",minor,60,4.9,,,0.01,1,30.84,64140,0.5,23.42,27.43,29.33,34.79,38.06,48710,57050,61000,72360,79160,,
99,U.S.,1,US,622000,Hospitals,"3-digit, ownership",3,49-3020,Automotive Technicians and Repairers,broad,30,5.1,,,0,1,31.06,64600,0.9,23.18,26.15,28.15,35.64,39.35,48220,54390,58550,74130,81840,,
99,U.S.,1,US,622000,Hospitals,"3-digit, ownership",3,49-3023,Automotive Service Technicians and Mechanics,detailed,30,5.1,,,0,1,31.06,64600,0.9,23.18,26.15,28.15,35.64,39.35,48220,54390,58550,74130,81840,,
99,U.S.,1,US,622000,Hospitals,"3-digit, ownership",3,49-9000,"Other Installation, Maintenance, and Repair Occupations",minor,6050,0.1,,,0.87,60,27.79,57790,0.2,18.8,22.4,26.97,31.39,37.7,39110,46600,56090,65280,78420,,
99,U.S.,1,US,622000,Hospitals,"3-digit, ownership",3,49-9020,"Heating, Air Conditioning, and Refrigeration Mechanics and Installers",broad,430,0.4,,,0.06,9,32.63,67870,0.2,22.64,26.36,30.47,36.52,49.83,47080,54820,63380,75960,103640,,
99,U.S.,1,US,622000,Hospitals,"3-digit, ownership",3,49-9021,"Heating, Air Conditioning, and Refrigeration Mechanics and Installers",detailed,430,0.4,,,0.06,9,32.63,67870,0.2,22.64,26.36,30.47,36.52,49.83,47080,54820,63380,75960,103640,,
99,U.S.,1,US,622000,Hospitals,"3-digit, ownership",3,49-9040,"Industrial Machinery Installation, Repair, and Maintenance Workers",broad,50,0.8,,,0.01,1,27.69,57590,2.4,16.35,21.57,25.89,29.72,39.78,34010,44860,53850,61820,82740,,
99,U.S.,1,US,622000,Hospitals,"3-digit, ownership",3,49-9043,"Maintenance Workers, Machinery",detailed,30,0.6,,,0,1,29.61,61600,2.2,17.08,21.57,29.31,29.72,39.78,35520,44860,60960,61820,82740,,
99,U.S.,1,US,622000,Hospitals,"3-digit, ownership",3,49-9060,Precision Instrument and Equipment Repairers,broad,760,0.6,,,0.11,11,33.42,69510,0.2,21.87,26.12,31.25,38.78,47.44,45500,54330,64990,80660,98670,,
99,U.S.,1,US,622000,Hospitals,"3-digit, ownership",3,49-9062,Medical Equipment Repairers,detailed,750,0.4,,,0.11,11,33.36,69380,0.2,22.22,26.12,31.25,38.78,47.06,46210,54330,64990,80660,97890,,
99,U.S.,1,US,622000,Hospitals,"3-digit, ownership",3,49-9070,"Maintenance and Repair Workers, General",broad,4680,0.1,,,0.67,58,26.41,54930,0.2,18.57,22.1,25.68,30.19,34.37,38620,45970,53420,62800,71490,,
99,U.S.,1,US,622000,Hospitals,"3-digit, ownership",3,49-9071,"Maintenance and Repair Workers, General",detailed,4680,0.1,,,0.67,58,26.41,54930,0.2,18.57,22.1,25.68,30.19,34.37,38620,45970,53420,62800,71490,,
99,U.S.,1,US,622000,Hospitals,"3-digit, ownership",3,49-9090,"Miscellaneous Installation, Maintenance, and Repair Workers",broad,110,0.9,,,0.02,5,28.18,58610,2.7,17.79,19.2,26.54,33.72,42.58,37000,39930,55190,70140,88560,,
99,U.S.,1,US,622000,Hospitals,"3-digit, ownership",3,49-9094,Locksmiths and Safe Repairers,detailed,60,5.5,,,0.01,3,34.76,72290,0.5,24.32,27.94,33.25,40.14,48.29,50580,58120,69160,83500,100440,,
99,U.S.,1,US,622000,Hospitals,"3-digit, ownership",3,49-9098,"Helpers--Installation, Maintenance, and Repair Workers",detailed,40,3.5,,,0.01,2,18.9,39310,0.2,13.56,15.58,18.81,21.16,23.33,28200,32400,39120,44010,48520,,
99,U.S.,1,US,622000,Hospitals,"3-digit, ownership",3,51-0000,Production Occupations,major,2060,0.1,,,0.3,26,30.37,63160,0.1,14.27,16.84,21.36,38.78,67.94,29690,35030,44430,80670,141310,,
99,U.S.,1,US,622000,Hospitals,"3-digit, ownership",3,51-1000,Supervisors of Production Workers,minor,100,0.7,,,0.01,4,39.71,82600,0.2,19.18,26.65,31.53,48.56,77.92,39890,55440,65590,101010,162070,,
99,U.S.,1,US,622000,Hospitals,"3-digit, ownership",3,51-1010,First-Line Supervisors of Production and Operating Workers,broad,100,0.7,,,0.01,4,39.71,82600,0.2,19.18,26.65,31.53,48.56,77.92,39890,55440,65590,101010,162070,,
99,U.S.,1,US,622000,Hospitals,"3-digit, ownership",3,51-1011,First-Line Supervisors of Production and Operating Workers,detailed,100,0.7,,,0.01,4,39.71,82600,0.2,19.18,26.65,31.53,48.56,77.92,39890,55440,65590,101010,162070,,
99,U.S.,1,US,622000,Hospitals,"3-digit, ownership",3,51-6000,"Textile, Apparel, and Furnishings Workers",minor,1080,0.3,,,0.15,21,17.18,35730,0.2,12.96,14.87,17.13,18.83,21.79,26960,30930,35640,39160,45310,,
99,U.S.,1,US,622000,Hospitals,"3-digit, ownership",3,51-6010,Laundry and Dry-Cleaning Workers,broad,1080,0.3,,,0.15,21,17.16,35700,0.2,12.96,14.87,17.13,18.83,21.79,26960,30930,35640,39160,45310,,
99,U.S.,1,US,622000,Hospitals,"3-digit, ownership",3,51-6011,Laundry and Dry-Cleaning Workers,detailed,1080,0.3,,,0.15,21,17.16,35700,0.2,12.96,14.87,17.13,18.83,21.79,26960,30930,35640,39160,45310,,
99,U.S.,1,US,622000,Hospitals,"3-digit, ownership",3,51-8000,Plant and System Operators,minor,740,0.5,,,0.11,7,49.08,102090,0.3,25.79,32.01,49.46,67.94,68.22,53640,66590,102870,141310,141900,,
99,U.S.,1,US,622000,Hospitals,"3-digit, ownership",3,51-8010,"Power Plant Operators, Distributors, and Dispatchers",broad,**,**,,,**,**,29.77,61930,0.4,24.69,24.69,27.55,36.43,37.82,51350,51350,57300,75780,78660,,
99,U.S.,1,US,622000,Hospitals,"3-digit, ownership",3,51-8013,Power Plant Operators,detailed,**,**,,,**,**,29.77,61930,0.4,24.69,24.69,27.55,36.43,37.82,51350,51350,57300,75780,78660,,
99,U.S.,1,US,622000,Hospitals,"3-digit, ownership",3,51-8020,Stationary Engineers and Boiler Operators,broad,690,0.6,,,0.1,7,50.44,104920,0.3,27.66,34.43,50.11,68.22,68.22,57530,71610,104230,141900,141900,,
99,U.S.,1,US,622000,Hospitals,"3-digit, ownership",3,51-8021,Stationary Engineers and Boiler Operators,detailed,690,0.6,,,0.1,7,50.44,104920,0.3,27.66,34.43,50.11,68.22,68.22,57530,71610,104230,141900,141900,,
99,U.S.,1,US,622000,Hospitals,"3-digit, ownership",3,51-9000,Other Production Occupations,minor,100,4.1,,,0.01,2,26.41,54940,0.9,16.55,20.64,27.82,29.02,40.42,34430,42920,57870,60350,84070,,
99,U.S.,1,US,622000,Hospitals,"3-digit, ownership",3,51-9080,Dental and Ophthalmic Laboratory Technicians and Medical Appliance Technicians,broad,70,6.1,,,0.01,2,26.25,54600,0.9,18.12,20.75,27.82,28.82,35.21,37680,43160,57870,59950,73230,,
99,U.S.,1,US,622000,Hospitals,"3-digit, ownership",3,51-9082,Medical Appliance Technicians,detailed,70,7.2,,,0.01,2,26.28,54670,1.1,17.49,20.91,28.16,28.82,35.21,36390,43490,58570,59950,73230,,
99,U.S.,1,US,622000,Hospitals,"3-digit, ownership",3,53-0000,Transportation and Material Moving Occupations,major,4160,0.1,,,0.6,38,21.1,43890,0.2,14.83,17.31,18.99,23.08,29.55,30850,36000,39510,48010,61460,,
99,U.S.,1,US,622000,Hospitals,"3-digit, ownership",3,53-1000,Supervisors of Transportation and Material Moving Workers,minor,310,0.1,,,0.04,10,31.67,65880,0.4,21.36,25.69,30.93,36.67,40.74,44420,53440,64330,76280,84730,,
99,U.S.,1,US,622000,Hospitals,"3-digit, ownership",3,53-1040,First-Line Supervisors of Transportation and Material Moving Workers,broad,310,0.1,,,0.04,10,31.67,65880,0.4,21.36,25.69,30.93,36.67,40.74,44420,53440,64330,76280,84730,,
99,U.S.,1,US,622000,Hospitals,"3-digit, ownership",3,53-1047,"First-Line Supervisors of Transportation and Material Moving Workers, Except Aircraft Cargo Handling Supervisors",detailed,310,0.1,,,0.04,10,31.67,65880,0.4,21.36,25.69,30.93,36.67,40.74,44420,53440,64330,76280,84730,,
99,U.S.,1,US,622000,Hospitals,"3-digit, ownership",3,53-3000,Motor Vehicle Operators,minor,840,0.2,,,0.12,17,19.3,40140,0.2,12.83,15.96,18.8,21.85,26.2,26680,33210,39100,45460,54500,,
99,U.S.,1,US,622000,Hospitals,"3-digit, ownership",3,53-3010,"Ambulance Drivers and Attendants, Except Emergency Medical Technicians",broad,210,0.6,,,0.03,4,17.25,35870,0.9,12.1,13.99,16.66,19.8,22.59,25180,29090,34650,41190,46990,,
99,U.S.,1,US,622000,Hospitals,"3-digit, ownership",3,53-3011,"Ambulance Drivers and Attendants, Except Emergency Medical Technicians",detailed,210,0.6,,,0.03,4,17.25,35870,0.9,12.1,13.99,16.66,19.8,22.59,25180,29090,34650,41190,46990,,
99,U.S.,1,US,622000,Hospitals,"3-digit, ownership",3,53-3030,Driver/Sales Workers and Truck Drivers,broad,80,5.7,,,0.01,3,22,45760,0.3,15.02,17.52,19.46,24.08,28.6,31240,36430,40480,50090,59490,,
99,U.S.,1,US,622000,Hospitals,"3-digit, ownership",3,53-3033,Light Truck Drivers,detailed,70,4.2,,,0.01,2,20.27,42170,0.3,15.02,17.51,18.09,22.81,24.3,31240,36420,37620,47450,50540,,
99,U.S.,1,US,622000,Hospitals,"3-digit, ownership",3,53-3050,Passenger Vehicle Drivers,broad,460,1,,,0.07,10,19.08,39680,0.2,11.45,15.8,18.88,21.39,25.21,23810,32860,39280,44490,52430,,
99,U.S.,1,US,622000,Hospitals,"3-digit, ownership",3,53-3053,Shuttle Drivers and Chauffeurs,detailed,460,1,,,0.07,10,19.08,39690,0.2,11.45,15.8,18.88,21.39,25.21,23810,32860,39280,44490,52430,,
99,U.S.,1,US,622000,Hospitals,"3-digit, ownership",3,53-3090,Miscellaneous Motor Vehicle Operators,broad,90,0.8,,,0.01,2,22.66,47130,0.3,18.02,19.01,22.37,26.2,26.47,37480,39540,46520,54500,55060,,
99,U.S.,1,US,622000,Hospitals,"3-digit, ownership",3,53-3099,"Motor Vehicle Operators, All Other",detailed,90,0.8,,,0.01,2,22.66,47130,0.3,18.02,19.01,22.37,26.2,26.47,37480,39540,46520,54500,55060,,
99,U.S.,1,US,622000,Hospitals,"3-digit, ownership",3,53-6000,Other Transportation Workers,minor,140,1.6,,,0.02,3,16.17,33640,0.6,10.48,14.27,16.51,17.93,19.25,21800,29680,34330,37300,40030,,
99,U.S.,1,US,622000,Hospitals,"3-digit, ownership",3,53-6020,Parking Attendants,broad,130,2.8,,,0.02,2,16.01,33310,0.3,10.48,15.13,16.51,17.93,18.96,21800,31470,34330,37300,39440,,
99,U.S.,1,US,622000,Hospitals,"3-digit, ownership",3,53-6021,Parking Attendants,detailed,130,2.8,,,0.02,2,16.01,33310,0.3,10.48,15.13,16.51,17.93,18.96,21800,31470,34330,37300,39440,,
99,U.S.,1,US,622000,Hospitals,"3-digit, ownership",3,53-7000,Material Moving Workers,minor,2880,0.2,,,0.41,30,20.74,43140,0.2,15.26,17.44,18.97,22.87,28.53,31730,36280,39470,47560,59330,,
99,U.S.,1,US,622000,Hospitals,"3-digit, ownership",3,53-7060,Laborers and Material Movers,broad,2840,0.3,,,0.41,30,20.75,43160,0.2,15.26,17.43,18.97,22.87,28.73,31730,36240,39460,47560,59760,,
99,U.S.,1,US,622000,Hospitals,"3-digit, ownership",3,53-7062,"Laborers and Freight, Stock, and Material Movers, Hand",detailed,360,0.5,,,0.05,7,18.71,38910,0.2,15.06,16.72,17.75,20.93,22.75,31320,34780,36920,43530,47310,,
99,U.S.,1,US,622000,Hospitals,"3-digit, ownership",3,53-7065,Stockers and Order Fillers,detailed,2470,0.2,,,0.36,26,21.05,43790,0.2,15.26,17.69,19.11,22.87,28.89,31730,36790,39740,47560,60090,,
99,U.S.,1,US,622000,Hospitals,"3-digit, ownership",5,00-0000,All Occupations,total,5411880,0,,,100,100,41.61,86550,0.1,18.31,22.92,37.01,49.21,65.22,38080,47670,76990,102350,135660,,
99,U.S.,1,US,622000,Hospitals,"3-digit, ownership",5,11-0000,Management Occupations,major,224440,0,,,4.15,63,74.6,155180,0.2,40.2,49.89,63.03,81.82,109.2,83610,103780,131100,170180,227130,,
99,U.S.,1,US,622000,Hospitals,"3-digit, ownership",5,11-1000,Top Executives,minor,14710,0.2,,,0.27,34,118.41,246300,0.4,42.61,58.18,83.7,#,#,88630,121010,174100,#,#,,
99,U.S.,1,US,622000,Hospitals,"3-digit, ownership",5,11-1010,Chief Executives,broad,2870,0.3,,,0.05,12,219.14,455810,1.1,83.96,#,#,#,#,174640,#,#,#,#,,
99,U.S.,1,US,622000,Hospitals,"3-digit, ownership",5,11-1011,Chief Executives,detailed,2870,0.3,,,0.05,12,219.14,455810,1.1,83.96,#,#,#,#,174640,#,#,#,#,,
99,U.S.,1,US,622000,Hospitals,"3-digit, ownership",5,11-1020,General and Operations Managers,broad,11840,0.2,,,0.22,29,93.96,195430,0.2,39.7,51.36,75.95,108.76,#,82570,106820,157980,226210,#,,
99,U.S.,1,US,622000,Hospitals,"3-digit, ownership",5,11-1021,General and Operations Managers,detailed,11840,0.2,,,0.22,29,93.96,195430,0.2,39.7,51.36,75.95,108.76,#,82570,106820,157980,226210,#,,
99,U.S.,1,US,622000,Hospitals,"3-digit, ownership",5,11-2000,"Advertising, Marketing, Promotions, Public Relations, and Sales Managers",minor,5340,0.6,,,0.1,16,75.35,156730,0.4,43.25,51.14,65.76,86.01,#,89970,106360,136780,178890,#,,
99,U.S.,1,US,622000,Hospitals,"3-digit, ownership",5,11-2010,Advertising and Promotions Managers,broad,30,6.3,,,0,~,62.74,130500,2.2,45.67,52.56,66.21,73.58,76.44,94980,109330,137710,153040,159000,,
99,U.S.,1,US,622000,Hospitals,"3-digit, ownership",5,11-2011,Advertising and Promotions Managers,detailed,30,6.3,,,0,~,62.74,130500,2.2,45.67,52.56,66.21,73.58,76.44,94980,109330,137710,153040,159000,,
99,U.S.,1,US,622000,Hospitals,"3-digit, ownership",5,11-2020,Marketing and Sales Managers,broad,2870,1.6,,,0.05,11,73.94,153800,0.5,43.01,49.78,63.85,84.73,112.27,89470,103540,132810,176230,233520,,
99,U.S.,1,US,622000,Hospitals,"3-digit, ownership",5,11-2021,Marketing Managers,detailed,2530,1.4,,,0.05,9,74.16,154240,0.4,43.1,50.58,63.99,84.5,112.5,89650,105200,133090,175760,234000,,
99,U.S.,1,US,622000,Hospitals,"3-digit, ownership",5,11-2022,Sales Managers,detailed,340,3.9,,,0.01,2,72.36,150520,2.4,41.12,48.07,57.29,95.04,106.38,85520,99990,119160,197690,221270,,
99,U.S.,1,US,622000,Hospitals,"3-digit, ownership",5,11-2030,Public Relations and Fundraising Managers,broad,2450,0.7,,,0.05,8,77.16,160500,0.2,44.45,52.47,67.29,88.83,#,92460,109130,139970,184760,#,,
99,U.S.,1,US,622000,Hospitals,"3-digit, ownership",5,11-2032,Public Relations Managers,detailed,1010,1.3,,,0.02,5,73.61,153100,0.3,44.32,51.75,64.56,84.18,#,92180,107630,134280,175090,#,,
99,U.S.,1,US,622000,Hospitals,"3-digit, ownership",5,11-2033,Fundraising Managers,detailed,1430,0.7,,,0.03,5,79.68,165720,0.2,44.53,53.09,70.42,94.76,#,92630,110430,146470,197090,#,,
99,U.S.,1,US,622000,Hospitals,"3-digit, ownership",5,11-3000,Operations Specialties Managers,minor,41820,0.1,,,0.77,39,73.44,152750,0.2,40.72,50.16,64.2,82.98,108.27,84700,104320,133530,172610,225190,,
99,U.S.,1,US,622000,Hospitals,"3-digit, ownership",5,11-3010,Administrative Services and Facilities Managers,broad,14720,0.1,,,0.27,29,63.61,132310,0.2,38.11,46.52,57.17,73.89,95.45,79270,96770,118910,153700,198540,,
99,U.S.,1,US,622000,Hospitals,"3-digit, ownership",5,11-3012,Administrative Services Managers,detailed,8570,0.2,,,0.16,19,66.6,138520,0.2,38.84,47.14,59.37,77.25,102.73,80790,98050,123480,160680,213670,,
99,U.S.,1,US,622000,Hospitals,"3-digit, ownership",5,11-3013,Facilities Managers,detailed,6140,0.5,,,0.11,22,59.44,123640,0.2,37.42,45.26,54.22,67.89,85,77830,94140,112780,141200,176790,,
99,U.S.,1,US,622000,Hospitals,"3-digit, ownership",5,11-3020,Computer and Information Systems Managers,broad,7480,0.3,,,0.14,14,82.43,171450,0.2,50.29,62.66,78.07,95.09,#,104610,130320,162380,197790,#,,
99,U.S.,1,US,622000,Hospitals,"3-digit, ownership",5,11-3021,Computer and Information Systems Managers,detailed,7480,0.3,,,0.14,14,82.43,171450,0.2,50.29,62.66,78.07,95.09,#,104610,130320,162380,197790,#,,
99,U.S.,1,US,622000,Hospitals,"3-digit, ownership",5,11-3030,Financial Managers,broad,9200,0.2,,,0.17,23,85.81,178480,0.2,48.13,59.76,76.28,98.5,#,100110,124310,158660,204880,#,,
99,U.S.,1,US,622000,Hospitals,"3-digit, ownership",5,11-3031,Financial Managers,detailed,9200,0.2,,,0.17,23,85.81,178480,0.2,48.13,59.76,76.28,98.5,#,100110,124310,158660,204880,#,,
99,U.S.,1,US,622000,Hospitals,"3-digit, ownership",5,11-3050,Industrial Production Managers,broad,370,2,,,0.01,1,62.39,129760,0.8,38.09,47.69,60.08,77.27,86.2,79220,99190,124970,160730,179300,,
99,U.S.,1,US,622000,Hospitals,"3-digit, ownership",5,11-3051,Industrial Production Managers,detailed,370,2,,,0.01,1,62.39,129760,0.8,38.09,47.69,60.08,77.27,86.2,79220,99190,124970,160730,179300,,
99,U.S.,1,US,622000,Hospitals,"3-digit, ownership",5,11-3060,Purchasing Managers,broad,1450,0.8,,,0.03,6,61.29,127480,0.4,36.24,43.72,55.23,71.1,93.19,75380,90940,114880,147880,193840,,
99,U.S.,1,US,622000,Hospitals,"3-digit, ownership",5,11-3061,Purchasing Managers,detailed,1450,0.8,,,0.03,6,61.29,127480,0.4,36.24,43.72,55.23,71.1,93.19,75380,90940,114880,147880,193840,,
99,U.S.,1,US,622000,Hospitals,"3-digit, ownership",5,11-3070,"Transportation, Storage, and Distribution Managers",broad,1320,1.6,,,0.02,6,57.76,120150,0.4,36.4,42.44,51.5,66.68,85.26,75710,88280,107110,138700,177340,,
99,U.S.,1,US,622000,Hospitals,"3-digit, ownership",5,11-3071,"Transportation, Storage, and Distribution Managers",detailed,1320,1.6,,,0.02,6,57.76,120150,0.4,36.4,42.44,51.5,66.68,85.26,75710,88280,107110,138700,177340,,
99,U.S.,1,US,622000,Hospitals,"3-digit, ownership",5,11-3110,Compensation and Benefits Managers,broad,510,4.3,,,0.01,2,73.94,153790,0.7,44.58,55.28,70.13,83.46,103.36,92730,114980,145870,173600,214980,,
99,U.S.,1,US,622000,Hospitals,"3-digit, ownership",5,11-3111,Compensation and Benefits Managers,detailed,510,4.3,,,0.01,2,73.94,153790,0.7,44.58,55.28,70.13,83.46,103.36,92730,114980,145870,173600,214980,,
99,U.S.,1,US,622000,Hospitals,"3-digit, ownership",5,11-3120,Human Resources Managers,broad,5300,0.2,,,0.1,19,74.35,154660,0.3,43.3,51.35,63.51,83.22,112.25,90070,106810,132110,173090,233480,,
99,U.S.,1,US,622000,Hospitals,"3-digit, ownership",5,11-3121,Human Resources Managers,detailed,5300,0.2,,,0.1,19,74.35,154660,0.3,43.3,51.35,63.51,83.22,112.25,90070,106810,132110,173090,233480,,
99,U.S.,1,US,622000,Hospitals,"3-digit, ownership",5,11-3130,Training and Development Managers,broad,1460,0.9,,,0.03,6,74.09,154110,1.6,44.31,52.93,67.12,84.73,103.48,92170,110080,139620,176240,215240,,
99,U.S.,1,US,622000,Hospitals,"3-digit, ownership",5,11-3131,Training and Development Managers,detailed,1460,0.9,,,0.03,6,74.09,154110,1.6,44.31,52.93,67.12,84.73,103.48,92170,110080,139620,176240,215240,,
99,U.S.,1,US,622000,Hospitals,"3-digit, ownership",5,11-9000,Other Management Occupations,minor,162570,0.1,,,3,58,70.91,147500,0.2,39.88,49.68,62.38,80.2,103.6,82950,103340,129740,166810,215490,,
99,U.S.,1,US,622000,Hospitals,"3-digit, ownership",5,11-9020,Construction Managers,broad,610,1,,,0.01,2,73.08,152000,0.6,42.25,51.79,64.95,86.18,105.75,87880,107730,135100,179250,219950,,
99,U.S.,1,US,622000,Hospitals,"3-digit, ownership",5,11-9021,Construction Managers,detailed,610,1,,,0.01,2,73.08,152000,0.6,42.25,51.79,64.95,86.18,105.75,87880,107730,135100,179250,219950,,
99,U.S.,1,US,622000,Hospitals,"3-digit, ownership",5,11-9030,Education and Childcare Administrators,broad,1060,1.4,,,0.02,3,65.39,136010,1.2,32.98,38.86,51.3,70.05,107.98,68590,80840,106700,145710,224590,,
99,U.S.,1,US,622000,Hospitals,"3-digit, ownership",5,11-9031,"Education and Childcare Administrators, Preschool and Daycare",detailed,170,4.7,,,0,1,40.43,84090,1.2,23.9,32.51,38.33,48.61,59.1,49700,67620,79730,101100,122920,,
99,U.S.,1,US,622000,Hospitals,"3-digit, ownership",5,11-9032,"Education Administrators, Kindergarten through Secondary",detailed,30,5.7,,,0,~,*,97910,1.2,*,*,*,*,*,80550,85870,96780,101300,117530,TRUE,
99,U.S.,1,US,622000,Hospitals,"3-digit, ownership",5,11-9033,"Education Administrators, Postsecondary",detailed,500,1,,,0.01,1,74.33,154610,1.1,37.07,39.88,54.89,78.95,#,77110,82940,114160,164220,#,,
99,U.S.,1,US,622000,Hospitals,"3-digit, ownership",5,11-9039,"Education Administrators, All Other",detailed,360,0.1,,,0.01,2,66.11,137500,0.8,33.85,42.5,58.57,78.9,108.85,70420,88390,121830,164120,226400,,
99,U.S.,1,US,622000,Hospitals,"3-digit, ownership",5,11-9040,Architectural and Engineering Managers,broad,160,1.7,,,0,1,78.53,163340,0.3,53.45,58.87,70.7,84.32,111.09,111180,122450,147060,175390,231060,,
99,U.S.,1,US,622000,Hospitals,"3-digit, ownership",5,11-9041,Architectural and Engineering Managers,detailed,160,1.7,,,0,1,78.53,163340,0.3,53.45,58.87,70.7,84.32,111.09,111180,122450,147060,175390,231060,,
99,U.S.,1,US,622000,Hospitals,"3-digit, ownership",5,11-9050,Food Service Managers,broad,1600,0.1,,,0.03,9,49.81,103600,0.7,33.24,38.3,47.04,58.6,68.88,69150,79660,97830,121880,143270,,
99,U.S.,1,US,622000,Hospitals,"3-digit, ownership",5,11-9051,Food Service Managers,detailed,1600,0.1,,,0.03,9,49.81,103600,0.7,33.24,38.3,47.04,58.6,68.88,69150,79660,97830,121880,143270,,
99,U.S.,1,US,622000,Hospitals,"3-digit, ownership",5,11-9110,Medical and Health Services Managers,broad,141190,0.1,,,2.61,57,72.21,150200,0.2,41.05,50.2,62.81,80.62,104.43,85380,104410,130640,167700,217220,,
99,U.S.,1,US,622000,Hospitals,"3-digit, ownership",5,11-9111,Medical and Health Services Managers,detailed,141190,0.1,,,2.61,57,72.21,150200,0.2,41.05,50.2,62.81,80.62,104.43,85380,104410,130640,167700,217220,,
99,U.S.,1,US,622000,Hospitals,"3-digit, ownership",5,11-9120,Natural Sciences Managers,broad,3090,0.3,,,0.06,5,51.23,106550,0.3,29.05,32.84,45.32,60.45,82.35,60420,68310,94270,125730,171290,,
99,U.S.,1,US,622000,Hospitals,"3-digit, ownership",5,11-9121,Natural Sciences Managers,detailed,3090,0.3,,,0.06,5,51.23,106550,0.3,29.05,32.84,45.32,60.45,82.35,60420,68310,94270,125730,171290,,
99,U.S.,1,US,622000,Hospitals,"3-digit, ownership",5,11-9140,"Property, Real Estate, and Community Association Managers",broad,190,0.5,,,0,1,60.35,125530,2.6,34.75,41.88,51.54,69.67,93.9,72280,87110,107210,144910,195320,,
99,U.S.,1,US,622000,Hospitals,"3-digit, ownership",5,11-9141,"Property, Real Estate, and Community Association Managers",detailed,190,0.5,,,0,1,60.35,125530,2.6,34.75,41.88,51.54,69.67,93.9,72280,87110,107210,144910,195320,,
99,U.S.,1,US,622000,Hospitals,"3-digit, ownership",5,11-9150,Social and Community Service Managers,broad,3150,0.5,,,0.06,11,53.92,112150,0.2,35.61,40.68,49.49,62.3,78.87,74060,84620,102940,129580,164050,,
99,U.S.,1,US,622000,Hospitals,"3-digit, ownership",5,11-9151,Social and Community Service Managers,detailed,3150,0.5,,,0.06,11,53.92,112150,0.2,35.61,40.68,49.49,62.3,78.87,74060,84620,102940,129580,164050,,
99,U.S.,1,US,622000,Hospitals,"3-digit, ownership",5,11-9160,Emergency Management Directors,broad,620,1.4,,,0.01,3,53.72,111740,1.1,35.76,39.74,46.47,62.01,80.95,74380,82650,96650,128970,168370,,
99,U.S.,1,US,622000,Hospitals,"3-digit, ownership",5,11-9161,Emergency Management Directors,detailed,620,1.4,,,0.01,3,53.72,111740,1.1,35.76,39.74,46.47,62.01,80.95,74380,82650,96650,128970,168370,,
99,U.S.,1,US,622000,Hospitals,"3-digit, ownership",5,11-9170,Personal Service Managers,broad,100,6.7,,,0,1,39.05,81220,3,21.7,30.99,37.44,42.85,61.37,45140,64450,77860,89120,127640,,
99,U.S.,1,US,622000,Hospitals,"3-digit, ownership",5,11-9179,"Personal Service Managers, All Other",detailed,100,6.7,,,0,1,39.05,81220,3,21.7,30.99,37.44,42.85,61.37,45140,64450,77860,89120,127640,,
99,U.S.,1,US,622000,Hospitals,"3-digit, ownership",5,11-9190,Miscellaneous Managers,broad,10770,0.3,,,0.2,21,69.5,144550,0.2,38.53,49.03,62.28,80.68,103.88,80140,101990,129540,167820,216070,,
99,U.S.,1,US,622000,Hospitals,"3-digit, ownership",5,11-9199,"Managers, All Other",detailed,10770,0.3,,,0.2,21,69.5,144550,0.2,38.53,49.03,62.28,80.68,103.88,80140,101990,129540,167820,216070,,
99,U.S.,1,US,622000,Hospitals,"3-digit, ownership",5,13-0000,Business and Financial Operations Occupations,major,126510,0.1,,,2.34,51,39.85,82890,0.1,23.35,29.35,37.74,48.09,59.88,48570,61060,78500,100030,124560,,
99,U.S.,1,US,622000,Hospitals,"3-digit, ownership",5,13-1000,Business Operations Specialists,minor,103450,0.1,,,1.91,48,40.08,83370,0.1,23.45,29.48,37.79,48.28,60.32,48780,61310,78610,100420,125460,,
99,U.S.,1,US,622000,Hospitals,"3-digit, ownership",5,13-1020,Buyers and Purchasing Agents,broad,8720,0.1,,,0.16,22,30.56,63550,0.2,19.69,23.73,29.09,35.14,43.2,40960,49350,60510,73080,89850,,
99,U.S.,1,US,622000,Hospitals,"3-digit, ownership",5,13-1020,Buyers and Purchasing Agents,detailed,8720,0.1,,,0.16,22,30.56,63550,0.2,19.69,23.73,29.09,35.14,43.2,40960,49350,60510,73080,89850,,
99,U.S.,1,US,622000,Hospitals,"3-digit, ownership",5,13-1030,"Claims Adjusters, Appraisers, Examiners, and Investigators",broad,780,0.6,,,0.01,1,27.38,56960,0.3,21.05,21.79,23.45,28.24,37.51,43790,45320,48780,58730,78030,,
99,U.S.,1,US,622000,Hospitals,"3-digit, ownership",5,13-1031,"Claims Adjusters, Examiners, and Investigators",detailed,780,0.6,,,0.01,1,27.38,56960,0.3,21.05,21.79,23.45,28.24,37.51,43790,45320,48780,58730,78030,,
99,U.S.,1,US,622000,Hospitals,"3-digit, ownership",5,13-1040,Compliance Officers,broad,6990,0.4,,,0.13,17,41.04,85370,0.2,24.44,30.91,39.17,48.62,60.09,50830,64300,81470,101130,124990,,
99,U.S.,1,US,622000,Hospitals,"3-digit, ownership",5,13-1041,Compliance Officers,detailed,6990,0.4,,,0.13,17,41.04,85370,0.2,24.44,30.91,39.17,48.62,60.09,50830,64300,81470,101130,124990,,
99,U.S.,1,US,622000,Hospitals,"3-digit, ownership",5,13-1050,Cost Estimators,broad,70,5.2,,,0,~,41.16,85610,0.8,22.28,32.42,47.15,49.64,54.63,46330,67440,98060,103250,113630,,
99,U.S.,1,US,622000,Hospitals,"3-digit, ownership",5,13-1051,Cost Estimators,detailed,70,5.2,,,0,~,41.16,85610,0.8,22.28,32.42,47.15,49.64,54.63,46330,67440,98060,103250,113630,,
99,U.S.,1,US,622000,Hospitals,"3-digit, ownership",5,13-1070,Human Resources Workers,broad,21540,0.2,,,0.4,34,36.68,76280,0.2,23.26,28.7,35.46,43.11,51.05,48390,59690,73770,89660,106180,,
99,U.S.,1,US,622000,Hospitals,"3-digit, ownership",5,13-1071,Human Resources Specialists,detailed,20980,0.2,,,0.39,34,36.36,75620,0.2,23.2,28.65,35.08,42.36,50.57,48250,59590,72970,88100,105180,,
99,U.S.,1,US,622000,Hospitals,"3-digit, ownership",5,13-1075,Labor Relations Specialists,detailed,560,0.6,,,0.01,2,48.64,101180,0.5,31.78,36.5,44.17,58.4,72.61,66110,75910,91880,121470,151020,,
99,U.S.,1,US,622000,Hospitals,"3-digit, ownership",5,13-1080,Logisticians and Project Management Specialists,broad,13530,0.1,,,0.25,14,45.11,93840,0.1,25.49,33.55,42.27,52.63,64.32,53010,69790,87920,109460,133780,,
99,U.S.,1,US,622000,Hospitals,"3-digit, ownership",5,13-1081,Logisticians,detailed,2740,0.1,,,0.05,6,32.76,68130,0.3,21.26,22.53,29.71,39.29,49.29,44230,46850,61790,81730,102520,,
99,U.S.,1,US,622000,Hospitals,"3-digit, ownership",5,13-1082,Project Management Specialists,detailed,10800,0.2,,,0.2,12,48.25,100350,0.1,30.51,37.32,47.52,59.28,66.49,63470,77620,98830,123300,138310,,
99,U.S.,1,US,622000,Hospitals,"3-digit, ownership",5,13-1110,Management Analysts,broad,9320,0.4,,,0.17,14,47.27,98320,0.1,29.54,36.81,46.07,53.66,64.72,61440,76570,95820,111610,134620,,
99,U.S.,1,US,622000,Hospitals,"3-digit, ownership",5,13-1111,Management Analysts,detailed,9320,0.4,,,0.17,14,47.27,98320,0.1,29.54,36.81,46.07,53.66,64.72,61440,76570,95820,111610,134620,,
99,U.S.,1,US,622000,Hospitals,"3-digit, ownership",5,13-1120,"Meeting, Convention, and Event Planners",broad,520,1,,,0.01,2,33.68,70060,0.2,20.65,26.6,32.48,39.32,47.66,42940,55320,67550,81780,99130,,
99,U.S.,1,US,622000,Hospitals,"3-digit, ownership",5,13-1121,"Meeting, Convention, and Event Planners",detailed,520,1,,,0.01,2,33.68,70060,0.2,20.65,26.6,32.48,39.32,47.66,42940,55320,67550,81780,99130,,
99,U.S.,1,US,622000,Hospitals,"3-digit, ownership",5,13-1130,Fundraisers,broad,3040,0.4,,,0.06,8,37.69,78400,0.2,19.31,25.43,37.46,47.83,59.44,40160,52900,77920,99480,123640,,
99,U.S.,1,US,622000,Hospitals,"3-digit, ownership",5,13-1131,Fundraisers,detailed,3040,0.4,,,0.06,8,37.69,78400,0.2,19.31,25.43,37.46,47.83,59.44,40160,52900,77920,99480,123640,,
99,U.S.,1,US,622000,Hospitals,"3-digit, ownership",5,13-1140,"Compensation, Benefits, and Job Analysis Specialists",broad,2620,1.3,,,0.05,8,40.3,83810,0.5,24.96,30.36,38.47,46.99,60.98,51920,63140,80020,97750,126840,,
99,U.S.,1,US,622000,Hospitals,"3-digit, ownership",5,13-1141,"Compensation, Benefits, and Job Analysis Specialists",detailed,2620,1.3,,,0.05,8,40.3,83810,0.5,24.96,30.36,38.47,46.99,60.98,51920,63140,80020,97750,126840,,
99,U.S.,1,US,622000,Hospitals,"3-digit, ownership",5,13-1150,Training and Development Specialists,broad,14600,0.1,,,0.27,19,43.18,89810,0.1,26.06,31.55,41.1,50.23,61.83,54200,65610,85480,104480,128610,,
99,U.S.,1,US,622000,Hospitals,"3-digit, ownership",5,13-1151,Training and Development Specialists,detailed,14600,0.1,,,0.27,19,43.18,89810,0.1,26.06,31.55,41.1,50.23,61.83,54200,65610,85480,104480,128610,,
99,U.S.,1,US,622000,Hospitals,"3-digit, ownership",5,13-1160,Market Research Analysts and Marketing Specialists,broad,4440,0.4,,,0.08,15,40.41,84050,0.2,25.01,30.76,38.64,48.01,57.78,52020,63980,80380,99870,120170,,
99,U.S.,1,US,622000,Hospitals,"3-digit, ownership",5,13-1161,Market Research Analysts and Marketing Specialists,detailed,4440,0.4,,,0.08,15,40.41,84050,0.2,25.01,30.76,38.64,48.01,57.78,52020,63980,80380,99870,120170,,
99,U.S.,1,US,622000,Hospitals,"3-digit, ownership",5,13-1190,Miscellaneous Business Operations Specialists,broad,17310,0.2,,,0.32,22,39.39,81920,0.2,23.26,29.36,37.4,47.71,58.15,48380,61070,77790,99250,120950,,
99,U.S.,1,US,622000,Hospitals,"3-digit, ownership",5,13-1199,"Business Operations Specialists, All Other",detailed,17310,0.2,,,0.32,22,39.39,81920,0.2,23.26,29.36,37.4,47.71,58.15,48380,61070,77790,99250,120950,,
99,U.S.,1,US,622000,Hospitals,"3-digit, ownership",5,13-2000,Financial Specialists,minor,23060,0.2,,,0.43,30,38.82,80740,0.1,22.64,28.65,37.56,47.31,57.47,47090,59590,78120,98400,119540,,
99,U.S.,1,US,622000,Hospitals,"3-digit, ownership",5,13-2010,Accountants and Auditors,broad,10690,0.1,,,0.2,23,41.39,86100,0.2,27,31.33,38.88,48.07,59.34,56160,65170,80870,99980,123420,,
99,U.S.,1,US,622000,Hospitals,"3-digit, ownership",5,13-2011,Accountants and Auditors,detailed,10690,0.1,,,0.2,23,41.39,86100,0.2,27,31.33,38.88,48.07,59.34,56160,65170,80870,99980,123420,,
99,U.S.,1,US,622000,Hospitals,"3-digit, ownership",5,13-2020,Property Appraisers and Assessors,broad,40,10.3,,,0,~,48.2,100250,0.7,21.92,36.67,41,65.72,66.06,45590,76270,85270,136700,137410,,
99,U.S.,1,US,622000,Hospitals,"3-digit, ownership",5,13-2020,Property Appraisers and Assessors,detailed,40,10.3,,,0,~,48.2,100250,0.7,21.92,36.67,41,65.72,66.06,45590,76270,85270,136700,137410,,
99,U.S.,1,US,622000,Hospitals,"3-digit, ownership",5,13-2030,Budget Analysts,broad,1050,0.5,,,0.02,3,44.01,91530,0.2,29.46,35.09,42.68,50.22,63.17,61270,72980,88780,104460,131390,,
99,U.S.,1,US,622000,Hospitals,"3-digit, ownership",5,13-2031,Budget Analysts,detailed,1050,0.5,,,0.02,3,44.01,91530,0.2,29.46,35.09,42.68,50.22,63.17,61270,72980,88780,104460,131390,,
99,U.S.,1,US,622000,Hospitals,"3-digit, ownership",5,13-2050,Financial Analysts and Advisors,broad,5920,0.6,,,0.11,12,41.74,86830,0.1,25.79,31.92,40.14,48.47,59.78,53640,66390,83480,100810,124350,,
99,U.S.,1,US,622000,Hospitals,"3-digit, ownership",5,13-2051,Financial and Investment Analysts,detailed,4770,0.9,,,0.09,10,43.15,89750,0.2,29.74,35.51,41.09,48.49,59.69,61860,73850,85460,100870,124160,,
99,U.S.,1,US,622000,Hospitals,"3-digit, ownership",5,13-2052,Personal Financial Advisors,detailed,620,0.8,,,0.01,2,25.13,52260,0.3,18.96,21.37,23.56,26.33,29.5,39440,44450,49000,54760,61360,,
99,U.S.,1,US,622000,Hospitals,"3-digit, ownership",5,13-2054,Financial Risk Specialists,detailed,530,0.5,,,0.01,2,48.58,101040,0.2,29.61,37.94,46.77,57.87,67.38,61580,78910,97270,120370,140150,,
99,U.S.,1,US,622000,Hospitals,"3-digit, ownership",5,13-2060,Financial Examiners,broad,30,2.7,,,0,~,32.17,66910,1.2,23.6,24.64,32.76,37.75,40.33,49090,51250,68150,78510,83890,,
99,U.S.,1,US,622000,Hospitals,"3-digit, ownership",5,13-2061,Financial Examiners,detailed,30,2.7,,,0,~,32.17,66910,1.2,23.6,24.64,32.76,37.75,40.33,49090,51250,68150,78510,83890,,
99,U.S.,1,US,622000,Hospitals,"3-digit, ownership",5,13-2070,Credit Counselors and Loan Officers,broad,2140,0.4,,,0.04,4,24.36,50670,0.2,18.6,21.02,23.95,26.56,30.21,38690,43710,49820,55250,62830,,
99,U.S.,1,US,622000,Hospitals,"3-digit, ownership",5,13-2071,Credit Counselors,detailed,2120,0.3,,,0.04,4,24.34,50620,0.2,18.6,21.02,23.95,26.53,29.97,38690,43710,49820,55180,62330,,
99,U.S.,1,US,622000,Hospitals,"3-digit, ownership",5,13-2090,Miscellaneous Financial Specialists,broad,3160,0.3,,,0.06,6,32.73,68070,0.5,19.83,22.3,29.71,38.53,50.27,41240,46380,61800,80140,104570,,
99,U.S.,1,US,622000,Hospitals,"3-digit, ownership",5,13-2099,"Financial Specialists, All Other",detailed,3160,0.3,,,0.06,6,32.73,68070,0.5,19.83,22.3,29.71,38.53,50.27,41240,46380,61800,80140,104570,,
99,U.S.,1,US,622000,Hospitals,"3-digit, ownership",5,15-0000,Computer and Mathematical Occupations,major,64960,0.3,,,1.2,36,46.48,96680,0.2,27.05,34.94,45.98,57.56,65.86,56250,72680,95640,119710,136980,,
99,U.S.,1,US,622000,Hospitals,"3-digit, ownership",5,15-1200,Computer Occupations,minor,56120,0.3,,,1.04,34,46.64,97010,0.2,26.94,35.15,46.35,58.15,66.22,56040,73110,96420,120960,137740,,
99,U.S.,1,US,622000,Hospitals,"3-digit, ownership",5,15-1210,Computer and Information Analysts,broad,19850,0.2,,,0.37,19,48.46,100810,0.2,31.65,38.67,47.83,57.39,64.62,65840,80440,99490,119370,134400,,
99,U.S.,1,US,622000,Hospitals,"3-digit, ownership",5,15-1211,Computer Systems Analysts,detailed,17970,0.3,,,0.33,18,48.13,100110,0.2,31.45,38.61,47.78,56.71,64.04,65420,80320,99390,117950,133200,,
99,U.S.,1,US,622000,Hospitals,"3-digit, ownership",5,15-1212,Information Security Analysts,detailed,1880,0.7,,,0.03,4,51.66,107440,0.2,33.49,40.27,48.7,62.08,72.96,69660,83760,101290,129130,151770,,
99,U.S.,1,US,622000,Hospitals,"3-digit, ownership",5,15-1220,Computer and Information Research Scientists,broad,40,17.2,,,0,~,57.77,120160,4.3,43.3,43.3,51.89,66.93,77.21,90060,90060,107930,139210,160600,,
99,U.S.,1,US,622000,Hospitals,"3-digit, ownership",5,15-1221,Computer and Information Research Scientists,detailed,40,17.2,,,0,~,57.77,120160,4.3,43.3,43.3,51.89,66.93,77.21,90060,90060,107930,139210,160600,,
99,U.S.,1,US,622000,Hospitals,"3-digit, ownership",5,15-1230,Computer Support Specialists,broad,12500,0.3,,,0.23,20,32.71,68040,0.2,21.71,24.59,30.24,37.81,47.58,45150,51140,62900,78640,98970,,
99,U.S.,1,US,622000,Hospitals,"3-digit, ownership",5,15-1231,Computer Network Support Specialists,detailed,2410,0.9,,,0.04,6,37.95,78930,0.3,23.32,28.75,36.25,45.74,56.5,48510,59790,75400,95140,117510,,
99,U.S.,1,US,622000,Hospitals,"3-digit, ownership",5,15-1232,Computer User Support Specialists,detailed,10090,0.2,,,0.19,18,31.47,65450,0.2,21.5,24.1,29.6,37.01,45.76,44730,50120,61560,76980,95180,,
99,U.S.,1,US,622000,Hospitals,"3-digit, ownership",5,15-1240,Database and Network Administrators and Architects,broad,11010,0.3,,,0.2,18,52.14,108450,0.2,32.38,39.52,49.66,62,75.29,67360,82210,103300,128960,156610,,
99,U.S.,1,US,622000,Hospitals,"3-digit, ownership",5,15-1241,Computer Network Architects,detailed,2510,0.6,,,0.05,5,59.03,122790,0.2,38.44,47.6,58.59,67.56,80.05,79950,99010,121860,140530,166510,,
99,U.S.,1,US,622000,Hospitals,"3-digit, ownership",5,15-1242,Database Administrators,detailed,1580,0.6,,,0.03,5,49.51,102980,0.3,29.63,37.53,48.45,61.46,71.55,61620,78060,100780,127840,148820,,
99,U.S.,1,US,622000,Hospitals,"3-digit, ownership",5,15-1243,Database Architects,detailed,990,0.3,,,0.02,2,60.22,125260,0.2,37.79,48.74,59.99,69.4,77.12,78590,101370,124780,144360,160410,,
99,U.S.,1,US,622000,Hospitals,"3-digit, ownership",5,15-1244,Network and Computer Systems Administrators,detailed,5920,0.3,,,0.11,14,48.57,101020,0.2,31.27,37.94,47.46,58.38,66.55,65050,78900,98720,121440,138430,,
99,U.S.,1,US,622000,Hospitals,"3-digit, ownership",5,15-1250,"Software and Web Developers, Programmers, and Testers",broad,9220,0.5,,,0.17,10,54.71,113790,0.2,36.75,44.8,53.16,62.99,74.94,76450,93180,110580,131010,155880,,
99,U.S.,1,US,622000,Hospitals,"3-digit, ownership",5,15-1251,Computer Programmers,detailed,820,0.6,,,0.02,2,50.64,105340,0.3,30.95,38.05,51.11,61.42,69.47,64380,79150,106300,127750,144500,,
99,U.S.,1,US,622000,Hospitals,"3-digit, ownership",5,15-1252,Software Developers,detailed,6560,0.6,,,0.12,7,56.3,117110,0.2,38.18,47.92,55.26,63.65,75.84,79420,99680,114950,132390,157740,,
99,U.S.,1,US,622000,Hospitals,"3-digit, ownership",5,15-1253,Software Quality Assurance Analysts and Testers,detailed,1240,0.4,,,0.02,2,52.03,108210,0.3,31.87,40.57,52.07,62.19,70.73,66290,84390,108300,129350,147110,,
99,U.S.,1,US,622000,Hospitals,"3-digit, ownership",5,15-1254,Web Developers,detailed,290,1.7,,,0.01,1,47.94,99720,0.3,33.02,38.7,47.5,54.72,64.62,68680,80500,98800,113810,134410,,
99,U.S.,1,US,622000,Hospitals,"3-digit, ownership",5,15-1255,Web and Digital Interface Designers,detailed,310,1.1,,,0.01,1,48.84,101590,0.3,30.72,35.28,44.51,58.28,71.8,63900,73370,92590,121220,149340,,
99,U.S.,1,US,622000,Hospitals,"3-digit, ownership",5,15-1290,Miscellaneous Computer Occupations,broad,3510,0.6,,,0.06,8,47.37,98520,0.3,24.82,34.06,45.51,59.58,74.29,51620,70840,94660,123920,154520,,
99,U.S.,1,US,622000,Hospitals,"3-digit, ownership",5,15-1299,"Computer Occupations, All Other",detailed,3510,0.6,,,0.06,8,47.37,98520,0.3,24.82,34.06,45.51,59.58,74.29,51620,70840,94660,123920,154520,,
99,U.S.,1,US,622000,Hospitals,"3-digit, ownership",5,15-2000,Mathematical Science Occupations,minor,8830,0.7,,,0.16,13,45.49,94610,0.2,27.8,34.22,43.25,53.02,64.58,57830,71180,89950,110280,134330,,
99,U.S.,1,US,622000,Hospitals,"3-digit, ownership",5,15-2010,Actuaries,broad,60,9.2,,,0,~,37.18,77330,1.1,30.12,30.56,35.05,35.76,61.38,62650,63570,72900,74380,127670,,
99,U.S.,1,US,622000,Hospitals,"3-digit, ownership",5,15-2011,Actuaries,detailed,60,9.2,,,0,~,37.18,77330,1.1,30.12,30.56,35.05,35.76,61.38,62650,63570,72900,74380,127670,,
99,U.S.,1,US,622000,Hospitals,"3-digit, ownership",5,15-2030,Operations Research Analysts,broad,1740,0.7,,,0.03,3,39.5,82150,0.2,22.23,30.21,38.36,47.87,54.5,46240,62840,79800,99570,113360,,
99,U.S.,1,US,622000,Hospitals,"3-digit, ownership",5,15-2031,Operations Research Analysts,detailed,1740,0.7,,,0.03,3,39.5,82150,0.2,22.23,30.21,38.36,47.87,54.5,46240,62840,79800,99570,113360,,
99,U.S.,1,US,622000,Hospitals,"3-digit, ownership",5,15-2040,Statisticians,broad,1460,1.5,,,0.03,3,49.63,103220,0.2,31.03,37.95,47.87,59.86,74.66,64540,78930,99570,124510,155290,,
99,U.S.,1,US,622000,Hospitals,"3-digit, ownership",5,15-2041,Statisticians,detailed,1460,1.5,,,0.03,3,49.63,103220,0.2,31.03,37.95,47.87,59.86,74.66,64540,78930,99570,124510,155290,,
99,U.S.,1,US,622000,Hospitals,"3-digit, ownership",5,15-2050,Data Scientists,broad,5540,0.6,,,0.1,10,46.45,96610,0.2,28.33,34.95,44.99,55.59,64.94,58920,72700,93570,115630,135070,,
99,U.S.,1,US,622000,Hospitals,"3-digit, ownership",5,15-2051,Data Scientists,detailed,5540,0.6,,,0.1,10,46.45,96610,0.2,28.33,34.95,44.99,55.59,64.94,58920,72700,93570,115630,135070,,
99,U.S.,1,US,622000,Hospitals,"3-digit, ownership",5,15-2090,Miscellaneous Mathematical Science Occupations,broad,50,3,,,0,~,33.99,70710,1.5,21.82,29.88,34.48,37.65,44.19,45380,62140,71720,78310,91920,,
99,U.S.,1,US,622000,Hospitals,"3-digit, ownership",5,15-2099,"Mathematical Science Occupations, All Other",detailed,50,3,,,0,~,33.99,70710,1.5,21.82,29.88,34.48,37.65,44.19,45380,62140,71720,78310,91920,,
99,U.S.,1,US,622000,Hospitals,"3-digit, ownership",5,17-0000,Architecture and Engineering Occupations,major,3050,1,,,0.06,6,43.67,90840,0.3,27.95,34.13,40.55,50.25,62.09,58130,71000,84350,104510,129140,,
99,U.S.,1,US,622000,Hospitals,"3-digit, ownership",5,17-1000,"Architects, Surveyors, and Cartographers",minor,70,3.4,,,0,~,62.69,130390,0.5,42.94,50.23,61.18,77.3,86.04,89300,104480,127250,160790,178970,,
99,U.S.,1,US,622000,Hospitals,"3-digit, ownership",5,17-1010,"Architects, Except Naval",broad,70,3.4,,,0,~,62.69,130390,0.5,42.94,50.23,61.18,77.3,86.04,89300,104480,127250,160790,178970,,
99,U.S.,1,US,622000,Hospitals,"3-digit, ownership",5,17-1011,"Architects, Except Landscape and Naval",detailed,70,3.4,,,0,~,62.69,130390,0.5,42.94,50.23,61.18,77.3,86.04,89300,104480,127250,160790,178970,,
99,U.S.,1,US,622000,Hospitals,"3-digit, ownership",5,17-2000,Engineers,minor,2450,1.3,,,0.05,6,45.53,94710,0.4,30.23,36.93,42.53,51.42,62.87,62890,76820,88460,106950,130770,,
99,U.S.,1,US,622000,Hospitals,"3-digit, ownership",5,17-2030,Bioengineers and Biomedical Engineers,broad,1230,2.6,,,0.02,3,46.29,96270,0.6,29.32,37.1,44.29,51.28,63.38,60990,77170,92130,106660,131830,,
99,U.S.,1,US,622000,Hospitals,"3-digit, ownership",5,17-2031,Bioengineers and Biomedical Engineers,detailed,1230,2.6,,,0.02,3,46.29,96270,0.6,29.32,37.1,44.29,51.28,63.38,60990,77170,92130,106660,131830,,
99,U.S.,1,US,622000,Hospitals,"3-digit, ownership",5,17-2050,Civil Engineers,broad,130,5.4,,,0,~,46.71,97150,0.3,33.56,36.96,43.6,54.59,63.14,69800,76870,90690,113540,131320,,
99,U.S.,1,US,622000,Hospitals,"3-digit, ownership",5,17-2051,Civil Engineers,detailed,130,5.4,,,0,~,46.71,97150,0.3,33.56,36.96,43.6,54.59,63.14,69800,76870,90690,113540,131320,,
99,U.S.,1,US,622000,Hospitals,"3-digit, ownership",5,17-2060,Computer Hardware Engineers,broad,30,1.3,,,0,~,58.65,122000,0.4,43.14,47.17,56.28,68.76,70.25,89730,98110,117060,143020,146120,,
99,U.S.,1,US,622000,Hospitals,"3-digit, ownership",5,17-2061,Computer Hardware Engineers,detailed,30,1.3,,,0,~,58.65,122000,0.4,43.14,47.17,56.28,68.76,70.25,89730,98110,117060,143020,146120,,
99,U.S.,1,US,622000,Hospitals,"3-digit, ownership",5,17-2070,Electrical and Electronics Engineers,broad,310,0.3,,,0.01,1,42.99,89420,0.3,32.57,37.69,40.19,42.94,57.91,67750,78390,83600,89320,120460,,
99,U.S.,1,US,622000,Hospitals,"3-digit, ownership",5,17-2071,Electrical Engineers,detailed,230,1.4,,,0,~,42.75,88920,0.3,36.37,38.13,40.09,42.54,57.91,75660,79300,83390,88480,120460,,
99,U.S.,1,US,622000,Hospitals,"3-digit, ownership",5,17-2072,"Electronics Engineers, Except Computer",detailed,80,2.9,,,0,~,43.71,90910,0.7,30.97,33.75,41.6,52.18,57.97,64410,70190,86520,108540,120590,,
99,U.S.,1,US,622000,Hospitals,"3-digit, ownership",5,17-2110,"Industrial Engineers, Including Health and Safety",broad,240,1.8,,,0,1,48.3,100470,0.9,31.7,40.08,44.43,55.38,70.09,65940,83360,92410,115180,145780,,
99,U.S.,1,US,622000,Hospitals,"3-digit, ownership",5,17-2111,"Health and Safety Engineers, Except Mining Safety Engineers and Inspectors",detailed,130,2.2,,,0,~,48.53,100940,1.5,29.22,40.08,40.55,55.38,78.45,60770,83360,84340,115180,163180,,
99,U.S.,1,US,622000,Hospitals,"3-digit, ownership",5,17-2112,Industrial Engineers,detailed,110,1.3,,,0,~,48.03,99900,0.4,36.52,39.59,47.7,54.79,61.3,75960,82350,99210,113970,127500,,
99,U.S.,1,US,622000,Hospitals,"3-digit, ownership",5,17-2140,Mechanical Engineers,broad,200,0.2,,,0,1,40.39,84000,1,29.88,31.13,37.61,44.07,60.25,62140,64740,78220,91660,125310,,
99,U.S.,1,US,622000,Hospitals,"3-digit, ownership",5,17-2141,Mechanical Engineers,detailed,200,0.2,,,0,1,40.39,84000,1,29.88,31.13,37.61,44.07,60.25,62140,64740,78220,91660,125310,,
99,U.S.,1,US,622000,Hospitals,"3-digit, ownership",5,17-2190,Miscellaneous Engineers,broad,300,1.8,,,0.01,1,43.66,90810,0.4,26.85,32.23,40.93,53.61,61.67,55850,67030,85130,111520,128270,,
99,U.S.,1,US,622000,Hospitals,"3-digit, ownership",5,17-2199,"Engineers, All Other",detailed,300,1.8,,,0.01,1,43.66,90810,0.4,26.85,32.23,40.93,53.61,61.67,55850,67030,85130,111520,128270,,
99,U.S.,1,US,622000,Hospitals,"3-digit, ownership",5,17-3000,"Drafters, Engineering Technicians, and Mapping Technicians",minor,530,0.6,,,0.01,1,32.53,67660,0.3,16.79,24.4,32.59,38.6,46.61,34910,50760,67790,80290,96940,,
99,U.S.,1,US,622000,Hospitals,"3-digit, ownership",5,17-3010,Drafters,broad,40,12.5,,,0,~,33.67,70020,4.7,26,29.39,32.68,36.49,41.42,54090,61130,67970,75900,86160,,
99,U.S.,1,US,622000,Hospitals,"3-digit, ownership",5,17-3020,"Engineering Technologists and Technicians, Except Drafters",broad,490,0.4,,,0.01,1,32.44,67470,0.4,16.28,24.11,32.59,39.01,46.61,33870,50150,67790,81150,96940,,
99,U.S.,1,US,622000,Hospitals,"3-digit, ownership",5,17-3023,Electrical and Electronic Engineering Technologists and Technicians,detailed,100,2.3,,,0,~,28.46,59210,0.5,19.22,19.55,24.11,33.72,45.7,39980,40660,50150,70150,95050,,
99,U.S.,1,US,622000,Hospitals,"3-digit, ownership",5,17-3024,Electro-Mechanical and Mechatronics Technologists and Technicians,detailed,30,4.3,,,0,~,36.7,76340,1.5,25.84,29.66,39.01,42.55,46.24,53750,61680,81150,88500,96190,,
99,U.S.,1,US,622000,Hospitals,"3-digit, ownership",5,17-3027,Mechanical Engineering Technologists and Technicians,detailed,30,3.7,,,0,~,33.98,70670,0.6,25.01,28.26,29.81,32.95,37.41,52020,58780,62010,68540,77810,,
99,U.S.,1,US,622000,Hospitals,"3-digit, ownership",5,17-3029,"Engineering Technologists and Technicians, Except Drafters, All Other",detailed,210,1.5,,,0,1,35.57,73980,0.3,24.91,31.19,35.31,40.4,46.63,51800,64880,73450,84040,96990,,
99,U.S.,1,US,622000,Hospitals,"3-digit, ownership",5,19-0000,"Life, Physical, and Social Science Occupations",major,57520,0.1,,,1.06,28,46.38,96480,0.4,23.31,31.15,39.42,55.76,74.01,48490,64800,81990,115970,153930,,
99,U.S.,1,US,622000,Hospitals,"3-digit, ownership",5,19-1000,Life Scientists,minor,35320,0.1,,,0.65,16,48.74,101390,0.4,30.4,37.65,43.72,60.53,70.87,63230,78320,90940,125900,147420,,
99,U.S.,1,US,622000,Hospitals,"3-digit, ownership",5,19-1020,Biological Scientists,broad,880,1.5,,,0.02,2,49.53,103020,0.6,29.79,35.38,43.84,54.75,75.16,61960,73600,91180,113880,156330,,
99,U.S.,1,US,622000,Hospitals,"3-digit, ownership",5,19-1021,Biochemists and Biophysicists,detailed,70,7,,,0,~,*,*,*,*,*,*,*,*,*,*,*,*,*,,
99,U.S.,1,US,622000,Hospitals,"3-digit, ownership",5,19-1022,Microbiologists,detailed,300,1.6,,,0.01,1,51.3,106690,0.5,37.84,41.44,48.02,59.98,67.22,78710,86200,99890,124760,139820,,
99,U.S.,1,US,622000,Hospitals,"3-digit, ownership",5,19-1029,"Biological Scientists, All Other",detailed,500,0.8,,,0.01,1,46.36,96440,1.2,29.42,32.6,38.84,48.98,64.57,61190,67810,80780,101880,134310,,
99,U.S.,1,US,622000,Hospitals,"3-digit, ownership",5,19-1040,Medical Scientists,broad,34280,0.1,,,0.63,15,48.76,101430,0.4,30.59,37.65,43.83,60.58,70.63,63630,78320,91170,126010,146910,,
99,U.S.,1,US,622000,Hospitals,"3-digit, ownership",5,19-1041,Epidemiologists,detailed,1000,0.6,,,0.02,4,52.52,109230,0.4,37.1,41.24,47.57,56.37,74.83,77170,85790,98940,117250,155650,,
99,U.S.,1,US,622000,Hospitals,"3-digit, ownership",5,19-1042,"Medical Scientists, Except Epidemiologists",detailed,33280,0.1,,,0.62,14,48.65,101190,0.4,30.43,37.65,43.11,60.96,69.64,63300,78320,89660,126790,144840,,
99,U.S.,1,US,622000,Hospitals,"3-digit, ownership",5,19-1090,Miscellaneous Life Scientists,broad,150,0.9,,,0,~,40.08,83360,0.5,19.7,24.9,29.92,40.04,84.29,40980,51790,62230,83290,175330,,
99,U.S.,1,US,622000,Hospitals,"3-digit, ownership",5,19-1099,"Life Scientists, All Other",detailed,150,0.9,,,0,~,40.08,83360,0.5,19.7,24.9,29.92,40.04,84.29,40980,51790,62230,83290,175330,,
99,U.S.,1,US,622000,Hospitals,"3-digit, ownership",5,19-2000,Physical Scientists,minor,2000,0.9,,,0.04,5,94.49,196540,0.7,37.93,65.37,102.43,#,#,78890,135960,213050,#,#,,
99,U.S.,1,US,622000,Hospitals,"3-digit, ownership",5,19-2010,Astronomers and Physicists,broad,1610,1.3,,,0.03,5,106.92,222390,0.6,62.39,90.58,106.92,#,#,129780,188400,222390,#,#,,
99,U.S.,1,US,622000,Hospitals,"3-digit, ownership",5,19-2012,Physicists,detailed,1610,1.3,,,0.03,5,106.92,222390,0.6,62.39,90.58,106.92,#,#,129780,188400,222390,#,#,,
99,U.S.,1,US,622000,Hospitals,"3-digit, ownership",5,19-2030,Chemists and Materials Scientists,broad,170,3.3,,,0,1,45.6,94840,0.5,35.98,37.34,41.95,48.71,60.8,74840,77670,87250,101310,126470,,
99,U.S.,1,US,622000,Hospitals,"3-digit, ownership",5,19-2031,Chemists,detailed,170,3.3,,,0,1,45.6,94840,0.5,35.98,37.34,41.95,48.71,60.8,74840,77670,87250,101310,126470,,
99,U.S.,1,US,622000,Hospitals,"3-digit, ownership",5,19-3000,Social Scientists and Related Workers,minor,7550,0.3,,,0.14,12,46.83,97400,0.5,26.17,29.78,40.06,60.42,72.62,54430,61940,83320,125670,151050,,
99,U.S.,1,US,622000,Hospitals,"3-digit, ownership",5,19-3030,Psychologists,broad,7360,0.4,,,0.14,11,47.12,98020,0.5,27.13,29.92,40.64,60.73,73.19,56440,62240,84530,126330,152230,,
99,U.S.,1,US,622000,Hospitals,"3-digit, ownership",5,19-3033,Clinical and Counseling Psychologists,detailed,5080,0.3,,,0.09,10,50.48,105000,0.4,26.01,35.3,49.51,62.13,76.05,54100,73430,102980,129220,158190,,
99,U.S.,1,US,622000,Hospitals,"3-digit, ownership",5,19-3034,School Psychologists,detailed,50,1.1,,,0,~,38.16,79370,2.2,21.37,22.3,30.17,48.55,64.45,44460,46380,62750,100970,134050,,
99,U.S.,1,US,622000,Hospitals,"3-digit, ownership",5,19-3039,"Psychologists, All Other",detailed,2230,0.5,,,0.04,3,39.71,82590,1,28.45,29.66,38.15,39.84,63.99,59170,61700,79340,82870,133090,,
99,U.S.,1,US,622000,Hospitals,"3-digit, ownership",5,19-3090,Miscellaneous Social Scientists and Related Workers,broad,150,4.3,,,0,~,33.85,70420,1,18.77,21.44,29.98,45.51,57.29,39030,44600,62360,94650,119170,,
99,U.S.,1,US,622000,Hospitals,"3-digit, ownership",5,19-3099,"Social Scientists and Related Workers, All Other",detailed,150,4.3,,,0,~,33.22,69100,1.2,18.77,21.63,29.02,39.15,50.62,39030,44990,60360,81440,105290,,
99,U.S.,1,US,622000,Hospitals,"3-digit, ownership",5,19-4000,"Life, Physical, and Social Science Technicians",minor,8990,0.2,,,0.17,6,27.66,57540,0.4,19.07,22.25,23.66,30.94,39.15,39670,46280,49220,64350,81420,,
99,U.S.,1,US,622000,Hospitals,"3-digit, ownership",5,19-4020,Biological Technicians,broad,5420,0.2,,,0.1,3,26.67,55470,0.4,19.07,21.84,23.31,29.84,39.15,39670,45430,48490,62060,81420,,
99,U.S.,1,US,622000,Hospitals,"3-digit, ownership",5,19-4021,Biological Technicians,detailed,5420,0.2,,,0.1,3,26.67,55470,0.4,19.07,21.84,23.31,29.84,39.15,39670,45430,48490,62060,81420,,
99,U.S.,1,US,622000,Hospitals,"3-digit, ownership",5,19-4030,Chemical Technicians,broad,80,3.8,,,0,~,25.5,53040,0.7,19.8,23.72,24.61,28.9,30.33,41180,49340,51190,60110,63080,,
99,U.S.,1,US,622000,Hospitals,"3-digit, ownership",5,19-4031,Chemical Technicians,detailed,80,3.8,,,0,~,25.5,53040,0.7,19.8,23.72,24.61,28.9,30.33,41180,49340,51190,60110,63080,,
99,U.S.,1,US,622000,Hospitals,"3-digit, ownership",5,19-4040,Environmental Science and Geoscience Technicians,broad,310,1.8,,,0.01,~,21.18,44060,1.2,14.06,18.08,19.09,21.86,32.36,29250,37610,39700,45460,67310,,
99,U.S.,1,US,622000,Hospitals,"3-digit, ownership",5,19-4042,"Environmental Science and Protection Technicians, Including Health",detailed,310,1.8,,,0.01,~,21.18,44060,1.2,14.06,18.08,19.09,21.86,32.36,29250,37610,39700,45460,67310,,
99,U.S.,1,US,622000,Hospitals,"3-digit, ownership",5,19-4050,Nuclear Technicians,broad,90,2.2,,,0,~,36.52,75960,2.2,18.49,18.69,37.26,47.23,54.62,38470,38880,77490,98240,113610,,
99,U.S.,1,US,622000,Hospitals,"3-digit, ownership",5,19-4051,Nuclear Technicians,detailed,90,2.2,,,0,~,36.52,75960,2.2,18.49,18.69,37.26,47.23,54.62,38470,38880,77490,98240,113610,,
99,U.S.,1,US,622000,Hospitals,"3-digit, ownership",5,19-4060,Social Science Research Assistants,broad,1490,0.1,,,0.03,1,28.12,58490,0.6,20.28,22.76,25.36,31.26,39.62,42180,47340,52750,65010,82410,,
99,U.S.,1,US,622000,Hospitals,"3-digit, ownership",5,19-4061,Social Science Research Assistants,detailed,1490,0.1,,,0.03,1,28.12,58490,0.6,20.28,22.76,25.36,31.26,39.62,42180,47340,52750,65010,82410,,
99,U.S.,1,US,622000,Hospitals,"3-digit, ownership",5,19-4090,"Miscellaneous Life, Physical, and Social Science Technicians",broad,1610,0.8,,,0.03,3,31.4,65300,0.5,19.38,23.73,28.69,37.97,47.62,40310,49350,59680,78980,99050,,
99,U.S.,1,US,622000,Hospitals,"3-digit, ownership",5,19-4099,"Life, Physical, and Social Science Technicians, All Other",detailed,1600,0.9,,,0.03,3,31.33,65160,0.5,19.38,23.68,28.63,37.97,47.69,40310,49250,59540,78980,99200,,
99,U.S.,1,US,622000,Hospitals,"3-digit, ownership",5,19-5000,Occupational Health and Safety Specialists and Technicians,minor,3660,0.3,,,0.07,10,42.4,88190,0.3,17.01,29.81,41.28,51.86,65.27,35380,62000,85860,107860,135770,,
99,U.S.,1,US,622000,Hospitals,"3-digit, ownership",5,19-5010,Occupational Health and Safety Specialists and Technicians,broad,3660,0.3,,,0.07,10,42.4,88190,0.3,17.01,29.81,41.28,51.86,65.27,35380,62000,85860,107860,135770,,
99,U.S.,1,US,622000,Hospitals,"3-digit, ownership",5,19-5011,Occupational Health and Safety Specialists,detailed,3010,0.2,,,0.06,9,44.76,93100,0.3,16.98,32.88,45.71,53.86,66.11,35320,68390,95070,112020,137520,,
99,U.S.,1,US,622000,Hospitals,"3-digit, ownership",5,19-5012,Occupational Health and Safety Technicians,detailed,650,0.9,,,0.01,2,31.43,65370,0.4,17.02,21.04,29.68,37.05,47.53,35400,43770,61740,77050,98850,,
99,U.S.,1,US,622000,Hospitals,"3-digit, ownership",5,21-0000,Community and Social Service Occupations,major,123110,0.1,,,2.27,45,34.44,71640,0.3,20.38,25.89,33.23,40.69,48.84,42390,53850,69110,84640,101580,,
99,U.S.,1,US,622000,Hospitals,"3-digit, ownership",5,21-1000,"Counselors, Social Workers, and Other Community and Social Service Specialists",minor,114460,0.1,,,2.11,45,34.62,72000,0.3,20.25,25.79,33.51,41.08,49.14,42110,53640,69710,85440,102210,,
99,U.S.,1,US,622000,Hospitals,"3-digit, ownership",5,21-1010,Counselors,broad,33350,0.2,,,0.62,24,30.24,62900,0.4,18.55,22.5,29.39,36.81,42.8,38580,46790,61120,76570,89020,,
99,U.S.,1,US,622000,Hospitals,"3-digit, ownership",5,21-1012,"Educational, Guidance, and Career Counselors and Advisors",detailed,230,1.2,,,0,1,33.59,69860,1,21.17,25.37,29.52,41.09,48.24,44040,52780,61400,85470,100340,,
99,U.S.,1,US,622000,Hospitals,"3-digit, ownership",5,21-1013,Marriage and Family Therapists,detailed,1090,0.9,,,0.02,2,38.38,79830,0.4,25.71,30.75,37.38,44.05,54.87,53470,63950,77750,91610,114130,,
99,U.S.,1,US,622000,Hospitals,"3-digit, ownership",5,21-1015,Rehabilitation Counselors,detailed,2570,0.8,,,0.05,4,27.78,57780,0.5,18.19,18.6,22.63,36.1,47.09,37840,38680,47060,75080,97950,,
99,U.S.,1,US,622000,Hospitals,"3-digit, ownership",5,21-1018,"Substance Abuse, Behavioral Disorder, and Mental Health Counselors",detailed,28750,0.3,,,0.53,21,30.08,62560,0.3,18.41,22.74,29.44,36.39,41.97,38300,47300,61240,75680,87300,,
99,U.S.,1,US,622000,Hospitals,"3-digit, ownership",5,21-1019,"Counselors, All Other",detailed,720,0.2,,,0.01,2,32.12,66800,0.9,19.9,25.63,30.85,38.66,43.17,41390,53300,64170,80420,89790,,
99,U.S.,1,US,622000,Hospitals,"3-digit, ownership",5,21-1020,Social Workers,broad,59470,0.1,,,1.1,38,37.89,78820,0.3,24.38,30.51,37.16,44.07,50.83,50720,63460,77290,91670,105720,,
99,U.S.,1,US,622000,Hospitals,"3-digit, ownership",5,21-1021,"Child, Family, and School Social Workers",detailed,3480,0.5,,,0.06,5,33.63,69940,0.4,22.35,26.22,31.79,38.95,47.53,46490,54550,66120,81020,98860,,
99,U.S.,1,US,622000,Hospitals,"3-digit, ownership",5,21-1022,Healthcare Social Workers,detailed,44080,0.1,,,0.81,34,39.31,81770,0.3,28.26,32.08,37.93,45.5,51.33,58770,66730,78900,94640,106760,,
99,U.S.,1,US,622000,Hospitals,"3-digit, ownership",5,21-1023,Mental Health and Substance Abuse Social Workers,detailed,11270,0.4,,,0.21,12,33.86,70420,0.3,19.68,23.92,32.35,40.15,48.96,40930,49740,67280,83500,101840,,
99,U.S.,1,US,622000,Hospitals,"3-digit, ownership",5,21-1029,"Social Workers, All Other",detailed,630,1.7,,,0.01,1,34.34,71420,0.5,22.91,24.22,31.58,42.19,51.62,47650,50370,65680,87760,107370,,
99,U.S.,1,US,622000,Hospitals,"3-digit, ownership",5,21-1090,Miscellaneous Community and Social Service Specialists,broad,21640,0.2,,,0.4,25,32.36,67300,0.3,18.4,22.36,29.02,39.96,50.56,38260,46500,60360,83110,105170,,
99,U.S.,1,US,622000,Hospitals,"3-digit, ownership",5,21-1091,Health Education Specialists,detailed,8210,0.1,,,0.15,15,41.58,86490,0.3,24.29,31.59,40.55,49.57,58.11,50520,65700,84340,103100,120880,,
99,U.S.,1,US,622000,Hospitals,"3-digit, ownership",5,21-1093,Social and Human Service Assistants,detailed,8060,0.3,,,0.15,11,24.45,50860,0.4,17.37,18.96,22.81,28.26,34.85,36130,39440,47430,58790,72490,,
99,U.S.,1,US,622000,Hospitals,"3-digit, ownership",5,21-1094,Community Health Workers,detailed,4290,0.4,,,0.08,9,29.36,61060,0.3,19.16,22.51,26.75,33.23,42,39850,46820,55640,69110,87360,,
99,U.S.,1,US,622000,Hospitals,"3-digit, ownership",5,21-1099,"Community and Social Service Specialists, All Other",detailed,1030,1.5,,,0.02,3,32.38,67350,0.4,20.14,23.87,30.91,37.92,47.16,41880,49650,64280,78870,98100,,
99,U.S.,1,US,622000,Hospitals,"3-digit, ownership",5,21-2000,Religious Workers,minor,8650,0.2,,,0.16,15,32.16,66900,0.4,21.41,26.69,30.89,36.31,43.26,44530,55510,64240,75520,89970,,
99,U.S.,1,US,622000,Hospitals,"3-digit, ownership",5,21-2010,Clergy,broad,8240,0.2,,,0.15,15,31.61,65750,0.3,21.39,26.59,30.67,35.8,41.26,44480,55310,63790,74460,85820,,
99,U.S.,1,US,622000,Hospitals,"3-digit, ownership",5,21-2011,Clergy,detailed,8240,0.2,,,0.15,15,31.61,65750,0.3,21.39,26.59,30.67,35.8,41.26,44480,55310,63790,74460,85820,,
99,U.S.,1,US,622000,Hospitals,"3-digit, ownership",5,21-2020,"Directors, Religious Activities and Education",broad,250,2.1,,,0,1,49.13,102190,1.8,29.15,39.29,48.74,59.62,65.95,60630,81730,101380,124010,137180,,
99,U.S.,1,US,622000,Hospitals,"3-digit, ownership",5,21-2021,"Directors, Religious Activities and Education",detailed,250,2.1,,,0,1,49.13,102190,1.8,29.15,39.29,48.74,59.62,65.95,60630,81730,101380,124010,137180,,
99,U.S.,1,US,622000,Hospitals,"3-digit, ownership",5,21-2090,Miscellaneous Religious Workers,broad,170,6.1,,,0,1,34.52,71800,1.3,19.46,23.42,31.72,42.73,58.73,40470,48710,65970,88880,122150,,
99,U.S.,1,US,622000,Hospitals,"3-digit, ownership",5,21-2099,"Religious Workers, All Other",detailed,170,6.1,,,0,1,34.52,71800,1.3,19.46,23.42,31.72,42.73,58.73,40470,48710,65970,88880,122150,,
99,U.S.,1,US,622000,Hospitals,"3-digit, ownership",5,23-0000,Legal Occupations,major,1600,1.6,,,0.03,4,87.49,181980,1,30.25,41.08,79.5,112.31,#,62910,85450,165350,233600,#,,
99,U.S.,1,US,622000,Hospitals,"3-digit, ownership",5,23-1000,"Lawyers, Judges, and Related Workers",minor,1100,1.2,,,0.02,3,109.78,228340,0.9,51.79,77.4,103.74,#,#,107720,160980,215780,#,#,,
99,U.S.,1,US,622000,Hospitals,"3-digit, ownership",5,23-1010,Lawyers and Judicial Law Clerks,broad,1060,0.7,,,0.02,3,110.96,230800,0.9,51.71,78.78,104.97,#,#,107570,163860,218340,#,#,,
99,U.S.,1,US,622000,Hospitals,"3-digit, ownership",5,23-1011,Lawyers,detailed,1060,0.7,,,0.02,3,110.96,230800,0.9,51.71,78.78,104.97,#,#,107570,163860,218340,#,#,,
99,U.S.,1,US,622000,Hospitals,"3-digit, ownership",5,23-1020,"Judges, Magistrates, and Other Judicial Workers",broad,40,14.4,,,0,~,76.67,159470,2.6,69.03,74.12,77.77,82.31,92.62,143570,154160,161770,171200,192640,,
99,U.S.,1,US,622000,Hospitals,"3-digit, ownership",5,23-1022,"Arbitrators, Mediators, and Conciliators",detailed,40,14.4,,,0,~,76.67,159470,2.6,69.03,74.12,77.77,82.31,92.62,143570,154160,161770,171200,192640,,
99,U.S.,1,US,622000,Hospitals,"3-digit, ownership",5,23-2000,Legal Support Workers,minor,490,2.5,,,0.01,2,37.84,78700,0.9,25.17,30.18,36.72,44.58,50.22,52360,62770,76390,92720,104460,,
99,U.S.,1,US,622000,Hospitals,"3-digit, ownership",5,23-2010,Paralegals and Legal Assistants,broad,430,1.9,,,0.01,2,38.71,80520,0.9,27.29,31.56,37.28,45.01,49.75,56770,65650,77530,93620,103480,,
99,U.S.,1,US,622000,Hospitals,"3-digit, ownership",5,23-2011,Paralegals and Legal Assistants,detailed,430,1.9,,,0.01,2,38.71,80520,0.9,27.29,31.56,37.28,45.01,49.75,56770,65650,77530,93620,103480,,
99,U.S.,1,US,622000,Hospitals,"3-digit, ownership",5,23-2090,Miscellaneous Legal Support Workers,broad,60,6.5,,,0,~,31.48,65480,2.2,20.88,24.13,26.09,41.08,50.22,43430,50200,54270,85450,104460,,
99,U.S.,1,US,622000,Hospitals,"3-digit, ownership",5,23-2093,"Title Examiners, Abstractors, and Searchers",detailed,30,7,,,0,~,27.72,57660,2.4,22.08,24.52,26.09,27.5,30.45,45920,51010,54270,57200,63330,,
99,U.S.,1,US,622000,Hospitals,"3-digit, ownership",5,25-0000,Educational Instruction and Library Occupations,major,14590,0.3,,,0.27,10,56.99,118530,1.6,18.87,28.27,39.02,75.32,#,39250,58800,81170,156660,#,,
99,U.S.,1,US,622000,Hospitals,"3-digit, ownership",5,25-1000,Postsecondary Teachers,minor,9100,0.6,,,0.17,4,*,154690,1.8,*,*,*,*,*,61220,78700,126830,208130,#,TRUE,
99,U.S.,1,US,622000,Hospitals,"3-digit, ownership",5,25-1070,"Health Teachers, Postsecondary",broad,8950,0.6,,,0.17,4,*,155330,1.8,*,*,*,*,*,61220,78720,126850,208130,#,TRUE,
99,U.S.,1,US,622000,Hospitals,"3-digit, ownership",5,25-1071,"Health Specialties Teachers, Postsecondary",detailed,6480,0.7,,,0.12,2,*,173250,2.2,*,*,*,*,*,61030,73280,163430,#,#,TRUE,
99,U.S.,1,US,622000,Hospitals,"3-digit, ownership",5,25-1072,"Nursing Instructors and Teachers, Postsecondary",detailed,2470,0.3,,,0.05,3,*,108360,0.5,*,*,*,*,*,71680,83960,100970,129570,153940,TRUE,
99,U.S.,1,US,622000,Hospitals,"3-digit, ownership",5,25-1190,Miscellaneous Postsecondary Teachers,broad,60,18.5,,,0,~,*,66580,6.5,*,*,*,*,*,45840,45840,65620,83870,93080,TRUE,
99,U.S.,1,US,622000,Hospitals,"3-digit, ownership",5,25-1199,"Postsecondary Teachers, All Other",detailed,50,21.6,,,0,~,*,65230,8.3,*,*,*,*,*,45840,45840,48520,83870,93080,TRUE,
99,U.S.,1,US,622000,Hospitals,"3-digit, ownership",5,25-2000,"Preschool, Elementary, Middle, Secondary, and Special Education Teachers",minor,1880,0.6,,,0.03,3,*,52470,0.4,*,*,*,*,*,36270,38080,47500,59400,74690,TRUE,
99,U.S.,1,US,622000,Hospitals,"3-digit, ownership",5,25-2010,Preschool and Kindergarten Teachers,broad,1280,0.4,,,0.02,2,21.42,44550,0.4,17.05,17.9,19.99,24.37,28.1,35460,37230,41580,50680,58440,,
99,U.S.,1,US,622000,Hospitals,"3-digit, ownership",5,25-2011,"Preschool Teachers, Except Special Education",detailed,1260,0.4,,,0.02,2,21.42,44550,0.4,17.04,17.9,19.69,24.39,28.1,35450,37230,40960,50730,58440,,
99,U.S.,1,US,622000,Hospitals,"3-digit, ownership",5,25-2030,Secondary School Teachers,broad,70,3.6,,,0,~,*,56280,0.5,*,*,*,*,*,43270,45140,59570,61910,69400,TRUE,
99,U.S.,1,US,622000,Hospitals,"3-digit, ownership",5,25-2031,"Secondary School Teachers, Except Special and Career/Technical Education",detailed,70,3.6,,,0,~,*,56280,0.5,*,*,*,*,*,43270,45140,59570,61910,69400,TRUE,
99,U.S.,1,US,622000,Hospitals,"3-digit, ownership",5,25-2050,Special Education Teachers,broad,520,0.9,,,0.01,1,*,71160,0.5,*,*,*,*,*,48410,58840,65910,77160,94490,TRUE,
99,U.S.,1,US,622000,Hospitals,"3-digit, ownership",5,25-2051,"Special Education Teachers, Preschool",detailed,70,0.6,,,0,~,*,91940,1,*,*,*,*,*,64350,66790,83880,112220,134960,TRUE,
99,U.S.,1,US,622000,Hospitals,"3-digit, ownership",5,25-2052,"Special Education Teachers, Kindergarten and Elementary School",detailed,90,0.8,,,0,~,*,63280,1.4,*,*,*,*,*,46340,52670,63080,76350,77160,TRUE,
99,U.S.,1,US,622000,Hospitals,"3-digit, ownership",5,25-2058,"Special Education Teachers, Secondary School",detailed,50,2.2,,,0,~,*,66970,2,*,*,*,*,*,47810,59310,63990,73420,78210,TRUE,
99,U.S.,1,US,622000,Hospitals,"3-digit, ownership",5,25-2059,"Special Education Teachers, All Other",detailed,290,1.2,,,0.01,~,*,69290,0.6,*,*,*,*,*,49610,58180,62180,75650,91650,TRUE,
99,U.S.,1,US,622000,Hospitals,"3-digit, ownership",5,25-3000,Other Teachers and Instructors,minor,1120,0.6,,,0.02,2,26.57,55260,0.8,17.7,18.59,23.24,36.28,37.23,36810,38670,48340,75470,77440,,
99,U.S.,1,US,622000,Hospitals,"3-digit, ownership",5,25-3020,Self-Enrichment Teachers,broad,180,1.5,,,0,1,27.38,56950,0.3,12.18,19.76,24,30.09,44.94,25330,41110,49910,62590,93470,,
99,U.S.,1,US,622000,Hospitals,"3-digit, ownership",5,25-3021,Self-Enrichment Teachers,detailed,180,1.5,,,0,1,27.38,56950,0.3,12.18,19.76,24,30.09,44.94,25330,41110,49910,62590,93470,,
99,U.S.,1,US,622000,Hospitals,"3-digit, ownership",5,25-3030,"Substitute Teachers, Short-Term",broad,40,0.8,,,0,~,26.86,55860,1.7,18.03,22.08,30,31.96,31.98,37500,45920,62400,66470,66530,,
99,U.S.,1,US,622000,Hospitals,"3-digit, ownership",5,25-3031,"Substitute Teachers, Short-Term",detailed,40,0.8,,,0,~,26.86,55860,1.7,18.03,22.08,30,31.96,31.98,37500,45920,62400,66470,66530,,
99,U.S.,1,US,622000,Hospitals,"3-digit, ownership",5,25-3040,Tutors,broad,190,1.1,,,0,~,20.78,43220,0.3,17.73,18,18,21.28,27.5,36870,37440,37440,44260,57190,,
99,U.S.,1,US,622000,Hospitals,"3-digit, ownership",5,25-3041,Tutors,detailed,190,1.1,,,0,~,20.78,43220,0.3,17.73,18,18,21.28,27.5,36870,37440,37440,44260,57190,,
99,U.S.,1,US,622000,Hospitals,"3-digit, ownership",5,25-3090,Miscellaneous Teachers and Instructors,broad,700,0.3,,,0.01,1,*,58070,1.1,*,*,*,*,*,36810,39970,56300,75470,77440,TRUE,
99,U.S.,1,US,622000,Hospitals,"3-digit, ownership",5,25-3099,"Teachers and Instructors, All Other",detailed,700,0.3,,,0.01,1,*,58070,1.1,*,*,*,*,*,36810,39970,56300,75470,77440,TRUE,
99,U.S.,1,US,622000,Hospitals,"3-digit, ownership",5,25-4000,"Librarians, Curators, and Archivists",minor,780,0.8,,,0.01,3,32.75,68120,0.5,19.6,25.23,32.38,38.46,46.44,40760,52480,67340,79990,96580,,
99,U.S.,1,US,622000,Hospitals,"3-digit, ownership",5,25-4010,"Archivists, Curators, and Museum Technicians",broad,50,1.7,,,0,~,29.7,61780,0.5,15.96,21.72,28,37.07,43.53,33200,45180,58240,77100,90530,,
99,U.S.,1,US,622000,Hospitals,"3-digit, ownership",5,25-4011,Archivists,detailed,40,1.2,,,0,~,26.32,54750,0.9,15.96,21.51,22.13,33.44,38.41,33200,44750,46020,69550,79890,,
99,U.S.,1,US,622000,Hospitals,"3-digit, ownership",5,25-4020,Librarians and Media Collections Specialists,broad,650,1.1,,,0.01,3,33.93,70580,0.7,20.78,27.43,34.2,39.18,46.84,43230,57050,71140,81480,97420,,
99,U.S.,1,US,622000,Hospitals,"3-digit, ownership",5,25-4022,Librarians and Media Collections Specialists,detailed,650,1.1,,,0.01,3,33.93,70580,0.7,20.78,27.43,34.2,39.18,46.84,43230,57050,71140,81480,97420,,
99,U.S.,1,US,622000,Hospitals,"3-digit, ownership",5,25-4030,Library Technicians,broad,80,2.4,,,0,~,25.62,53300,0.7,18.96,21.87,25.08,29.36,32.38,39440,45480,52170,61070,67340,,
99,U.S.,1,US,622000,Hospitals,"3-digit, ownership",5,25-4031,Library Technicians,detailed,80,2.4,,,0,~,25.62,53300,0.7,18.96,21.87,25.08,29.36,32.38,39440,45480,52170,61070,67340,,
99,U.S.,1,US,622000,Hospitals,"3-digit, ownership",5,25-9000,Other Educational Instruction and Library Occupations,minor,1710,1.1,,,0.03,4,*,63110,0.7,*,*,*,*,*,35120,39510,55280,79720,104240,TRUE,
99,U.S.,1,US,622000,Hospitals,"3-digit, ownership",5,25-9030,Instructional Coordinators,broad,770,1.6,,,0.01,2,39.66,82500,0.6,25.83,30.07,37.91,47.64,59.54,53720,62540,78840,99100,123840,,
99,U.S.,1,US,622000,Hospitals,"3-digit, ownership",5,25-9031,Instructional Coordinators,detailed,770,1.6,,,0.01,2,39.66,82500,0.6,25.83,30.07,37.91,47.64,59.54,53720,62540,78840,99100,123840,,
99,U.S.,1,US,622000,Hospitals,"3-digit, ownership",5,25-9040,Teaching Assistants,broad,810,0.5,,,0.01,1,*,42220,0.4,*,*,*,*,*,33300,35360,39460,46580,54020,TRUE,
99,U.S.,1,US,622000,Hospitals,"3-digit, ownership",5,25-9044,"Teaching Assistants, Postsecondary",detailed,60,0.3,,,0,~,*,36620,0.6,*,*,*,*,*,31340,33860,34230,35120,39110,TRUE,
99,U.S.,1,US,622000,Hospitals,"3-digit, ownership",5,25-9045,"Teaching Assistants, Except Postsecondary",detailed,750,0.5,,,0.01,1,*,42650,0.4,*,*,*,*,*,33870,37100,39840,47380,54020,TRUE,
99,U.S.,1,US,622000,Hospitals,"3-digit, ownership",5,25-9090,Miscellaneous Educational Instruction and Library Workers,broad,130,3.2,,,0,~,37.88,78790,0.8,26.04,30.96,34.38,40.67,53.04,54170,64400,71510,84600,110320,,
99,U.S.,1,US,622000,Hospitals,"3-digit, ownership",5,25-9099,"Educational Instruction and Library Workers, All Other",detailed,130,3.2,,,0,~,37.88,78790,0.8,26.04,30.96,34.38,40.67,53.04,54170,64400,71510,84600,110320,,
99,U.S.,1,US,622000,Hospitals,"3-digit, ownership",5,27-0000,"Arts, Design, Entertainment, Sports, and Media Occupations",major,9840,0.2,,,0.18,15,33.81,70320,0.5,21.1,25.29,30.91,38.87,48.8,43890,52610,64290,80850,101510,,
99,U.S.,1,US,622000,Hospitals,"3-digit, ownership",5,27-1000,Art and Design Workers,minor,700,0.9,,,0.01,3,36.36,75620,0.5,24.13,29.04,34.88,39.75,49.16,50180,60400,72540,82690,102250,,
99,U.S.,1,US,622000,Hospitals,"3-digit, ownership",5,27-1010,Artists and Related Workers,broad,70,1.8,,,0,~,40.4,84030,0.7,28.56,33.89,38.66,44.81,57.05,59400,70480,80400,93200,118650,,
99,U.S.,1,US,622000,Hospitals,"3-digit, ownership",5,27-1020,Designers,broad,630,0.9,,,0.01,3,35.89,74650,0.5,23.76,28.85,34.13,39.37,48.84,49410,60010,70990,81890,101590,,
99,U.S.,1,US,622000,Hospitals,"3-digit, ownership",5,27-1024,Graphic Designers,detailed,500,1,,,0.01,2,34.87,72520,0.6,24.86,28.99,33.59,37.83,46.24,51700,60310,69870,78690,96180,,
99,U.S.,1,US,622000,Hospitals,"3-digit, ownership",5,27-1025,Interior Designers,detailed,80,2,,,0,~,48.35,100570,0.6,32.19,35.37,40.84,62.39,77.66,66950,73570,84950,129780,161540,,
99,U.S.,1,US,622000,Hospitals,"3-digit, ownership",5,27-2011,Actors,detailed,**,**,,,**,**,23.96,*,1.1,18.18,21.63,24.32,29.08,29.11,*,*,*,*,*,,TRUE
99,U.S.,1,US,622000,Hospitals,"3-digit, ownership",5,27-2020,"Athletes, Coaches, Umpires, and Related Workers",broad,140,3.3,,,0,~,*,63930,2,*,*,*,*,*,35460,46570,58480,59390,98300,TRUE,
99,U.S.,1,US,622000,Hospitals,"3-digit, ownership",5,27-2022,Coaches and Scouts,detailed,140,3.3,,,0,~,*,63930,2,*,*,*,*,*,35460,46570,58480,59390,98300,TRUE,
99,U.S.,1,US,622000,Hospitals,"3-digit, ownership",5,27-3000,Media and Communication Workers,minor,7740,0.1,,,0.14,13,35.03,72860,0.5,23.42,27.43,31.63,39.79,49.27,48710,57050,65800,82760,102490,,
99,U.S.,1,US,622000,Hospitals,"3-digit, ownership",5,27-3030,Public Relations Specialists,broad,3310,0.1,,,0.06,10,38.3,79660,0.5,23.69,29.25,37.41,45.96,53.13,49270,60840,77820,95590,110510,,
99,U.S.,1,US,622000,Hospitals,"3-digit, ownership",5,27-3031,Public Relations Specialists,detailed,3310,0.1,,,0.06,10,38.3,79660,0.5,23.69,29.25,37.41,45.96,53.13,49270,60840,77820,95590,110510,,
99,U.S.,1,US,622000,Hospitals,"3-digit, ownership",5,27-3040,Writers and Editors,broad,490,2.8,,,0.01,2,43.42,90310,0.7,28.36,34.7,42.16,49.9,60.86,58990,72180,87700,103800,126580,,
99,U.S.,1,US,622000,Hospitals,"3-digit, ownership",5,27-3041,Editors,detailed,190,2.6,,,0,~,42.08,87520,0.6,27.29,31.07,38.52,51.21,61.08,56750,64630,80110,106520,127040,,
99,U.S.,1,US,622000,Hospitals,"3-digit, ownership",5,27-3042,Technical Writers,detailed,190,2.7,,,0,1,46.13,95950,0.9,32.39,38.86,45.74,50.27,60.43,67370,80840,95130,104550,125680,,
99,U.S.,1,US,622000,Hospitals,"3-digit, ownership",5,27-3043,Writers and Authors,detailed,110,3.4,,,0,1,40.98,85240,0.6,28.68,33.64,39.52,48.05,51.06,59640,69980,82190,99940,106200,,
99,U.S.,1,US,622000,Hospitals,"3-digit, ownership",5,27-3090,Miscellaneous Media and Communication Workers,broad,3930,0.1,,,0.07,5,31.22,64940,0.6,23.18,24.96,29.51,35.59,40.19,48210,51930,61380,74020,83590,,
99,U.S.,1,US,622000,Hospitals,"3-digit, ownership",5,27-3091,Interpreters and Translators,detailed,3910,0.1,,,0.07,5,31.21,64930,0.5,23.18,24.93,29.5,35.59,40.19,48210,51850,61360,74020,83590,,
99,U.S.,1,US,622000,Hospitals,"3-digit, ownership",5,27-4000,Media and Communication Equipment Workers,minor,520,0.8,,,0.01,2,31.1,64690,0.8,18.06,24.57,30.69,36.6,44.5,37560,51110,63840,76120,92550,,
99,U.S.,1,US,622000,Hospitals,"3-digit, ownership",5,27-4010,"Broadcast, Sound, and Lighting Technicians",broad,340,0.6,,,0.01,1,28.79,59870,1.3,16.87,21.43,27.62,33.61,39.95,35100,44570,57450,69910,83100,,
99,U.S.,1,US,622000,Hospitals,"3-digit, ownership",5,27-4011,Audio and Video Technicians,detailed,330,1,,,0.01,1,28.67,59630,1.3,16.87,21.43,27.95,33.61,39.94,35100,44570,58130,69910,83060,,
99,U.S.,1,US,622000,Hospitals,"3-digit, ownership",5,27-4020,Photographers,broad,120,2,,,0,~,35.61,74060,0.7,28.29,31.07,34.46,38.73,46.71,58840,64620,71680,80560,97150,,
99,U.S.,1,US,622000,Hospitals,"3-digit, ownership",5,27-4021,Photographers,detailed,120,2,,,0,~,35.61,74060,0.7,28.29,31.07,34.46,38.73,46.71,58840,64620,71680,80560,97150,,
99,U.S.,1,US,622000,Hospitals,"3-digit, ownership",5,27-4030,"Television, Video, and Film Camera Operators and Editors",broad,50,8,,,0,~,34.8,72380,2,25.19,30.83,32.42,39.17,45.82,52400,64130,67430,81470,95300,,
99,U.S.,1,US,622000,Hospitals,"3-digit, ownership",5,27-4032,Film and Video Editors,detailed,30,13.5,,,0,~,33.89,70500,2.3,25.19,30.83,32.42,39.17,44.46,52400,64130,67430,81470,92470,,
99,U.S.,1,US,622000,Hospitals,"3-digit, ownership",5,29-0000,Healthcare Practitioners and Technical Occupations,major,3109440,0,,,57.46,88,49.62,103210,0.2,25.02,35.04,42.14,53.68,75.01,52040,72890,87640,111660,156020,,
99,U.S.,1,US,622000,Hospitals,"3-digit, ownership",5,29-1000,Healthcare Diagnosing or Treating Practitioners,minor,2306440,0,,,42.62,84,55.62,115680,0.2,33.31,38.65,47.9,60.58,79.76,69280,80390,99640,126000,165910,,
99,U.S.,1,US,622000,Hospitals,"3-digit, ownership",5,29-1010,Chiropractors,broad,190,6.6,,,0,1,50.87,105810,1.6,17.05,37.06,47.57,61.36,85.05,35470,77090,98950,127620,176910,,
99,U.S.,1,US,622000,Hospitals,"3-digit, ownership",5,29-1011,Chiropractors,detailed,190,6.6,,,0,1,50.87,105810,1.6,17.05,37.06,47.57,61.36,85.05,35470,77090,98950,127620,176910,,
99,U.S.,1,US,622000,Hospitals,"3-digit, ownership",5,29-1020,Dentists,broad,1800,0.4,,,0.03,3,84.2,175140,0.7,30.98,39.04,71.98,103.72,#,64430,81200,149720,215740,#,,
99,U.S.,1,US,622000,Hospitals,"3-digit, ownership",5,29-1021,"Dentists, General",detailed,1360,0.3,,,0.03,2,76.93,160020,0.6,30.98,39.19,81.13,103.72,#,64430,81510,168740,215740,#,,
99,U.S.,1,US,622000,Hospitals,"3-digit, ownership",5,29-1023,Orthodontists,detailed,60,1.7,,,0,~,95.78,199220,12.4,31.12,31.12,49.84,#,#,64730,64730,103660,#,#,,
99,U.S.,1,US,622000,Hospitals,"3-digit, ownership",5,29-1029,"Dentists, All Other Specialists",detailed,60,12.1,,,0,~,*,*,*,*,*,*,*,*,*,*,*,*,*,,
99,U.S.,1,US,622000,Hospitals,"3-digit, ownership",5,29-1030,Dietitians and Nutritionists,broad,19190,0.1,,,0.35,28,36.29,75490,0.2,26.55,30.45,36.34,40.15,47.91,55230,63340,75580,83520,99660,,
99,U.S.,1,US,622000,Hospitals,"3-digit, ownership",5,29-1031,Dietitians and Nutritionists,detailed,19190,0.1,,,0.35,28,36.29,75490,0.2,26.55,30.45,36.34,40.15,47.91,55230,63340,75580,83520,99660,,
99,U.S.,1,US,622000,Hospitals,"3-digit, ownership",5,29-1040,Optometrists,broad,390,2.6,,,0.01,1,74.7,155380,1.1,37.51,51.63,70.71,83.42,100.72,78020,107390,147080,173520,209500,,
99,U.S.,1,US,622000,Hospitals,"3-digit, ownership",5,29-1041,Optometrists,detailed,390,2.6,,,0.01,1,74.7,155380,1.1,37.51,51.63,70.71,83.42,100.72,78020,107390,147080,173520,209500,,
99,U.S.,1,US,622000,Hospitals,"3-digit, ownership",5,29-1050,Pharmacists,broad,82730,0.1,,,1.53,37,70.43,146490,0.1,55.76,64.43,71.4,79.64,86.66,115970,134020,148500,165640,180250,,
99,U.S.,1,US,622000,Hospitals,"3-digit, ownership",5,29-1051,Pharmacists,detailed,82730,0.1,,,1.53,37,70.43,146490,0.1,55.76,64.43,71.4,79.64,86.66,115970,134020,148500,165640,180250,,
99,U.S.,1,US,622000,Hospitals,"3-digit, ownership",5,29-1070,Physician Assistants,broad,34470,0.1,,,0.64,28,67.29,139960,0.2,45.67,60.2,65.93,78.58,86.38,94990,125210,137140,163450,179670,,
99,U.S.,1,US,622000,Hospitals,"3-digit, ownership",5,29-1071,Physician Assistants,detailed,34470,0.1,,,0.64,28,67.29,139960,0.2,45.67,60.2,65.93,78.58,86.38,94990,125210,137140,163450,179670,,
99,U.S.,1,US,622000,Hospitals,"3-digit, ownership",5,29-1080,Podiatrists,broad,670,1.4,,,0.01,2,81.35,169210,1.2,31.92,36.32,57.32,#,#,66400,75550,119220,#,#,,
99,U.S.,1,US,622000,Hospitals,"3-digit, ownership",5,29-1081,Podiatrists,detailed,670,1.4,,,0.01,2,81.35,169210,1.2,31.92,36.32,57.32,#,#,66400,75550,119220,#,#,,
99,U.S.,1,US,622000,Hospitals,"3-digit, ownership",5,29-1120,Therapists,broad,233670,0.3,,,4.32,49,45.51,94660,0.2,31.32,37.93,45.35,51.38,60.49,65140,78890,94320,106860,125820,,
99,U.S.,1,US,622000,Hospitals,"3-digit, ownership",5,29-1122,Occupational Therapists,detailed,36730,0.4,,,0.68,33,48.46,100800,0.2,37.6,40.4,48.44,53.23,61.29,78210,84030,100760,110720,127470,,
99,U.S.,1,US,622000,Hospitals,"3-digit, ownership",5,29-1123,Physical Therapists,detailed,61030,0.2,,,1.13,38,51.35,106800,0.2,39.58,46.57,50.46,57.42,62.83,82320,96860,104960,119440,130680,,
99,U.S.,1,US,622000,Hospitals,"3-digit, ownership",5,29-1124,Radiation Therapists,detailed,9060,0.3,,,0.17,14,52.04,108250,0.2,37.29,40.55,48.84,57.25,67.26,77550,84340,101590,119080,139900,,
99,U.S.,1,US,622000,Hospitals,"3-digit, ownership",5,29-1125,Recreational Therapists,detailed,3800,0.4,,,0.07,11,29.9,62200,0.2,21.95,24.38,29.04,34.32,38.5,45650,50700,60410,71380,80070,,
99,U.S.,1,US,622000,Hospitals,"3-digit, ownership",5,29-1126,Respiratory Therapists,detailed,94040,0.1,,,1.74,35,40.56,84360,0.2,30.31,34.25,38.84,45.82,51.44,63040,71240,80790,95310,106990,,
99,U.S.,1,US,622000,Hospitals,"3-digit, ownership",5,29-1127,Speech-Language Pathologists,detailed,21940,1.8,,,0.41,28,49.3,102550,0.4,38,41.03,48.83,53.98,62.31,79030,85350,101560,112280,129590,,
99,U.S.,1,US,622000,Hospitals,"3-digit, ownership",5,29-1128,Exercise Physiologists,detailed,4210,0.2,,,0.08,11,29.06,60450,0.2,22.22,24.03,28.24,31.55,37.91,46210,49980,58740,65630,78850,,
99,U.S.,1,US,622000,Hospitals,"3-digit, ownership",5,29-1129,"Therapists, All Other",detailed,2860,0.7,,,0.05,7,41.18,85640,0.2,25.72,29.96,36.45,45.58,56.56,53500,62320,75810,94800,117650,,
99,U.S.,1,US,622000,Hospitals,"3-digit, ownership",5,29-1130,Veterinarians,broad,30,1.5,,,0,~,73.38,152640,1.5,30.44,59.78,63.13,83.73,110.02,63310,124330,131310,174160,228840,,
99,U.S.,1,US,622000,Hospitals,"3-digit, ownership",5,29-1131,Veterinarians,detailed,30,1.5,,,0,~,73.38,152640,1.5,30.44,59.78,63.13,83.73,110.02,63310,124330,131310,174160,228840,,
99,U.S.,1,US,622000,Hospitals,"3-digit, ownership",5,29-1140,Registered Nurses,broad,1669420,0,,,30.85,65,48.59,101070,0.2,33.93,38.54,46.98,53.25,65.36,70570,80160,97720,110760,135960,,
99,U.S.,1,US,622000,Hospitals,"3-digit, ownership",5,29-1141,Registered Nurses,detailed,1669420,0,,,30.85,65,48.59,101070,0.2,33.93,38.54,46.98,53.25,65.36,70570,80160,97720,110760,135960,,
99,U.S.,1,US,622000,Hospitals,"3-digit, ownership",5,29-1150,Nurse Anesthetists,broad,12560,0.3,,,0.23,13,116.39,242080,0.2,89.01,104.57,113.79,#,#,185140,217500,236680,#,#,,
99,U.S.,1,US,622000,Hospitals,"3-digit, ownership",5,29-1151,Nurse Anesthetists,detailed,12560,0.3,,,0.23,13,116.39,242080,0.2,89.01,104.57,113.79,#,#,185140,217500,236680,#,#,,
99,U.S.,1,US,622000,Hospitals,"3-digit, ownership",5,29-1160,Nurse Midwives,broad,1470,0.3,,,0.03,4,65.75,136760,0.2,48.92,59.88,65.24,72.61,79.72,101740,124560,135700,151040,165820,,
99,U.S.,1,US,622000,Hospitals,"3-digit, ownership",5,29-1161,Nurse Midwives,detailed,1470,0.3,,,0.03,4,65.75,136760,0.2,48.92,59.88,65.24,72.61,79.72,101740,124560,135700,151040,165820,,
99,U.S.,1,US,622000,Hospitals,"3-digit, ownership",5,29-1170,Nurse Practitioners,broad,63620,0.1,,,1.18,40,66.14,137560,0.2,49.02,58.99,64.29,74.8,82.45,101960,122700,133720,155590,171490,,
99,U.S.,1,US,622000,Hospitals,"3-digit, ownership",5,29-1171,Nurse Practitioners,detailed,63620,0.1,,,1.18,40,66.14,137560,0.2,49.02,58.99,64.29,74.8,82.45,101960,122700,133720,155590,171490,,
99,U.S.,1,US,622000,Hospitals,"3-digit, ownership",5,29-1180,Audiologists,broad,1870,1.5,,,0.03,5,48.27,100390,0.5,36.44,41.98,48.44,54.41,61.1,75790,87320,100740,113160,127090,,
99,U.S.,1,US,622000,Hospitals,"3-digit, ownership",5,29-1181,Audiologists,detailed,1870,1.5,,,0.03,5,48.27,100390,0.5,36.44,41.98,48.44,54.41,61.1,75790,87320,100740,113160,127090,,
99,U.S.,1,US,622000,Hospitals,"3-digit, ownership",5,29-1210,Physicians,broad,169000,0.1,,,3.12,48,115.14,239500,0.5,31.49,36.89,103.95,#,#,65510,76740,216220,#,#,,
99,U.S.,1,US,622000,Hospitals,"3-digit, ownership",5,29-1211,Anesthesiologists,detailed,5950,1.6,,,0.11,7,150.89,313860,0.8,35.31,41.04,#,#,#,73440,85360,#,#,#,,
99,U.S.,1,US,622000,Hospitals,"3-digit, ownership",5,29-1212,Cardiologists,detailed,4640,0.4,,,0.09,6,192.55,400510,0.6,43.43,82.95,#,#,#,90330,172530,#,#,#,,
99,U.S.,1,US,622000,Hospitals,"3-digit, ownership",5,29-1213,Dermatologists,detailed,570,1.4,,,0.01,1,143.09,297630,1.4,36.26,40.97,#,#,#,75420,85220,#,#,#,,
99,U.S.,1,US,622000,Hospitals,"3-digit, ownership",5,29-1214,Emergency Medicine Physicians,detailed,9460,0.4,,,0.17,9,151,314080,0.6,38.48,101.77,#,#,#,80040,211690,#,#,#,,
99,U.S.,1,US,622000,Hospitals,"3-digit, ownership",5,29-1215,Family Medicine Physicians,detailed,15230,0.2,,,0.28,15,132.57,275750,0.9,31.48,83.45,#,#,#,65480,173570,#,#,#,,
99,U.S.,1,US,622000,Hospitals,"3-digit, ownership",5,29-1216,General Internal Medicine Physicians,detailed,16940,0.2,,,0.31,11,112.89,234800,0.9,32.18,39.68,106.44,#,#,66940,82530,221400,#,#,,
99,U.S.,1,US,622000,Hospitals,"3-digit, ownership",5,29-1217,Neurologists,detailed,2640,1.4,,,0.05,4,131.03,272550,1.1,36.72,45.39,#,#,#,76380,94420,#,#,#,,
99,U.S.,1,US,622000,Hospitals,"3-digit, ownership",5,29-1218,Obstetricians and Gynecologists,detailed,3990,0.6,,,0.07,6,132.63,275870,0.6,36.87,47.24,#,#,#,76690,98260,#,#,#,,
99,U.S.,1,US,622000,Hospitals,"3-digit, ownership",5,29-1221,"Pediatricians, General",detailed,8840,0.4,,,0.16,6,98.85,205600,0.8,36.91,46.64,102.46,#,#,76780,97020,213110,#,#,,
99,U.S.,1,US,622000,Hospitals,"3-digit, ownership",5,29-1222,"Physicians, Pathologists",detailed,2360,0.3,,,0.04,3,130.25,270920,0.5,37.48,50.22,#,#,#,77950,104470,#,#,#,,
99,U.S.,1,US,622000,Hospitals,"3-digit, ownership",5,29-1223,Psychiatrists,detailed,5400,0.2,,,0.1,7,118.34,246150,0.7,36.24,45.42,#,#,#,75390,94480,#,#,#,,
99,U.S.,1,US,622000,Hospitals,"3-digit, ownership",5,29-1224,Radiologists,detailed,5890,0.1,,,0.11,7,133.02,276670,0.7,34.72,40.4,63.86,#,#,72220,84020,132830,#,#,,
99,U.S.,1,US,622000,Hospitals,"3-digit, ownership",5,29-1229,"Physicians, All Other",detailed,87100,0.1,,,1.61,29,100.45,208940,0.8,30.77,34.3,47.26,#,#,64000,71340,98300,#,#,,
99,U.S.,1,US,622000,Hospitals,"3-digit, ownership",5,29-1240,Surgeons,broad,11310,0.1,,,0.21,11,168.77,351050,0.7,36.65,43.84,#,#,#,76240,91190,#,#,#,,
99,U.S.,1,US,622000,Hospitals,"3-digit, ownership",5,29-1241,"Ophthalmologists, Except Pediatric",detailed,730,0.3,,,0.01,1,141.45,294210,3.2,37.15,58.05,#,#,#,77280,120740,#,#,#,,
99,U.S.,1,US,622000,Hospitals,"3-digit, ownership",5,29-1242,"Orthopedic Surgeons, Except Pediatric",detailed,2430,0.3,,,0.04,4,191.42,398160,0.8,36.65,46.22,#,#,#,76240,96140,#,#,#,,
99,U.S.,1,US,622000,Hospitals,"3-digit, ownership",5,29-1243,Pediatric Surgeons,detailed,400,0.2,,,0.01,1,223.37,464600,0.9,47.07,106.19,#,#,#,97900,220880,#,#,#,,
99,U.S.,1,US,622000,Hospitals,"3-digit, ownership",5,29-1249,"Surgeons, All Other",detailed,7760,0.1,,,0.14,9,161.44,335780,1,36.36,41.03,#,#,#,75640,85330,#,#,#,,
99,U.S.,1,US,622000,Hospitals,"3-digit, ownership",5,29-1291,Acupuncturists,detailed,170,7,,,0,1,53.39,111050,0.7,37.57,47.06,51.7,59.92,68.31,78150,97880,107540,124640,142070,,
99,U.S.,1,US,622000,Hospitals,"3-digit, ownership",5,29-1292,Dental Hygienists,detailed,440,3.5,,,0.01,2,40.89,85050,0.2,31.93,35.33,40.43,47.59,49.94,66420,73490,84090,98980,103860,,
99,U.S.,1,US,622000,Hospitals,"3-digit, ownership",5,29-2000,Health Technologists and Technicians,minor,762900,0,,,14.1,64,32.3,67180,0.2,18.74,23.11,30.09,38.88,48.41,38970,48070,62590,80880,100690,,
99,U.S.,1,US,622000,Hospitals,"3-digit, ownership",5,29-2010,Clinical Laboratory Technologists and Technicians,broad,130300,0.1,,,2.41,35,33.36,69400,0.2,18.94,23.91,32.11,39.67,47.96,39390,49730,66800,82500,99760,,
99,U.S.,1,US,622000,Hospitals,"3-digit, ownership",5,29-2010,Clinical Laboratory Technologists and Technicians,detailed,130300,0.1,,,2.41,35,33.36,69400,0.2,18.94,23.91,32.11,39.67,47.96,39390,49730,66800,82500,99760,,
99,U.S.,1,US,622000,Hospitals,"3-digit, ownership",5,29-2030,Diagnostic Related Technologists and Technicians,broad,233090,0,,,4.31,43,40.07,83350,0.2,23.92,31.55,39.11,47.88,54.6,49740,65630,81350,99580,113570,,
99,U.S.,1,US,622000,Hospitals,"3-digit, ownership",5,29-2031,Cardiovascular Technologists and Technicians,detailed,42110,0.1,,,0.78,24,33.98,70690,0.2,17.98,21.28,31.88,43.76,50.97,37390,44260,66320,91010,106020,,
99,U.S.,1,US,622000,Hospitals,"3-digit, ownership",5,29-2032,Diagnostic Medical Sonographers,detailed,43350,0.1,,,0.8,30,44.72,93010,0.2,32.63,38.26,43.7,50.01,58.78,67880,79590,90890,104020,122270,,
99,U.S.,1,US,622000,Hospitals,"3-digit, ownership",5,29-2033,Nuclear Medicine Technologists,detailed,10560,0.1,,,0.2,20,47.42,98630,0.2,36.62,40.07,47.12,51.76,59.8,76170,83350,98010,107670,124380,,
99,U.S.,1,US,622000,Hospitals,"3-digit, ownership",5,29-2034,Radiologic Technologists and Technicians,detailed,113480,0.1,,,2.1,39,38.61,80310,0.2,26.55,30.97,37.92,45.59,50.74,55220,64420,78870,94830,105540,,
99,U.S.,1,US,622000,Hospitals,"3-digit, ownership",5,29-2035,Magnetic Resonance Imaging Technologists,detailed,21940,0,,,0.41,23,44.27,92070,0.2,32.47,38.1,43.45,49.44,58.15,67540,79240,90370,102840,120960,,
99,U.S.,1,US,622000,Hospitals,"3-digit, ownership",5,29-2036,Medical Dosimetrists,detailed,1670,0.2,,,0.03,6,70.64,146920,0.3,53.06,61.41,67.81,77.46,85.75,110360,127730,141050,161120,178370,,
99,U.S.,1,US,622000,Hospitals,"3-digit, ownership",5,29-2040,Emergency Medical Technicians and Paramedics,broad,40410,0.1,,,0.75,23,24.41,50760,0.2,17.46,19.22,23.05,28.27,32.9,36320,39970,47950,58790,68420,,
99,U.S.,1,US,622000,Hospitals,"3-digit, ownership",5,29-2042,Emergency Medical Technicians,detailed,27560,0.1,,,0.51,18,22.25,46280,0.2,16.88,18.44,21.6,24.05,29.52,35100,38360,44930,50020,61390,,
99,U.S.,1,US,622000,Hospitals,"3-digit, ownership",5,29-2043,Paramedics,detailed,12840,0.2,,,0.24,15,29.03,60390,0.2,22.39,23.93,28.2,31.94,38.96,46580,49770,58650,66440,81030,,
99,U.S.,1,US,622000,Hospitals,"3-digit, ownership",5,29-2050,Health Practitioner Support Technologists and Technicians,broad,182980,0.1,,,3.38,47,26.7,55530,0.2,17.85,20.46,24.37,30.5,37.99,37130,42560,50700,63440,79020,,
99,U.S.,1,US,622000,Hospitals,"3-digit, ownership",5,29-2051,Dietetic Technicians,detailed,11250,0.2,,,0.21,14,20.92,43510,0.2,15.69,17.48,19.2,23.18,28.7,32630,36370,39940,48210,59700,,
99,U.S.,1,US,622000,Hospitals,"3-digit, ownership",5,29-2052,Pharmacy Technicians,detailed,67810,0,,,1.25,36,25.09,52200,0.1,18.76,21.67,23.64,28.48,31.64,39030,45080,49160,59240,65810,,
99,U.S.,1,US,622000,Hospitals,"3-digit, ownership",5,29-2053,Psychiatric Technicians,detailed,32280,0.5,,,0.6,14,20.22,42050,0.2,15.6,17.6,19.06,22.29,24.63,32450,36600,39650,46360,51240,,
99,U.S.,1,US,622000,Hospitals,"3-digit, ownership",5,29-2055,Surgical Technologists,detailed,68990,0.1,,,1.27,33,32.17,66910,0.2,22.21,25.45,30.54,37.57,44.59,46200,52940,63530,78140,92740,,
99,U.S.,1,US,622000,Hospitals,"3-digit, ownership",5,29-2056,Veterinary Technologists and Technicians,detailed,210,1.5,,,0,~,24.95,51890,0.3,19.43,19.93,23.48,29.6,31.39,40410,41450,48830,61560,65290,,
99,U.S.,1,US,622000,Hospitals,"3-digit, ownership",5,29-2057,Ophthalmic Medical Technicians,detailed,2450,0.5,,,0.05,3,28.99,60300,0.4,20.41,23.9,29.39,31.55,37.84,42460,49710,61140,65620,78700,,
99,U.S.,1,US,622000,Hospitals,"3-digit, ownership",5,29-2060,Licensed Practical and Licensed Vocational Nurses,broad,78060,0.1,,,1.44,46,28.62,59530,0.2,22.05,24.25,28.6,31.33,36.61,45870,50440,59490,65160,76140,,
99,U.S.,1,US,622000,Hospitals,"3-digit, ownership",5,29-2061,Licensed Practical and Licensed Vocational Nurses,detailed,78060,0.1,,,1.44,46,28.62,59530,0.2,22.05,24.25,28.6,31.33,36.61,45870,50440,59490,65160,76140,,
99,U.S.,1,US,622000,Hospitals,"3-digit, ownership",5,29-2070,Medical Records Specialists,broad,40910,0.2,,,0.76,38,29.21,60760,0.1,18.32,22.17,27.47,34.28,41.53,38110,46110,57130,71310,86380,,
99,U.S.,1,US,622000,Hospitals,"3-digit, ownership",5,29-2072,Medical Records Specialists,detailed,40910,0.2,,,0.76,38,29.21,60760,0.1,18.32,22.17,27.47,34.28,41.53,38110,46110,57130,71310,86380,,
99,U.S.,1,US,622000,Hospitals,"3-digit, ownership",5,29-2080,"Opticians, Dispensing",broad,190,0.2,,,0,1,28,58250,0.4,19.79,22.78,26.83,33.78,36.45,41160,47390,55800,70260,75810,,
99,U.S.,1,US,622000,Hospitals,"3-digit, ownership",5,29-2081,"Opticians, Dispensing",detailed,190,0.2,,,0,1,28,58250,0.4,19.79,22.78,26.83,33.78,36.45,41160,47390,55800,70260,75810,,
99,U.S.,1,US,622000,Hospitals,"3-digit, ownership",5,29-2090,Miscellaneous Health Technologists and Technicians,broad,56950,0.1,,,1.05,32,28.93,60180,0.2,18.05,20.42,24.58,33.06,43.9,37550,42480,51130,68770,91310,,
99,U.S.,1,US,622000,Hospitals,"3-digit, ownership",5,29-2091,Orthotists and Prosthetists,detailed,660,0.3,,,0.01,2,35.82,74500,0.7,20.45,23.17,35.04,43.82,53.99,42540,48190,72880,91150,112300,,
99,U.S.,1,US,622000,Hospitals,"3-digit, ownership",5,29-2092,Hearing Aid Specialists,detailed,250,3.8,,,0,1,22.39,46580,0.8,16.59,17.25,21.1,25,29.9,34500,35890,43880,52000,62200,,
99,U.S.,1,US,622000,Hospitals,"3-digit, ownership",5,29-2099,"Health Technologists and Technicians, All Other",detailed,56030,0.1,,,1.04,31,28.88,60070,0.2,18.05,20.39,24.58,32.88,43.77,37550,42400,51130,68390,91050,,
99,U.S.,1,US,622000,Hospitals,"3-digit, ownership",5,29-9000,Other Healthcare Practitioners and Technical Occupations,minor,40100,0.1,,,0.74,33,34.2,71140,0.2,18.68,23.2,30.59,41.89,51.59,38850,48260,63640,87130,107310,,
99,U.S.,1,US,622000,Hospitals,"3-digit, ownership",5,29-9020,Health Information Technologists and Medical Registrars,broad,15110,0.2,,,0.28,22,34.78,72350,0.1,18.99,23.38,31.19,44.86,52.66,39490,48620,64870,93300,109520,,
99,U.S.,1,US,622000,Hospitals,"3-digit, ownership",5,29-9021,Health Information Technologists and Medical Registrars,detailed,15110,0.2,,,0.28,22,34.78,72350,0.1,18.99,23.38,31.19,44.86,52.66,39490,48620,64870,93300,109520,,
99,U.S.,1,US,622000,Hospitals,"3-digit, ownership",5,29-9090,Miscellaneous Health Practitioners and Technical Workers,broad,24990,0.1,,,0.46,24,33.85,70400,0.2,18.56,23.11,30.31,41.05,50.57,38610,48060,63040,85380,105190,,
99,U.S.,1,US,622000,Hospitals,"3-digit, ownership",5,29-9091,Athletic Trainers,detailed,5090,0.5,,,0.09,8,*,60930,0.2,*,*,*,*,*,49480,54040,59850,64030,75170,TRUE,
99,U.S.,1,US,622000,Hospitals,"3-digit, ownership",5,29-9092,Genetic Counselors,detailed,1330,1.3,,,0.02,3,48,99850,0.2,37.91,41.04,47.7,51.89,62.08,78850,85360,99210,107920,129120,,
99,U.S.,1,US,622000,Hospitals,"3-digit, ownership",5,29-9093,Surgical Assistants,detailed,8020,0.3,,,0.15,12,34.79,72360,0.2,18.28,22.38,34.21,45.21,50.42,38030,46540,71150,94040,104870,,
99,U.S.,1,US,622000,Hospitals,"3-digit, ownership",5,29-9099,"Healthcare Practitioners and Technical Workers, All Other",detailed,10550,0.4,,,0.19,12,33.54,69770,0.2,18.08,20.51,29.48,41.05,54.52,37600,42670,61320,85380,113390,,
99,U.S.,1,US,622000,Hospitals,"3-digit, ownership",5,31-0000,Healthcare Support Occupations,major,709320,0,,,13.11,63,21.36,44430,0.2,16.78,17.95,20.19,23.16,28.27,34900,37340,41980,48170,58790,,
99,U.S.,1,US,622000,Hospitals,"3-digit, ownership",5,31-1100,"Home Health and Personal Care Aides; and Nursing Assistants, Orderlies, and Psychiatric Aides",minor,455160,0,,,8.41,47,20.19,42000,0.2,16.53,17.71,19.12,22.25,24.73,34390,36830,39760,46270,51430,,
99,U.S.,1,US,622000,Hospitals,"3-digit, ownership",5,31-1120,Home Health and Personal Care Aides,broad,18040,0.4,,,0.33,13,19.64,40850,0.3,14.87,17.07,18.77,21.93,25.31,30940,35510,39040,45620,52640,,
99,U.S.,1,US,622000,Hospitals,"3-digit, ownership",5,31-1120,Home Health and Personal Care Aides,detailed,18040,0.4,,,0.33,13,19.64,40850,0.3,14.87,17.07,18.77,21.93,25.31,30940,35510,39040,45620,52640,,
99,U.S.,1,US,622000,Hospitals,"3-digit, ownership",5,31-1130,"Nursing Assistants, Orderlies, and Psychiatric Aides",broad,437120,0,,,8.08,46,20.22,42050,0.2,16.63,17.73,19.13,22.25,24.68,34580,36870,39780,46280,51330,,
99,U.S.,1,US,622000,Hospitals,"3-digit, ownership",5,31-1131,Nursing Assistants,detailed,391140,0,,,7.23,45,20.32,42260,0.2,16.78,17.8,19.31,22.3,24.82,34900,37030,40160,46390,51630,,
99,U.S.,1,US,622000,Hospitals,"3-digit, ownership",5,31-1132,Orderlies,detailed,37330,0.1,,,0.69,18,19.24,40010,0.2,15.48,16.93,18.1,20.57,23.63,32200,35200,37650,42780,49150,,
99,U.S.,1,US,622000,Hospitals,"3-digit, ownership",5,31-1133,Psychiatric Aides,detailed,8650,0.3,,,0.16,5,19.89,41370,0.2,15.73,17.5,18.9,22.35,25.66,32730,36400,39310,46490,53360,,
99,U.S.,1,US,622000,Hospitals,"3-digit, ownership",5,31-2000,Occupational Therapy and Physical Therapist Assistants and Aides,minor,32740,0.4,,,0.6,34,29.41,61170,0.2,17.32,22.48,29.96,35.55,39.19,36030,46760,62320,73940,81510,,
99,U.S.,1,US,622000,Hospitals,"3-digit, ownership",5,31-2010,Occupational Therapy Assistants and Aides,broad,8260,0.8,,,0.15,20,30.55,63540,0.2,18.41,25.18,30.29,35.95,40,38290,52380,63010,74780,83210,,
99,U.S.,1,US,622000,Hospitals,"3-digit, ownership",5,31-2011,Occupational Therapy Assistants,detailed,7040,1,,,0.13,19,32.25,67080,0.2,24.2,28.36,31.39,36.54,40.29,50330,58990,65280,76010,83810,,
99,U.S.,1,US,622000,Hospitals,"3-digit, ownership",5,31-2012,Occupational Therapy Aides,detailed,1220,1.7,,,0.02,4,20.69,43040,0.5,15.39,17.01,18.45,21.25,27.16,32000,35390,38380,44190,56500,,
99,U.S.,1,US,622000,Hospitals,"3-digit, ownership",5,31-2020,Physical Therapist Assistants and Aides,broad,24480,0.2,,,0.45,32,29.03,60370,0.2,17.16,21.39,29.84,35.38,38.99,35680,44490,62060,73590,81100,,
99,U.S.,1,US,622000,Hospitals,"3-digit, ownership",5,31-2021,Physical Therapist Assistants,detailed,18120,0.3,,,0.33,30,32.43,67460,0.2,23.69,28.86,31.78,36.63,40,49270,60040,66100,76200,83200,,
99,U.S.,1,US,622000,Hospitals,"3-digit, ownership",5,31-2022,Physical Therapist Aides,detailed,6360,0.2,,,0.12,14,19.33,40200,0.2,15.1,16.76,18.32,21.22,24.28,31410,34860,38110,44140,50490,,
99,U.S.,1,US,622000,Hospitals,"3-digit, ownership",5,31-9000,Other Healthcare Support Occupations,minor,221420,0.1,,,4.09,54,22.57,46950,0.2,17.33,18.61,21.91,24.55,29.22,36040,38710,45570,51060,60790,,
99,U.S.,1,US,622000,Hospitals,"3-digit, ownership",5,31-9010,Massage Therapists,broad,580,2.4,,,0.01,2,34.62,72000,0.5,22.7,27.74,31.49,36.96,47.09,47210,57690,65500,76870,97950,,
99,U.S.,1,US,622000,Hospitals,"3-digit, ownership",5,31-9011,Massage Therapists,detailed,580,2.4,,,0.01,2,34.62,72000,0.5,22.7,27.74,31.49,36.96,47.09,47210,57690,65500,76870,97950,,
99,U.S.,1,US,622000,Hospitals,"3-digit, ownership",5,31-9090,Miscellaneous Healthcare Support Occupations,broad,220840,0.1,,,4.08,54,22.54,46880,0.2,17.32,18.61,21.9,24.52,29.15,36030,38700,45550,51010,60630,,
99,U.S.,1,US,622000,Hospitals,"3-digit, ownership",5,31-9091,Dental Assistants,detailed,1400,0.5,,,0.03,3,25.25,52530,0.6,18.5,22.3,25.09,27.59,31.25,38480,46380,52180,57380,64990,,
99,U.S.,1,US,622000,Hospitals,"3-digit, ownership",5,31-9092,Medical Assistants,detailed,106060,0.1,,,1.96,45,22.58,46970,0.2,17.63,18.93,22.08,24.31,28.79,36680,39370,45930,50560,59890,,
99,U.S.,1,US,622000,Hospitals,"3-digit, ownership",5,31-9093,Medical Equipment Preparers,detailed,43910,0.1,,,0.81,27,23.94,49790,0.2,17.91,19.18,22.57,27.37,32.44,37250,39900,46940,56930,67470,,
99,U.S.,1,US,622000,Hospitals,"3-digit, ownership",5,31-9094,Medical Transcriptionists,detailed,3800,0.4,,,0.07,10,22.29,46370,0.2,14.8,17.5,21.87,25.67,29.98,30780,36400,45480,53400,62360,,
99,U.S.,1,US,622000,Hospitals,"3-digit, ownership",5,31-9095,Pharmacy Aides,detailed,2390,0.5,,,0.04,4,23.73,49370,0.2,17.95,18.93,21.94,27.8,33.18,37330,39380,45630,57830,69020,,
99,U.S.,1,US,622000,Hospitals,"3-digit, ownership",5,31-9096,Veterinary Assistants and Laboratory Animal Caretakers,detailed,280,0.3,,,0.01,~,25.45,52940,0.2,18.69,20.73,23.34,29.08,33.15,38860,43120,48550,60490,68950,,
99,U.S.,1,US,622000,Hospitals,"3-digit, ownership",5,31-9097,Phlebotomists,detailed,42000,0.1,,,0.78,26,21.21,44120,0.2,16.67,18,20.38,23.33,27.52,34670,37440,42390,48520,57240,,
99,U.S.,1,US,622000,Hospitals,"3-digit, ownership",5,31-9099,"Healthcare Support Workers, All Other",detailed,21010,0.3,,,0.39,20,21.76,45270,0.2,15.38,17.62,20.3,23.51,29.54,31990,36660,42220,48900,61440,,
99,U.S.,1,US,622000,Hospitals,"3-digit, ownership",5,33-0000,Protective Service Occupations,major,49400,0.1,,,0.91,25,23.83,49560,0.3,17.75,19.6,22.46,26.39,30.6,36920,40770,46710,54890,63640,,
99,U.S.,1,US,622000,Hospitals,"3-digit, ownership",5,33-1000,Supervisors of Protective Service Workers,minor,3880,0.4,,,0.07,12,32.94,68520,0.2,22.92,26.36,31.28,37.05,44.9,47680,54830,65070,77050,93380,,
99,U.S.,1,US,622000,Hospitals,"3-digit, ownership",5,33-1010,First-Line Supervisors of Law Enforcement Workers,broad,110,7.1,,,0,1,40.33,83880,0.7,31.78,35.12,38.8,45.49,50.44,66090,73050,80710,94610,104910,,
99,U.S.,1,US,622000,Hospitals,"3-digit, ownership",5,33-1012,First-Line Supervisors of Police and Detectives,detailed,110,6.8,,,0,1,40.33,83880,0.6,31.78,35.12,38.8,45.49,50.44,66090,73050,80710,94610,104910,,
99,U.S.,1,US,622000,Hospitals,"3-digit, ownership",5,33-1090,"Miscellaneous First-Line Supervisors, Protective Service Workers",broad,3770,0.2,,,0.07,12,32.72,68060,0.3,22.83,26.27,31.01,36.95,44.53,47490,54640,64510,76860,92620,,
99,U.S.,1,US,622000,Hospitals,"3-digit, ownership",5,33-1091,First-Line Supervisors of Security Workers,detailed,3610,0.3,,,0.07,12,32.62,67850,0.3,22.92,26.27,30.89,36.9,44.44,47680,54630,64240,76760,92430,,
99,U.S.,1,US,622000,Hospitals,"3-digit, ownership",5,33-2000,Firefighting and Prevention Workers,minor,40,7.5,,,0,~,33.35,69380,0.6,31.39,31.88,32.17,36.43,37.64,65290,66300,66910,75780,78290,,
99,U.S.,1,US,622000,Hospitals,"3-digit, ownership",5,33-3000,Law Enforcement Workers,minor,1340,0.5,,,0.02,2,31.1,64690,0.2,23.65,25.69,29.08,35.23,40,49190,53440,60490,73280,83200,,
99,U.S.,1,US,622000,Hospitals,"3-digit, ownership",5,33-3050,Police Officers,broad,1230,0.2,,,0.02,2,30.94,64340,0.2,23.75,26.3,29.02,35.19,38.67,49400,54690,60350,73190,80420,,
99,U.S.,1,US,622000,Hospitals,"3-digit, ownership",5,33-3051,Police and Sheriff's Patrol Officers,detailed,1230,0.2,,,0.02,2,30.94,64340,0.2,23.75,26.3,29.02,35.19,38.67,49400,54690,60350,73190,80420,,
99,U.S.,1,US,622000,Hospitals,"3-digit, ownership",5,33-9000,Other Protective Service Workers,minor,44150,0.1,,,0.82,25,22.8,47410,0.3,17.62,19.2,22.08,24.99,28.88,36650,39930,45920,51980,60070,,
99,U.S.,1,US,622000,Hospitals,"3-digit, ownership",5,33-9020,Private Detectives and Investigators,broad,50,0.9,,,0,~,49.26,102470,3.1,23.96,33.67,37.58,58.72,71.49,49830,70030,78170,122140,148700,,
99,U.S.,1,US,622000,Hospitals,"3-digit, ownership",5,33-9021,Private Detectives and Investigators,detailed,50,0.9,,,0,~,49.26,102470,3.1,23.96,33.67,37.58,58.72,71.49,49830,70030,78170,122140,148700,,
99,U.S.,1,US,622000,Hospitals,"3-digit, ownership",5,33-9030,Security Guards and Gambling Surveillance Officers,broad,43760,0.1,,,0.81,24,22.79,47400,0.3,17.68,19.26,22.1,24.99,28.87,36760,40060,45970,51980,60060,,
99,U.S.,1,US,622000,Hospitals,"3-digit, ownership",5,33-9032,Security Guards,detailed,43760,0.1,,,0.81,24,22.79,47400,0.3,17.68,19.26,22.1,24.99,28.87,36760,40060,45970,51980,60060,,
99,U.S.,1,US,622000,Hospitals,"3-digit, ownership",5,33-9090,Miscellaneous Protective Service Workers,broad,340,2.2,,,0.01,1,20,41600,0.8,13.87,15.31,17.74,20.5,28.73,28840,31830,36900,42640,59750,,
99,U.S.,1,US,622000,Hospitals,"3-digit, ownership",5,33-9092,"Lifeguards, Ski Patrol, and Other Recreational Protective Service Workers",detailed,200,3.9,,,0,1,16.15,33590,0.3,11.5,14.24,16.6,17.78,18.25,23920,29630,34540,36980,37970,,
99,U.S.,1,US,622000,Hospitals,"3-digit, ownership",5,33-9099,"Protective Service Workers, All Other",detailed,130,1.3,,,0,1,24.51,50980,0.6,17.13,17.86,20.47,27.28,36.1,35630,37150,42580,56730,75090,,
99,U.S.,1,US,622000,Hospitals,"3-digit, ownership",5,35-0000,Food Preparation and Serving Related Occupations,major,101760,0,,,1.88,36,20.31,42240,0.3,15.77,17.35,18.89,22.33,26.67,32800,36090,39300,46450,55480,,
99,U.S.,1,US,622000,Hospitals,"3-digit, ownership",5,35-1000,Supervisors of Food Preparation and Serving Workers,minor,8130,0.1,,,0.15,22,28.15,58550,0.4,19.64,22.8,26.98,31.73,38.28,40860,47430,56120,66000,79610,,
99,U.S.,1,US,622000,Hospitals,"3-digit, ownership",5,35-1010,Supervisors of Food Preparation and Serving Workers,broad,8130,0.1,,,0.15,22,28.15,58550,0.4,19.64,22.8,26.98,31.73,38.28,40860,47430,56120,66000,79610,,
99,U.S.,1,US,622000,Hospitals,"3-digit, ownership",5,35-1011,Chefs and Head Cooks,detailed,1290,1.1,,,0.02,6,32.31,67190,0.4,22.34,24.62,29.96,37.62,46.19,46460,51200,62320,78240,96070,,
99,U.S.,1,US,622000,Hospitals,"3-digit, ownership",5,35-1012,First-Line Supervisors of Food Preparation and Serving Workers,detailed,6830,0.2,,,0.13,20,27.37,56920,0.3,19.34,22.51,26.31,30.85,36.64,40220,46820,54730,64170,76200,,
99,U.S.,1,US,622000,Hospitals,"3-digit, ownership",5,35-2000,Cooks and Food Preparation Workers,minor,41200,0.1,,,0.76,33,20.36,42340,0.4,15.46,17.7,19.48,22.74,25.55,32160,36810,40510,47310,53140,,
99,U.S.,1,US,622000,Hospitals,"3-digit, ownership",5,35-2010,Cooks,broad,29160,0.1,,,0.54,32,20.82,43310,0.4,16.11,18.13,20.13,22.89,26.88,33510,37700,41870,47620,55910,,
99,U.S.,1,US,622000,Hospitals,"3-digit, ownership",5,35-2012,"Cooks, Institution and Cafeteria",detailed,28700,0.1,,,0.53,32,20.8,43260,0.4,16.07,18.12,20.08,22.87,26.77,33430,37700,41770,47570,55680,,
99,U.S.,1,US,622000,Hospitals,"3-digit, ownership",5,35-2014,"Cooks, Restaurant",detailed,200,1.6,,,0,~,21.93,45620,0.7,17.29,18.73,21.45,24.88,28.13,35970,38950,44610,51750,58500,,
99,U.S.,1,US,622000,Hospitals,"3-digit, ownership",5,35-2015,"Cooks, Short Order",detailed,240,2.5,,,0,1,22.72,47260,0.7,16.82,19.39,22.38,26.78,29.34,34990,40340,46540,55700,61030,,
99,U.S.,1,US,622000,Hospitals,"3-digit, ownership",5,35-2020,Food Preparation Workers,broad,12040,0.3,,,0.22,13,19.22,39990,0.4,14.58,16.94,18.48,21.67,23.86,30330,35240,38440,45070,49620,,
99,U.S.,1,US,622000,Hospitals,"3-digit, ownership",5,35-2021,Food Preparation Workers,detailed,12040,0.3,,,0.22,13,19.22,39990,0.4,14.58,16.94,18.48,21.67,23.86,30330,35240,38440,45070,49620,,
99,U.S.,1,US,622000,Hospitals,"3-digit, ownership",5,35-3000,Food and Beverage Serving Workers,minor,45030,0.1,,,0.83,24,19.08,39690,0.4,15.67,17.11,18.15,20.6,23.33,32590,35580,37750,42850,48530,,
99,U.S.,1,US,622000,Hospitals,"3-digit, ownership",5,35-3020,Fast Food and Counter Workers,broad,7790,0.4,,,0.14,9,18.96,39430,0.4,15.36,16.84,18.37,21.18,23.3,31950,35020,38210,44060,48470,,
99,U.S.,1,US,622000,Hospitals,"3-digit, ownership",5,35-3023,Fast Food and Counter Workers,detailed,7790,0.4,,,0.14,9,18.96,39430,0.4,15.36,16.84,18.37,21.18,23.3,31950,35020,38210,44060,48470,,
99,U.S.,1,US,622000,Hospitals,"3-digit, ownership",5,35-3030,Waiters and Waitresses,broad,80,1.9,,,0,~,18.52,38520,0.6,16.63,16.63,18.19,19.14,21.95,34590,34590,37840,39810,45660,,
99,U.S.,1,US,622000,Hospitals,"3-digit, ownership",5,35-3031,Waiters and Waitresses,detailed,80,1.9,,,0,~,18.52,38520,0.6,16.63,16.63,18.19,19.14,21.95,34590,34590,37840,39810,45660,,
99,U.S.,1,US,622000,Hospitals,"3-digit, ownership",5,35-3040,"Food Servers, Nonrestaurant",broad,37160,0.1,,,0.69,21,19.11,39740,0.4,15.79,17.16,18.14,20.47,23.44,32840,35700,37720,42580,48750,,
99,U.S.,1,US,622000,Hospitals,"3-digit, ownership",5,35-3041,"Food Servers, Nonrestaurant",detailed,37160,0.1,,,0.69,21,19.11,39740,0.4,15.79,17.16,18.14,20.47,23.44,32840,35700,37720,42580,48750,,
99,U.S.,1,US,622000,Hospitals,"3-digit, ownership",5,35-9000,Other Food Preparation and Serving Related Workers,minor,7400,0.2,,,0.14,9,18.92,39350,0.3,15.23,17,18.45,20.39,22.54,31690,35370,38370,42420,46890,,
99,U.S.,1,US,622000,Hospitals,"3-digit, ownership",5,35-9010,Dining Room and Cafeteria Attendants and Bartender Helpers,broad,2140,0.8,,,0.04,3,18.72,38950,0.4,14.92,16.34,17.89,20.54,22.96,31040,33980,37200,42720,47760,,
99,U.S.,1,US,622000,Hospitals,"3-digit, ownership",5,35-9011,Dining Room and Cafeteria Attendants and Bartender Helpers,detailed,2140,0.8,,,0.04,3,18.72,38950,0.4,14.92,16.34,17.89,20.54,22.96,31040,33980,37200,42720,47760,,
99,U.S.,1,US,622000,Hospitals,"3-digit, ownership",5,35-9020,Dishwashers,broad,1630,0.1,,,0.03,4,18.17,37790,0.3,15.19,16.7,17.95,19.24,20.84,31600,34730,37330,40020,43350,,
99,U.S.,1,US,622000,Hospitals,"3-digit, ownership",5,35-9021,Dishwashers,detailed,1630,0.1,,,0.03,4,18.17,37790,0.3,15.19,16.7,17.95,19.24,20.84,31600,34730,37330,40020,43350,,
99,U.S.,1,US,622000,Hospitals,"3-digit, ownership",5,35-9030,"Hosts and Hostesses, Restaurant, Lounge, and Coffee Shop",broad,2310,0.3,,,0.04,3,19.24,40010,0.3,16.5,18.04,19.09,20.79,21.58,34310,37510,39700,43240,44880,,
99,U.S.,1,US,622000,Hospitals,"3-digit, ownership",5,35-9031,"Hosts and Hostesses, Restaurant, Lounge, and Coffee Shop",detailed,2310,0.3,,,0.04,3,19.24,40010,0.3,16.5,18.04,19.09,20.79,21.58,34310,37510,39700,43240,44880,,
99,U.S.,1,US,622000,Hospitals,"3-digit, ownership",5,35-9090,Miscellaneous Food Preparation and Serving Related Workers,broad,1330,1,,,0.02,2,19.59,40740,0.4,15.57,17.36,18.57,21.61,23.54,32380,36120,38620,44940,48960,,
99,U.S.,1,US,622000,Hospitals,"3-digit, ownership",5,35-9099,"Food Preparation and Serving Related Workers, All Other",detailed,1330,1,,,0.02,2,19.59,40740,0.4,15.57,17.36,18.57,21.61,23.54,32380,36120,38620,44940,48960,,
99,U.S.,1,US,622000,Hospitals,"3-digit, ownership",5,37-0000,Building and Grounds Cleaning and Maintenance Occupations,major,158080,0,,,2.92,40,20,41600,0.2,15.44,17.23,18.54,22.18,25.78,32110,35840,38560,46140,53620,,
99,U.S.,1,US,622000,Hospitals,"3-digit, ownership",5,37-1000,Supervisors of Building and Grounds Cleaning and Maintenance Workers,minor,6610,0.1,,,0.12,20,27.75,57720,0.2,19.17,22.43,26.39,31.22,38,39870,46650,54900,64940,79040,,
99,U.S.,1,US,622000,Hospitals,"3-digit, ownership",5,37-1010,First-Line Supervisors of Building and Grounds Cleaning and Maintenance Workers,broad,6610,0.1,,,0.12,20,27.75,57720,0.2,19.17,22.43,26.39,31.22,38,39870,46650,54900,64940,79040,,
99,U.S.,1,US,622000,Hospitals,"3-digit, ownership",5,37-1011,First-Line Supervisors of Housekeeping and Janitorial Workers,detailed,6490,0.1,,,0.12,20,27.7,57620,0.2,19.14,22.38,26.3,31.08,37.99,39800,46550,54700,64650,79020,,
99,U.S.,1,US,622000,Hospitals,"3-digit, ownership",5,37-1012,"First-Line Supervisors of Landscaping, Lawn Service, and Groundskeeping Workers",detailed,120,1.2,,,0,1,30.53,63490,0.8,20.81,24.15,28.94,34.71,39.1,43290,50230,60180,72200,81320,,
99,U.S.,1,US,622000,Hospitals,"3-digit, ownership",5,37-2000,Building Cleaning and Pest Control Workers,minor,149840,0,,,2.77,39,19.64,40840,0.2,15.38,17.16,18.43,21.76,24.38,31990,35690,38330,45260,50710,,
99,U.S.,1,US,622000,Hospitals,"3-digit, ownership",5,37-2010,Building Cleaning Workers,broad,149840,0,,,2.77,39,19.64,40840,0.2,15.38,17.16,18.43,21.76,24.38,31990,35690,38330,45260,50710,,
99,U.S.,1,US,622000,Hospitals,"3-digit, ownership",5,37-2011,"Janitors and Cleaners, Except Maids and Housekeeping Cleaners",detailed,70340,0.1,,,1.3,28,19.13,39780,0.2,15.42,17.15,18.33,20.99,23.82,32070,35670,38120,43660,49550,,
99,U.S.,1,US,622000,Hospitals,"3-digit, ownership",5,37-2012,Maids and Housekeeping Cleaners,detailed,79440,0.1,,,1.47,29,20.09,41780,0.2,15.38,17.17,18.53,22.38,27.1,31980,35720,38540,46550,56360,,
99,U.S.,1,US,622000,Hospitals,"3-digit, ownership",5,37-2019,"Building Cleaning Workers, All Other",detailed,50,5.1,,,0,~,20.8,43250,1,15.17,15.82,19.15,21.5,30.1,31560,32910,39820,44720,62610,,
99,U.S.,1,US,622000,Hospitals,"3-digit, ownership",5,37-3000,Grounds Maintenance Workers,minor,1630,1.1,,,0.03,6,21.81,45370,0.5,16.37,18.01,20.79,24.16,28.83,34040,37460,43250,50260,59960,,
99,U.S.,1,US,622000,Hospitals,"3-digit, ownership",5,37-3010,Grounds Maintenance Workers,broad,1630,1.1,,,0.03,6,21.81,45370,0.5,16.37,18.01,20.79,24.16,28.83,34040,37460,43250,50260,59960,,
99,U.S.,1,US,622000,Hospitals,"3-digit, ownership",5,37-3011,Landscaping and Groundskeeping Workers,detailed,1620,1.2,,,0.03,6,21.8,45350,0.5,16.33,18.03,20.78,24.08,28.81,33960,37500,43220,50090,59920,,
99,U.S.,1,US,622000,Hospitals,"3-digit, ownership",5,39-0000,Personal Care and Service Occupations,major,11050,0.3,,,0.2,17,21.54,44800,0.3,15.17,17.36,19.65,23.92,29.56,31550,36120,40880,49760,61480,,
99,U.S.,1,US,622000,Hospitals,"3-digit, ownership",5,39-1000,Supervisors of Personal Care and Service Workers,minor,660,1.4,,,0.01,3,33.36,69390,0.4,19.93,24.13,31.19,42.96,48.16,41450,50180,64870,89350,100170,,
99,U.S.,1,US,622000,Hospitals,"3-digit, ownership",5,39-1010,First-Line Supervisors of Entertainment and Recreation Workers,broad,140,2.3,,,0,1,30.96,64400,0.8,19.47,23.79,28.43,37.2,45.45,40510,49490,59130,77380,94540,,
99,U.S.,1,US,622000,Hospitals,"3-digit, ownership",5,39-1014,"First-Line Supervisors of Entertainment and Recreation Workers, Except Gambling Services",detailed,140,2.3,,,0,1,30.96,64400,0.8,19.47,23.79,28.43,37.2,45.45,40510,49490,59130,77380,94540,,
99,U.S.,1,US,622000,Hospitals,"3-digit, ownership",5,39-1020,First-Line Supervisors of Personal Service Workers,broad,520,2.3,,,0.01,2,34.02,70760,0.4,20.13,24.33,31.37,43.89,48.35,41870,50600,65250,91300,100560,,
99,U.S.,1,US,622000,Hospitals,"3-digit, ownership",5,39-1022,First-Line Supervisors of Personal Service Workers,detailed,520,2.3,,,0.01,2,34.02,70760,0.4,20.13,24.33,31.37,43.89,48.35,41870,50600,65250,91300,100560,,
99,U.S.,1,US,622000,Hospitals,"3-digit, ownership",5,39-2000,Animal Care and Service Workers,minor,200,0.5,,,0,~,21.38,44460,0.2,17.47,19.19,22.03,22.6,27.82,36340,39910,45820,47010,57860,,
99,U.S.,1,US,622000,Hospitals,"3-digit, ownership",5,39-2020,Animal Caretakers,broad,200,0.6,,,0,~,21.44,44600,0.2,17.47,19.47,22.03,22.6,27.82,36340,40500,45820,47010,57860,,
99,U.S.,1,US,622000,Hospitals,"3-digit, ownership",5,39-2021,Animal Caretakers,detailed,200,0.6,,,0,~,21.44,44600,0.2,17.47,19.47,22.03,22.6,27.82,36340,40500,45820,47010,57860,,
99,U.S.,1,US,622000,Hospitals,"3-digit, ownership",5,39-3000,Entertainment Attendants and Related Workers,minor,150,4.7,,,0,1,18.32,38110,0.4,11.79,14.01,16.71,23.28,25.97,24520,29140,34760,48430,54020,,
99,U.S.,1,US,622000,Hospitals,"3-digit, ownership",5,39-3030,"Ushers, Lobby Attendants, and Ticket Takers",broad,30,7.8,,,0,~,18.84,39190,0.4,15.43,15.43,16.92,23.78,24.18,32090,32090,35190,49450,50300,,
99,U.S.,1,US,622000,Hospitals,"3-digit, ownership",5,39-3031,"Ushers, Lobby Attendants, and Ticket Takers",detailed,30,7.8,,,0,~,18.84,39190,0.4,15.43,15.43,16.92,23.78,24.18,32090,32090,35190,49450,50300,,
99,U.S.,1,US,622000,Hospitals,"3-digit, ownership",5,39-3090,Miscellaneous Entertainment Attendants and Related Workers,broad,110,3.9,,,0,~,18.17,37790,0.4,11,13.28,16.71,23.28,27.48,22890,27620,34760,48430,57150,,
99,U.S.,1,US,622000,Hospitals,"3-digit, ownership",5,39-3091,Amusement and Recreation Attendants,detailed,90,3.2,,,0,~,19.28,40100,0.4,13.2,13.84,16.95,23.62,28.98,27450,28800,35260,49130,60280,,
99,U.S.,1,US,622000,Hospitals,"3-digit, ownership",5,39-5000,Personal Appearance Workers,minor,180,0.5,,,0,1,27.33,56850,0.4,19.67,22.8,24.59,29.88,34.43,40920,47410,51150,62140,71610,,
99,U.S.,1,US,622000,Hospitals,"3-digit, ownership",5,39-5010,"Barbers, Hairdressers, Hairstylists and Cosmetologists",broad,60,3.9,,,0,~,25.93,53930,0.4,17.96,22.8,24.22,29.68,34.43,37350,47410,50380,61730,71610,,
99,U.S.,1,US,622000,Hospitals,"3-digit, ownership",5,39-5012,"Hairdressers, Hairstylists, and Cosmetologists",detailed,50,2.5,,,0,~,26,54070,0.6,17.96,22.8,24.22,29.68,35.02,37350,47410,50380,61730,72840,,
99,U.S.,1,US,622000,Hospitals,"3-digit, ownership",5,39-5090,Miscellaneous Personal Appearance Workers,broad,120,1.6,,,0,1,27.99,58210,0.5,20.09,22.71,25.68,29.96,34.16,41790,47240,53420,62320,71060,,
99,U.S.,1,US,622000,Hospitals,"3-digit, ownership",5,39-5094,Skincare Specialists,detailed,120,2.6,,,0,1,28.24,58730,0.5,20.65,22.93,26.17,29.96,34.93,42950,47680,54430,62320,72650,,
99,U.S.,1,US,622000,Hospitals,"3-digit, ownership",5,39-6000,"Baggage Porters, Bellhops, and Concierges",minor,1370,1.4,,,0.03,3,20.84,43340,0.6,16.27,18.13,19.88,23.02,24.81,33850,37700,41350,47880,51600,,
99,U.S.,1,US,622000,Hospitals,"3-digit, ownership",5,39-6010,"Baggage Porters, Bellhops, and Concierges",broad,1370,1.4,,,0.03,3,20.84,43340,0.6,16.27,18.13,19.88,23.02,24.81,33850,37700,41350,47880,51600,,
99,U.S.,1,US,622000,Hospitals,"3-digit, ownership",5,39-6012,Concierges,detailed,1360,1.4,,,0.03,3,20.85,43360,0.6,16.27,18.13,20.03,23.02,24.81,33850,37700,41650,47880,51600,,
99,U.S.,1,US,622000,Hospitals,"3-digit, ownership",5,39-9000,Other Personal Care and Service Workers,minor,8450,0.3,,,0.16,14,20.69,43030,0.4,14.88,17.04,19.02,23.34,28.49,30960,35430,39570,48550,59250,,
99,U.S.,1,US,622000,Hospitals,"3-digit, ownership",5,39-9010,Childcare Workers,broad,2930,0.3,,,0.05,3,18.97,39460,0.3,15,16.77,18.07,20.81,23.25,31200,34880,37590,43290,48350,,
99,U.S.,1,US,622000,Hospitals,"3-digit, ownership",5,39-9011,Childcare Workers,detailed,2930,0.3,,,0.05,3,18.97,39460,0.3,15,16.77,18.07,20.81,23.25,31200,34880,37590,43290,48350,,
99,U.S.,1,US,622000,Hospitals,"3-digit, ownership",5,39-9030,Recreation and Fitness Workers,broad,4640,0.3,,,0.09,11,21.73,45190,0.4,14.74,17.56,20.89,24.91,29.43,30660,36520,43460,51800,61220,,
99,U.S.,1,US,622000,Hospitals,"3-digit, ownership",5,39-9031,Exercise Trainers and Group Fitness Instructors,detailed,2520,0.6,,,0.05,5,23.22,48290,0.4,14.75,18.44,22.9,26.79,31.15,30680,38360,47640,55720,64790,,
99,U.S.,1,US,622000,Hospitals,"3-digit, ownership",5,39-9032,Recreation Workers,detailed,2120,0.3,,,0.04,8,19.95,41500,0.5,14.72,16.6,18.81,22.6,26.63,30610,34520,39120,47000,55400,,
99,U.S.,1,US,622000,Hospitals,"3-digit, ownership",5,39-9040,Residential Advisors,broad,460,1.9,,,0.01,1,20.88,43430,0.5,12.83,16.67,18.57,22.5,30.35,26690,34680,38630,46800,63130,,
99,U.S.,1,US,622000,Hospitals,"3-digit, ownership",5,39-9041,Residential Advisors,detailed,460,1.9,,,0.01,1,20.88,43430,0.5,12.83,16.67,18.57,22.5,30.35,26690,34680,38630,46800,63130,,
99,U.S.,1,US,622000,Hospitals,"3-digit, ownership",5,39-9090,Miscellaneous Personal Care and Service Workers,broad,420,2.1,,,0.01,1,20.96,43600,0.8,16.04,17.4,19.04,23.98,27.96,33350,36190,39600,49890,58160,,
99,U.S.,1,US,622000,Hospitals,"3-digit, ownership",5,39-9099,"Personal Care and Service Workers, All Other",detailed,420,2.1,,,0.01,1,20.96,43600,0.8,16.04,17.4,19.04,23.98,27.96,33350,36190,39600,49890,58160,,
99,U.S.,1,US,622000,Hospitals,"3-digit, ownership",5,41-0000,Sales and Related Occupations,major,7410,0.1,,,0.14,16,23.46,48790,0.4,15.82,17.4,19.53,24.68,36.71,32910,36200,40630,51320,76370,,
99,U.S.,1,US,622000,Hospitals,"3-digit, ownership",5,41-1000,Supervisors of Sales Workers,minor,630,1.4,,,0.01,3,29.99,62380,0.3,20.48,23.91,28.8,35.15,39.05,42600,49730,59890,73100,81210,,
99,U.S.,1,US,622000,Hospitals,"3-digit, ownership",5,41-1010,First-Line Supervisors of Sales Workers,broad,630,1.4,,,0.01,3,29.99,62380,0.3,20.48,23.91,28.8,35.15,39.05,42600,49730,59890,73100,81210,,
99,U.S.,1,US,622000,Hospitals,"3-digit, ownership",5,41-1011,First-Line Supervisors of Retail Sales Workers,detailed,610,1,,,0.01,3,29.61,61580,0.3,20.4,23.67,28.76,34.96,38.84,42420,49240,59820,72710,80790,,
99,U.S.,1,US,622000,Hospitals,"3-digit, ownership",5,41-2000,Retail Sales Workers,minor,5790,0,,,0.11,13,19.54,40650,0.3,15.36,17.04,18.54,21.74,24.6,31940,35450,38560,45210,51180,,
99,U.S.,1,US,622000,Hospitals,"3-digit, ownership",5,41-2010,Cashiers,broad,4190,0.2,,,0.08,10,19.73,41030,0.3,15.55,17.2,18.75,21.95,24.7,32340,35770,39010,45650,51380,,
99,U.S.,1,US,622000,Hospitals,"3-digit, ownership",5,41-2011,Cashiers,detailed,4190,0.2,,,0.08,10,19.73,41030,0.3,15.55,17.2,18.75,21.95,24.7,32340,35770,39010,45650,51380,,
99,U.S.,1,US,622000,Hospitals,"3-digit, ownership",5,41-2030,Retail Salespersons,broad,1590,0.7,,,0.03,5,19.07,39670,0.3,15.16,16.67,18.1,20.88,23.94,31540,34680,37640,43430,49790,,
99,U.S.,1,US,622000,Hospitals,"3-digit, ownership",5,41-2031,Retail Salespersons,detailed,1590,0.7,,,0.03,5,19.07,39670,0.3,15.16,16.67,18.1,20.88,23.94,31540,34680,37640,43430,49790,,
99,U.S.,1,US,622000,Hospitals,"3-digit, ownership",5,41-3000,"Sales Representatives, Services",minor,890,0.9,,,0.02,3,42.46,88310,0.6,23.41,32.14,39.86,49.49,59.47,48690,66840,82920,102940,123690,,
99,U.S.,1,US,622000,Hospitals,"3-digit, ownership",5,41-3090,"Miscellaneous Sales Representatives, Services",broad,850,0.9,,,0.02,3,43.21,89880,0.6,23.41,33.44,40.28,49.64,60.6,48700,69560,83780,103250,126040,,
99,U.S.,1,US,622000,Hospitals,"3-digit, ownership",5,41-3091,"Sales Representatives of Services, Except Advertising, Insurance, Financial Services, and Travel",detailed,850,0.9,,,0.02,3,43.21,89880,0.6,23.41,33.44,40.28,49.64,60.6,48700,69560,83780,103250,126040,,
99,U.S.,1,US,622000,Hospitals,"3-digit, ownership",5,43-0000,Office and Administrative Support Occupations,major,547610,0.1,,,10.12,71,23.97,49860,0.1,17.38,18.92,22.57,27.08,32.35,36140,39350,46940,56330,67280,,
99,U.S.,1,US,622000,Hospitals,"3-digit, ownership",5,43-1000,Supervisors of Office and Administrative Support Workers,minor,38650,0.1,,,0.71,39,36.62,76160,0.1,23.87,28.91,34.63,41.16,50.97,49650,60130,72030,85620,106010,,
99,U.S.,1,US,622000,Hospitals,"3-digit, ownership",5,43-1010,First-Line Supervisors of Office and Administrative Support Workers,broad,38650,0.1,,,0.71,39,36.62,76160,0.1,23.87,28.91,34.63,41.16,50.97,49650,60130,72030,85620,106010,,
99,U.S.,1,US,622000,Hospitals,"3-digit, ownership",5,43-1011,First-Line Supervisors of Office and Administrative Support Workers,detailed,38650,0.1,,,0.71,39,36.62,76160,0.1,23.87,28.91,34.63,41.16,50.97,49650,60130,72030,85620,106010,,
99,U.S.,1,US,622000,Hospitals,"3-digit, ownership",5,43-2000,Communications Equipment Operators,minor,10780,0.2,,,0.2,15,20.48,42590,0.1,15.47,17.39,18.94,22.52,27.26,32170,36160,39380,46850,56700,,
99,U.S.,1,US,622000,Hospitals,"3-digit, ownership",5,43-2010,"Switchboard Operators, Including Answering Service",broad,9660,0.2,,,0.18,14,20.41,42460,0.1,15.34,17.34,18.91,22.28,27.66,31910,36060,39330,46350,57540,,
99,U.S.,1,US,622000,Hospitals,"3-digit, ownership",5,43-2011,"Switchboard Operators, Including Answering Service",detailed,9660,0.2,,,0.18,14,20.41,42460,0.1,15.34,17.34,18.91,22.28,27.66,31910,36060,39330,46350,57540,,
99,U.S.,1,US,622000,Hospitals,"3-digit, ownership",5,43-2020,Telephone Operators,broad,1070,0.5,,,0.02,2,21.01,43700,0.1,16.62,17.62,19.39,24.01,27.12,34570,36660,40330,49940,56410,,
99,U.S.,1,US,622000,Hospitals,"3-digit, ownership",5,43-2021,Telephone Operators,detailed,1070,0.5,,,0.02,2,21.01,43700,0.1,16.62,17.62,19.39,24.01,27.12,34570,36660,40330,49940,56410,,
99,U.S.,1,US,622000,Hospitals,"3-digit, ownership",5,43-2090,Miscellaneous Communications Equipment Operators,broad,50,0.3,,,0,~,21.15,43980,0.7,16.36,18.53,21.31,24.11,24.99,34030,38550,44320,50140,51980,,
99,U.S.,1,US,622000,Hospitals,"3-digit, ownership",5,43-2099,"Communications Equipment Operators, All Other",detailed,50,0.3,,,0,~,21.15,43980,0.7,16.36,18.53,21.31,24.11,24.99,34030,38550,44320,50140,51980,,
99,U.S.,1,US,622000,Hospitals,"3-digit, ownership",5,43-3000,Financial Clerks,minor,49920,0.3,,,0.92,38,24.37,50690,0.1,18.27,20.52,23.45,27.76,30.71,37990,42690,48780,57730,63870,,
99,U.S.,1,US,622000,Hospitals,"3-digit, ownership",5,43-3010,Bill and Account Collectors,broad,6130,0.8,,,0.11,8,24.22,50370,0.1,18.46,20.44,23.25,27.07,29.72,38390,42510,48360,56300,61820,,
99,U.S.,1,US,622000,Hospitals,"3-digit, ownership",5,43-3011,Bill and Account Collectors,detailed,6130,0.8,,,0.11,8,24.22,50370,0.1,18.46,20.44,23.25,27.07,29.72,38390,42510,48360,56300,61820,,
99,U.S.,1,US,622000,Hospitals,"3-digit, ownership",5,43-3020,Billing and Posting Clerks,broad,25350,0.3,,,0.47,27,23.94,49790,0.1,18.31,20.32,23.23,27.01,29.66,38090,42260,48320,56180,61700,,
99,U.S.,1,US,622000,Hospitals,"3-digit, ownership",5,43-3021,Billing and Posting Clerks,detailed,25350,0.3,,,0.47,27,23.94,49790,0.1,18.31,20.32,23.23,27.01,29.66,38090,42260,48320,56180,61700,,
99,U.S.,1,US,622000,Hospitals,"3-digit, ownership",5,43-3030,"Bookkeeping, Accounting, and Auditing Clerks",broad,13470,0.4,,,0.25,23,25.03,52050,0.1,18.45,21.39,23.88,28.29,31.61,38380,44490,49660,58840,65750,,
99,U.S.,1,US,622000,Hospitals,"3-digit, ownership",5,43-3031,"Bookkeeping, Accounting, and Auditing Clerks",detailed,13470,0.4,,,0.25,23,25.03,52050,0.1,18.45,21.39,23.88,28.29,31.61,38380,44490,49660,58840,65750,,
99,U.S.,1,US,622000,Hospitals,"3-digit, ownership",5,43-3050,Payroll and Timekeeping Clerks,broad,2120,0.2,,,0.04,8,28.64,59560,0.2,21.49,23.96,28.27,31.79,37.06,44690,49840,58810,66120,77080,,
99,U.S.,1,US,622000,Hospitals,"3-digit, ownership",5,43-3051,Payroll and Timekeeping Clerks,detailed,2120,0.2,,,0.04,8,28.64,59560,0.2,21.49,23.96,28.27,31.79,37.06,44690,49840,58810,66120,77080,,
99,U.S.,1,US,622000,Hospitals,"3-digit, ownership",5,43-3060,Procurement Clerks,broad,2320,0.3,,,0.04,8,21.77,45280,0.1,16.78,18.04,20.71,24.17,29.21,34910,37520,43090,50270,60750,,
99,U.S.,1,US,622000,Hospitals,"3-digit, ownership",5,43-3061,Procurement Clerks,detailed,2320,0.3,,,0.04,8,21.77,45280,0.1,16.78,18.04,20.71,24.17,29.21,34910,37520,43090,50270,60750,,
99,U.S.,1,US,622000,Hospitals,"3-digit, ownership",5,43-3090,Miscellaneous Financial Clerks,broad,510,1.9,,,0.01,2,24.43,50810,0.3,17.65,20.94,23.59,27.59,30.97,36720,43560,49080,57400,64410,,
99,U.S.,1,US,622000,Hospitals,"3-digit, ownership",5,43-3099,"Financial Clerks, All Other",detailed,510,1.9,,,0.01,2,24.43,50810,0.3,17.65,20.94,23.59,27.59,30.97,36720,43560,49080,57400,64410,,
99,U.S.,1,US,622000,Hospitals,"3-digit, ownership",5,43-4000,Information and Record Clerks,minor,148270,0.2,,,2.74,51,21.74,45220,0.1,16.65,18.34,21.21,23.9,28.21,34630,38150,44110,49700,58680,,
99,U.S.,1,US,622000,Hospitals,"3-digit, ownership",5,43-4020,Correspondence Clerks,broad,140,1.1,,,0,1,21.5,44730,1.4,15.09,18.27,20.64,24.64,31.14,31380,37990,42920,51240,64770,,
99,U.S.,1,US,622000,Hospitals,"3-digit, ownership",5,43-4021,Correspondence Clerks,detailed,140,1.1,,,0,1,21.5,44730,1.4,15.09,18.27,20.64,24.64,31.14,31380,37990,42920,51240,64770,,
99,U.S.,1,US,622000,Hospitals,"3-digit, ownership",5,43-4040,"Credit Authorizers, Checkers, and Clerks",broad,130,1.3,,,0,~,25.2,52410,0.2,19.65,21.72,24.27,29.01,30.82,40870,45180,50490,60340,64110,,
99,U.S.,1,US,622000,Hospitals,"3-digit, ownership",5,43-4041,"Credit Authorizers, Checkers, and Clerks",detailed,130,1.3,,,0,~,25.2,52410,0.2,19.65,21.72,24.27,29.01,30.82,40870,45180,50490,60340,64110,,
99,U.S.,1,US,622000,Hospitals,"3-digit, ownership",5,43-4050,Customer Service Representatives,broad,47430,0.1,,,0.88,27,21.96,45690,0.1,17.13,18.57,21.62,23.8,28.03,35630,38630,44960,49500,58300,,
99,U.S.,1,US,622000,Hospitals,"3-digit, ownership",5,43-4051,Customer Service Representatives,detailed,47430,0.1,,,0.88,27,21.96,45690,0.1,17.13,18.57,21.62,23.8,28.03,35630,38630,44960,49500,58300,,
99,U.S.,1,US,622000,Hospitals,"3-digit, ownership",5,43-4060,"Eligibility Interviewers, Government Programs",broad,570,0.3,,,0.01,1,26.4,54920,0.2,20.38,23.77,26.32,28.76,31.16,42380,49450,54740,59820,64800,,
99,U.S.,1,US,622000,Hospitals,"3-digit, ownership",5,43-4061,"Eligibility Interviewers, Government Programs",detailed,570,0.3,,,0.01,1,26.4,54920,0.2,20.38,23.77,26.32,28.76,31.16,42380,49450,54740,59820,64800,,
99,U.S.,1,US,622000,Hospitals,"3-digit, ownership",5,43-4070,File Clerks,broad,1630,2.3,,,0.03,5,20.22,42050,0.2,15.08,17.44,20.04,22.47,25.27,31370,36270,41670,46730,52570,,
99,U.S.,1,US,622000,Hospitals,"3-digit, ownership",5,43-4071,File Clerks,detailed,1630,2.3,,,0.03,5,20.22,42050,0.2,15.08,17.44,20.04,22.47,25.27,31370,36270,41670,46730,52570,,
99,U.S.,1,US,622000,Hospitals,"3-digit, ownership",5,43-4110,"Interviewers, Except Eligibility and Loan",broad,55570,0.4,,,1.03,30,22.23,46230,0.1,16.89,18.45,21.75,24.32,28.99,35130,38380,45240,50580,60290,,
99,U.S.,1,US,622000,Hospitals,"3-digit, ownership",5,43-4111,"Interviewers, Except Eligibility and Loan",detailed,55570,0.4,,,1.03,30,22.23,46230,0.1,16.89,18.45,21.75,24.32,28.99,35130,38380,45240,50580,60290,,
99,U.S.,1,US,622000,Hospitals,"3-digit, ownership",5,43-4120,"Library Assistants, Clerical",broad,60,1.1,,,0,~,21.46,44630,0.1,18.39,19.39,21.65,23.41,25.04,38260,40320,45020,48700,52080,,
99,U.S.,1,US,622000,Hospitals,"3-digit, ownership",5,43-4121,"Library Assistants, Clerical",detailed,60,1.1,,,0,~,21.46,44630,0.1,18.39,19.39,21.65,23.41,25.04,38260,40320,45020,48700,52080,,
99,U.S.,1,US,622000,Hospitals,"3-digit, ownership",5,43-4150,Order Clerks,broad,180,3.4,,,0,1,22.15,46070,0.2,17.33,18.99,21.74,23.85,29.45,36040,39490,45220,49600,61260,,
99,U.S.,1,US,622000,Hospitals,"3-digit, ownership",5,43-4151,Order Clerks,detailed,180,3.4,,,0,1,22.15,46070,0.2,17.33,18.99,21.74,23.85,29.45,36040,39490,45220,49600,61260,,
99,U.S.,1,US,622000,Hospitals,"3-digit, ownership",5,43-4160,"Human Resources Assistants, Except Payroll and Timekeeping",broad,4350,0.1,,,0.08,11,24.8,51590,0.1,18.61,21.28,24.08,27.98,31.11,38700,44270,50090,58200,64700,,
99,U.S.,1,US,622000,Hospitals,"3-digit, ownership",5,43-4161,"Human Resources Assistants, Except Payroll and Timekeeping",detailed,4350,0.1,,,0.08,11,24.8,51590,0.1,18.61,21.28,24.08,27.98,31.11,38700,44270,50090,58200,64700,,
99,U.S.,1,US,622000,Hospitals,"3-digit, ownership",5,43-4170,Receptionists and Information Clerks,broad,35270,0.1,,,0.65,33,20.16,41930,0.1,15.51,17.64,19.27,22.72,24.82,32270,36700,40080,47270,51630,,
99,U.S.,1,US,622000,Hospitals,"3-digit, ownership",5,43-4171,Receptionists and Information Clerks,detailed,35270,0.1,,,0.65,33,20.16,41930,0.1,15.51,17.64,19.27,22.72,24.82,32270,36700,40080,47270,51630,,
99,U.S.,1,US,622000,Hospitals,"3-digit, ownership",5,43-4180,Reservation and Transportation Ticket Agents and Travel Clerks,broad,60,5.1,,,0,~,26.23,54560,0.3,21.89,23.08,24.37,27.82,33.45,45520,48000,50690,57870,69570,,
99,U.S.,1,US,622000,Hospitals,"3-digit, ownership",5,43-4181,Reservation and Transportation Ticket Agents and Travel Clerks,detailed,60,5.1,,,0,~,26.23,54560,0.3,21.89,23.08,24.37,27.82,33.45,45520,48000,50690,57870,69570,,
99,U.S.,1,US,622000,Hospitals,"3-digit, ownership",5,43-4190,Miscellaneous Information and Record Clerks,broad,2810,0.6,,,0.05,4,23.04,47910,0.2,17.37,18.56,22.56,25.43,29.81,36130,38610,46930,52890,62010,,
99,U.S.,1,US,622000,Hospitals,"3-digit, ownership",5,43-4199,"Information and Record Clerks, All Other",detailed,2810,0.6,,,0.05,4,23.04,47910,0.2,17.37,18.56,22.56,25.43,29.81,36130,38610,46930,52890,62010,,
99,U.S.,1,US,622000,Hospitals,"3-digit, ownership",5,43-5000,"Material Recording, Scheduling, Dispatching, and Distributing Workers",minor,30650,0.1,,,0.57,25,23.13,48110,0.1,17.04,18.64,22.05,25.55,30.62,35440,38780,45860,53150,63690,,
99,U.S.,1,US,622000,Hospitals,"3-digit, ownership",5,43-5020,Couriers and Messengers,broad,4890,0.4,,,0.09,8,19.46,40470,0.1,15.52,16.95,18.35,21.08,24.48,32280,35260,38180,43850,50920,,
99,U.S.,1,US,622000,Hospitals,"3-digit, ownership",5,43-5021,Couriers and Messengers,detailed,4890,0.4,,,0.09,8,19.46,40470,0.1,15.52,16.95,18.35,21.08,24.48,32280,35260,38180,43850,50920,,
99,U.S.,1,US,622000,Hospitals,"3-digit, ownership",5,43-5030,Dispatchers,broad,4350,0.6,,,0.08,6,23.19,48230,0.1,17.65,19.06,22.34,25.5,29.79,36710,39650,46470,53050,61950,,
99,U.S.,1,US,622000,Hospitals,"3-digit, ownership",5,43-5031,Public Safety Telecommunicators,detailed,2060,1.1,,,0.04,3,24.69,51360,0.2,18.1,20.2,23.18,27.47,31.17,37650,42010,48200,57130,64840,,
99,U.S.,1,US,622000,Hospitals,"3-digit, ownership",5,43-5032,"Dispatchers, Except Police, Fire, and Ambulance",detailed,2290,0.1,,,0.04,4,21.83,45410,0.1,16.9,18.65,21.2,24.83,27.48,35150,38780,44100,51640,57160,,
99,U.S.,1,US,622000,Hospitals,"3-digit, ownership",5,43-5060,"Production, Planning, and Expediting Clerks",broad,8190,0.7,,,0.15,10,26.02,54120,0.1,17.77,20.18,24.11,29.39,37.93,36960,41970,50160,61120,78890,,
99,U.S.,1,US,622000,Hospitals,"3-digit, ownership",5,43-5061,"Production, Planning, and Expediting Clerks",detailed,8190,0.7,,,0.15,10,26.02,54120,0.1,17.77,20.18,24.11,29.39,37.93,36960,41970,50160,61120,78890,,
99,U.S.,1,US,622000,Hospitals,"3-digit, ownership",5,43-5070,"Shipping, Receiving, and Inventory Clerks",broad,13120,0.1,,,0.24,19,22.68,47160,0.1,17.52,18.82,22.1,25.12,29.37,36440,39150,45970,52260,61090,,
99,U.S.,1,US,622000,Hospitals,"3-digit, ownership",5,43-5071,"Shipping, Receiving, and Inventory Clerks",detailed,13120,0.1,,,0.24,19,22.68,47160,0.1,17.52,18.82,22.1,25.12,29.37,36440,39150,45970,52260,61090,,
99,U.S.,1,US,622000,Hospitals,"3-digit, ownership",5,43-5110,"Weighers, Measurers, Checkers, and Samplers, Recordkeeping",broad,100,1.5,,,0,~,23.2,48250,0.3,16.13,19.14,22.93,26.36,31.61,33550,39820,47690,54830,65750,,
99,U.S.,1,US,622000,Hospitals,"3-digit, ownership",5,43-5111,"Weighers, Measurers, Checkers, and Samplers, Recordkeeping",detailed,100,1.5,,,0,~,23.2,48250,0.3,16.13,19.14,22.93,26.36,31.61,33550,39820,47690,54830,65750,,
99,U.S.,1,US,622000,Hospitals,"3-digit, ownership",5,43-6000,Secretaries and Administrative Assistants,minor,222380,0.1,,,4.11,58,23.76,49410,0.1,17.79,19.15,22.62,26.69,31.21,37010,39840,47050,55510,64920,,
99,U.S.,1,US,622000,Hospitals,"3-digit, ownership",5,43-6010,Secretaries and Administrative Assistants,broad,222380,0.1,,,4.11,58,23.76,49410,0.1,17.79,19.15,22.62,26.69,31.21,37010,39840,47050,55510,64920,,
99,U.S.,1,US,622000,Hospitals,"3-digit, ownership",5,43-6011,Executive Secretaries and Executive Administrative Assistants,detailed,15170,0.1,,,0.28,25,34.88,72550,0.1,24.72,29.84,33.24,38.95,47.29,51420,62070,69150,81020,98360,,
99,U.S.,1,US,622000,Hospitals,"3-digit, ownership",5,43-6012,Legal Secretaries and Administrative Assistants,detailed,90,4.9,,,0,~,31.25,64990,0.3,22.77,25.36,30.5,35.41,39.76,47360,52750,63440,73650,82700,,
99,U.S.,1,US,622000,Hospitals,"3-digit, ownership",5,43-6013,Medical Secretaries and Administrative Assistants,detailed,171100,0.1,,,3.16,52,22.64,47080,0.1,17.64,18.82,22.11,24.24,29.25,36690,39150,45980,50420,60830,,
99,U.S.,1,US,622000,Hospitals,"3-digit, ownership",5,43-6014,"Secretaries and Administrative Assistants, Except Legal, Medical, and Executive",detailed,36020,0.1,,,0.67,31,24.38,50710,0.1,18.47,20.44,23.54,28.2,30.7,38420,42520,48960,58650,63860,,
99,U.S.,1,US,622000,Hospitals,"3-digit, ownership",5,43-9000,Other Office and Administrative Support Workers,minor,46960,0.1,,,0.87,36,22.57,46940,0.1,16.28,18.44,21.72,24.91,29.67,33860,38360,45180,51810,61710,,
99,U.S.,1,US,622000,Hospitals,"3-digit, ownership",5,43-9020,Data Entry and Information Processing Workers,broad,1940,0.6,,,0.04,6,23.31,48490,0.1,17.31,19.88,23.05,25.5,29.08,36000,41350,47940,53030,60490,,
99,U.S.,1,US,622000,Hospitals,"3-digit, ownership",5,43-9021,Data Entry Keyers,detailed,1580,0.5,,,0.03,5,23.31,48480,0.2,17.55,19.65,22.62,25.18,30.03,36500,40880,47060,52380,62470,,
99,U.S.,1,US,622000,Hospitals,"3-digit, ownership",5,43-9022,Word Processors and Typists,detailed,360,1.1,,,0.01,1,23.32,48500,0.4,16.59,20.6,24.24,25.92,28,34500,42840,50420,53920,58240,,
99,U.S.,1,US,622000,Hospitals,"3-digit, ownership",5,43-9030,Desktop Publishers,broad,50,6.2,,,0,~,29.1,60520,1.6,21.37,24.29,30.07,33.47,33.5,44440,50530,62540,69620,69670,,
99,U.S.,1,US,622000,Hospitals,"3-digit, ownership",5,43-9031,Desktop Publishers,detailed,50,6.2,,,0,~,29.1,60520,1.6,21.37,24.29,30.07,33.47,33.5,44440,50530,62540,69620,69670,,
99,U.S.,1,US,622000,Hospitals,"3-digit, ownership",5,43-9040,Insurance Claims and Policy Processing Clerks,broad,2250,2,,,0.04,4,24.55,51070,0.3,18.04,20.35,23.82,27.92,30.91,37510,42330,49550,58080,64290,,
99,U.S.,1,US,622000,Hospitals,"3-digit, ownership",5,43-9041,Insurance Claims and Policy Processing Clerks,detailed,2250,2,,,0.04,4,24.55,51070,0.3,18.04,20.35,23.82,27.92,30.91,37510,42330,49550,58080,64290,,
99,U.S.,1,US,622000,Hospitals,"3-digit, ownership",5,43-9050,"Mail Clerks and Mail Machine Operators, Except Postal Service",broad,830,1.1,,,0.02,4,20.61,42860,0.2,16.36,17.85,20.1,23,26.37,34040,37130,41810,47830,54850,,
99,U.S.,1,US,622000,Hospitals,"3-digit, ownership",5,43-9051,"Mail Clerks and Mail Machine Operators, Except Postal Service",detailed,830,1.1,,,0.02,4,20.61,42860,0.2,16.36,17.85,20.1,23,26.37,34040,37130,41810,47830,54850,,
99,U.S.,1,US,622000,Hospitals,"3-digit, ownership",5,43-9060,"Office Clerks, General",broad,37730,0.1,,,0.7,32,22.2,46170,0.1,16.01,18.29,21.42,24.71,29.1,33300,38030,44550,51400,60540,,
99,U.S.,1,US,622000,Hospitals,"3-digit, ownership",5,43-9061,"Office Clerks, General",detailed,37730,0.1,,,0.7,32,22.2,46170,0.1,16.01,18.29,21.42,24.71,29.1,33300,38030,44550,51400,60540,,
99,U.S.,1,US,622000,Hospitals,"3-digit, ownership",5,43-9070,"Office Machine Operators, Except Computer",broad,710,0.9,,,0.01,2,21.01,43700,0.2,16.12,18.22,20.53,23.24,25.21,33530,37890,42700,48340,52430,,
99,U.S.,1,US,622000,Hospitals,"3-digit, ownership",5,43-9071,"Office Machine Operators, Except Computer",detailed,710,0.9,,,0.01,2,21.01,43700,0.2,16.12,18.22,20.53,23.24,25.21,33530,37890,42700,48340,52430,,
99,U.S.,1,US,622000,Hospitals,"3-digit, ownership",5,43-9110,Statistical Assistants,broad,230,1.1,,,0,1,25.96,53990,0.4,20.93,23.08,24.8,27.08,30.45,43530,48010,51590,56330,63340,,
99,U.S.,1,US,622000,Hospitals,"3-digit, ownership",5,43-9111,Statistical Assistants,detailed,230,1.1,,,0,1,25.96,53990,0.4,20.93,23.08,24.8,27.08,30.45,43530,48010,51590,56330,63340,,
99,U.S.,1,US,622000,Hospitals,"3-digit, ownership",5,43-9190,Miscellaneous Office and Administrative Support Workers,broad,3210,0.1,,,0.06,6,25.63,53320,0.1,17.35,19.41,24.03,29.48,36.86,36090,40370,49980,61320,76660,,
99,U.S.,1,US,622000,Hospitals,"3-digit, ownership",5,43-9199,"Office and Administrative Support Workers, All Other",detailed,3210,0.1,,,0.06,6,25.63,53320,0.1,17.35,19.41,24.03,29.48,36.86,36090,40370,49980,61320,76660,,
99,U.S.,1,US,622000,Hospitals,"3-digit, ownership",5,47-0000,Construction and Extraction Occupations,major,10190,0.1,,,0.19,15,34.84,72470,0.2,24.4,29.08,33.93,39.2,46.62,50760,60480,70580,81530,96980,,
99,U.S.,1,US,622000,Hospitals,"3-digit, ownership",5,47-1000,Supervisors of Construction and Extraction Workers,minor,360,1.5,,,0.01,2,44.53,92620,0.5,32.97,37.23,43.68,50.74,56.95,68580,77440,90850,105550,118460,,
99,U.S.,1,US,622000,Hospitals,"3-digit, ownership",5,47-1010,First-Line Supervisors of Construction Trades and Extraction Workers,broad,360,1.5,,,0.01,2,44.53,92620,0.5,32.97,37.23,43.68,50.74,56.95,68580,77440,90850,105550,118460,,
99,U.S.,1,US,622000,Hospitals,"3-digit, ownership",5,47-1011,First-Line Supervisors of Construction Trades and Extraction Workers,detailed,360,1.5,,,0.01,2,44.53,92620,0.5,32.97,37.23,43.68,50.74,56.95,68580,77440,90850,105550,118460,,
99,U.S.,1,US,622000,Hospitals,"3-digit, ownership",5,47-2000,Construction Trades Workers,minor,9550,0.2,,,0.18,14,34.5,71750,0.3,24.41,29.01,33.61,38.85,45.46,50760,60330,69910,80810,94550,,
99,U.S.,1,US,622000,Hospitals,"3-digit, ownership",5,47-2010,Boilermakers,broad,70,5.9,,,0,~,31.53,65570,0.5,24.91,26,31.45,35.15,38.79,51810,54090,65410,73120,80680,,
99,U.S.,1,US,622000,Hospitals,"3-digit, ownership",5,47-2011,Boilermakers,detailed,70,5.9,,,0,~,31.53,65570,0.5,24.91,26,31.45,35.15,38.79,51810,54090,65410,73120,80680,,
99,U.S.,1,US,622000,Hospitals,"3-digit, ownership",5,47-2030,Carpenters,broad,2100,0.7,,,0.04,6,34,70730,0.2,24.26,29.02,33.24,37.98,43.94,50470,60360,69140,79000,91400,,
99,U.S.,1,US,622000,Hospitals,"3-digit, ownership",5,47-2031,Carpenters,detailed,2100,0.7,,,0.04,6,34,70730,0.2,24.26,29.02,33.24,37.98,43.94,50470,60360,69140,79000,91400,,
99,U.S.,1,US,622000,Hospitals,"3-digit, ownership",5,47-2060,Construction Laborers,broad,170,1.4,,,0,~,28.34,58940,0.5,20.26,24.04,27.7,31.27,38.01,42130,50010,57620,65050,79060,,
99,U.S.,1,US,622000,Hospitals,"3-digit, ownership",5,47-2061,Construction Laborers,detailed,170,1.4,,,0,~,28.34,58940,0.5,20.26,24.04,27.7,31.27,38.01,42130,50010,57620,65050,79060,,
99,U.S.,1,US,622000,Hospitals,"3-digit, ownership",5,47-2070,Construction Equipment Operators,broad,40,1.6,,,0,~,29.45,61260,0.7,21.05,27.76,30.29,32.57,35.26,43780,57730,63010,67740,73340,,
99,U.S.,1,US,622000,Hospitals,"3-digit, ownership",5,47-2073,Operating Engineers and Other Construction Equipment Operators,detailed,40,1.6,,,0,~,29.45,61260,0.7,21.05,27.76,30.29,32.57,35.26,43780,57730,63010,67740,73340,,
99,U.S.,1,US,622000,Hospitals,"3-digit, ownership",5,47-2110,Electricians,broad,3110,0.1,,,0.06,10,36.94,76830,0.3,28.03,31.24,36.47,41.19,47.31,58300,64980,75850,85680,98400,,
99,U.S.,1,US,622000,Hospitals,"3-digit, ownership",5,47-2111,Electricians,detailed,3110,0.1,,,0.06,10,36.94,76830,0.3,28.03,31.24,36.47,41.19,47.31,58300,64980,75850,85680,98400,,
99,U.S.,1,US,622000,Hospitals,"3-digit, ownership",5,47-2140,Painters and Paperhangers,broad,2030,0.7,,,0.04,8,29.92,62230,0.2,22.04,24.53,29.01,34.17,38.64,45850,51020,60340,71070,80360,,
99,U.S.,1,US,622000,Hospitals,"3-digit, ownership",5,47-2141,"Painters, Construction and Maintenance",detailed,2030,0.7,,,0.04,8,29.93,62260,0.2,22.06,24.53,29.04,34.17,38.64,45880,51030,60390,71070,80360,,
99,U.S.,1,US,622000,Hospitals,"3-digit, ownership",5,47-2150,"Pipelayers, Plumbers, Pipefitters, and Steamfitters",broad,1960,0.6,,,0.04,7,36.76,76460,0.3,28.01,31.02,36.05,40.4,49.14,58260,64510,74980,84030,102210,,
99,U.S.,1,US,622000,Hospitals,"3-digit, ownership",5,47-2152,"Plumbers, Pipefitters, and Steamfitters",detailed,1960,0.6,,,0.04,7,36.76,76460,0.3,28.01,31.01,36.05,40.4,49.14,58260,64510,74980,84030,102210,,
99,U.S.,1,US,622000,Hospitals,"3-digit, ownership",5,47-2160,Plasterers and Stucco Masons,broad,60,1.8,,,0,~,33.45,69570,0.3,30.03,30.92,32.47,38.29,38.29,62470,64310,67540,79640,79640,,
99,U.S.,1,US,622000,Hospitals,"3-digit, ownership",5,47-2161,Plasterers and Stucco Masons,detailed,60,1.8,,,0,~,33.45,69570,0.3,30.03,30.92,32.47,38.29,38.29,62470,64310,67540,79640,79640,,
99,U.S.,1,US,622000,Hospitals,"3-digit, ownership",5,47-4000,Other Construction and Related Workers,minor,260,1.1,,,0,1,34.51,71780,0.8,22.1,25.52,30.1,45.4,51.08,45970,53090,62610,94430,106250,,
99,U.S.,1,US,622000,Hospitals,"3-digit, ownership",5,47-4040,Hazardous Materials Removal Workers,broad,180,1.5,,,0,~,30.4,63220,0.3,21.21,24.4,29.82,33.4,37.02,44110,50760,62030,69480,77010,,
99,U.S.,1,US,622000,Hospitals,"3-digit, ownership",5,47-4041,Hazardous Materials Removal Workers,detailed,180,1.5,,,0,~,30.4,63220,0.3,21.21,24.4,29.82,33.4,37.02,44110,50760,62030,69480,77010,,
99,U.S.,1,US,622000,Hospitals,"3-digit, ownership",5,47-4090,Miscellaneous Construction and Related Workers,broad,70,0.5,,,0,~,44.81,93210,2,27.73,42.37,47.56,49.98,51.38,57670,88130,98920,103950,106870,,
99,U.S.,1,US,622000,Hospitals,"3-digit, ownership",5,47-4090,Miscellaneous Construction and Related Workers,detailed,70,0.5,,,0,~,44.81,93210,2,27.73,42.37,47.56,49.98,51.38,57670,88130,98920,103950,106870,,
99,U.S.,1,US,622000,Hospitals,"3-digit, ownership",5,49-0000,"Installation, Maintenance, and Repair Occupations",major,42600,0.1,,,0.79,40,31.74,66020,0.1,20.69,24.23,29.88,37.11,45.92,43020,50400,62150,77180,95510,,
99,U.S.,1,US,622000,Hospitals,"3-digit, ownership",5,49-1000,"Supervisors of Installation, Maintenance, and Repair Workers",minor,3800,0.1,,,0.07,17,41.36,86030,0.3,28.32,33.89,39.76,47.51,57,58900,70490,82690,98830,118560,,
99,U.S.,1,US,622000,Hospitals,"3-digit, ownership",5,49-1010,"First-Line Supervisors of Mechanics, Installers, and Repairers",broad,3800,0.1,,,0.07,17,41.36,86030,0.3,28.32,33.89,39.76,47.51,57,58900,70490,82690,98830,118560,,
99,U.S.,1,US,622000,Hospitals,"3-digit, ownership",5,49-1011,"First-Line Supervisors of Mechanics, Installers, and Repairers",detailed,3800,0.1,,,0.07,17,41.36,86030,0.3,28.32,33.89,39.76,47.51,57,58900,70490,82690,98830,118560,,
99,U.S.,1,US,622000,Hospitals,"3-digit, ownership",5,49-2000,"Electrical and Electronic Equipment Mechanics, Installers, and Repairers",minor,540,0.5,,,0.01,2,33.39,69450,0.4,20.71,27.53,32.05,38.72,48.17,43070,57250,66660,80540,100190,,
99,U.S.,1,US,622000,Hospitals,"3-digit, ownership",5,49-2010,"Computer, Automated Teller, and Office Machine Repairers",broad,70,4.6,,,0,~,25.79,53630,0.3,12.75,19.55,25.57,31.23,37.49,26520,40670,53180,64950,77980,,
99,U.S.,1,US,622000,Hospitals,"3-digit, ownership",5,49-2011,"Computer, Automated Teller, and Office Machine Repairers",detailed,70,4.6,,,0,~,25.79,53630,0.3,12.75,19.55,25.57,31.23,37.49,26520,40670,53180,64950,77980,,
99,U.S.,1,US,622000,Hospitals,"3-digit, ownership",5,49-2020,Radio and Telecommunications Equipment Installers and Repairers,broad,170,3.5,,,0,1,31.09,64670,1.1,18.02,22.75,29.99,38.52,45.71,37480,47310,62370,80120,95070,,
99,U.S.,1,US,622000,Hospitals,"3-digit, ownership",5,49-2022,"Telecommunications Equipment Installers and Repairers, Except Line Installers",detailed,170,3.5,,,0,1,31.09,64670,1.1,18.02,22.75,29.99,38.52,45.71,37480,47310,62370,80120,95070,,
99,U.S.,1,US,622000,Hospitals,"3-digit, ownership",5,49-2090,"Miscellaneous Electrical and Electronic Equipment Mechanics, Installers, and Repairers",broad,300,0.3,,,0.01,1,36.37,75650,0.3,28.96,29.63,35.31,40.86,51.68,60230,61630,73450,84990,107500,,
99,U.S.,1,US,622000,Hospitals,"3-digit, ownership",5,49-2094,"Electrical and Electronics Repairers, Commercial and Industrial Equipment",detailed,230,0.9,,,0,~,37.16,77290,0.7,28.96,28.96,36,45.52,51.68,60230,60230,74880,94690,107500,,
99,U.S.,1,US,622000,Hospitals,"3-digit, ownership",5,49-2098,Security and Fire Alarm Systems Installers,detailed,60,3.1,,,0,~,33.55,69790,0.6,27.13,31.12,33.76,35.5,43.39,56430,64730,70210,73830,90250,,
99,U.S.,1,US,622000,Hospitals,"3-digit, ownership",5,49-3000,"Vehicle and Mobile Equipment Mechanics, Installers, and Repairers",minor,210,4.4,,,0,1,30.98,64430,0.4,22.9,24.4,29.68,33.77,41.92,47640,50750,61740,70230,87190,,
99,U.S.,1,US,622000,Hospitals,"3-digit, ownership",5,49-3020,Automotive Technicians and Repairers,broad,150,4,,,0,~,29.34,61020,0.4,22.45,23.9,29.08,32.6,37.57,46700,49710,60480,67810,78150,,
99,U.S.,1,US,622000,Hospitals,"3-digit, ownership",5,49-3023,Automotive Service Technicians and Mechanics,detailed,150,4,,,0,~,29.34,61020,0.4,22.45,23.9,29.08,32.6,37.57,46700,49710,60480,67810,78150,,
99,U.S.,1,US,622000,Hospitals,"3-digit, ownership",5,49-9000,"Other Installation, Maintenance, and Repair Occupations",minor,38060,0.1,,,0.7,39,30.76,63980,0.1,20.13,23.83,29.41,36.02,43.18,41880,49570,61180,74910,89810,,
99,U.S.,1,US,622000,Hospitals,"3-digit, ownership",5,49-9020,"Heating, Air Conditioning, and Refrigeration Mechanics and Installers",broad,3560,1.1,,,0.07,10,34.43,71610,0.2,25.42,29.42,33.44,38.62,44.27,52860,61190,69550,80340,92080,,
99,U.S.,1,US,622000,Hospitals,"3-digit, ownership",5,49-9021,"Heating, Air Conditioning, and Refrigeration Mechanics and Installers",detailed,3560,1.1,,,0.07,10,34.43,71610,0.2,25.42,29.42,33.44,38.62,44.27,52860,61190,69550,80340,92080,,
99,U.S.,1,US,622000,Hospitals,"3-digit, ownership",5,49-9040,"Industrial Machinery Installation, Repair, and Maintenance Workers",broad,360,0.6,,,0.01,1,32.84,68300,0.4,20.86,26.35,32.79,36.95,42.5,43390,54800,68200,76850,88390,,
99,U.S.,1,US,622000,Hospitals,"3-digit, ownership",5,49-9041,Industrial Machinery Mechanics,detailed,200,0.4,,,0,~,35.75,74350,0.2,26.35,31.36,36.28,39.21,42.88,54800,65220,75470,81550,89180,,
99,U.S.,1,US,622000,Hospitals,"3-digit, ownership",5,49-9043,"Maintenance Workers, Machinery",detailed,160,1.2,,,0,~,29.19,60700,1,20.79,24.4,27.58,33.4,38.78,43240,50740,57370,69470,80660,,
99,U.S.,1,US,622000,Hospitals,"3-digit, ownership",5,49-9050,Line Installers and Repairers,broad,60,8.8,,,0,~,32.76,68140,1,19.01,29.87,32.37,35.84,40.62,39540,62120,67330,74540,84490,,
99,U.S.,1,US,622000,Hospitals,"3-digit, ownership",5,49-9052,Telecommunications Line Installers and Repairers,detailed,60,9.1,,,0,~,32.53,67660,1.1,19.01,29.87,31.61,35.84,40.62,39540,62120,65750,74540,84490,,
99,U.S.,1,US,622000,Hospitals,"3-digit, ownership",5,49-9060,Precision Instrument and Equipment Repairers,broad,6290,0.4,,,0.12,11,36.39,75680,0.1,22.27,28.58,35.92,43.77,51.29,46320,59440,74720,91030,106690,,
99,U.S.,1,US,622000,Hospitals,"3-digit, ownership",5,49-9062,Medical Equipment Repairers,detailed,6260,0.4,,,0.12,11,36.44,75800,0.2,22.27,28.61,35.92,43.81,51.31,46330,59510,74720,91120,106730,,
99,U.S.,1,US,622000,Hospitals,"3-digit, ownership",5,49-9070,"Maintenance and Repair Workers, General",broad,27370,0.1,,,0.51,37,28.94,60200,0.1,19.33,23.25,28.28,32.4,38.95,40210,48360,58820,67390,81010,,
99,U.S.,1,US,622000,Hospitals,"3-digit, ownership",5,49-9071,"Maintenance and Repair Workers, General",detailed,27370,0.1,,,0.51,37,28.94,60200,0.1,19.33,23.25,28.28,32.4,38.95,40210,48360,58820,67390,81010,,
99,U.S.,1,US,622000,Hospitals,"3-digit, ownership",5,49-9090,"Miscellaneous Installation, Maintenance, and Repair Workers",broad,410,0.5,,,0.01,2,31.93,66400,0.5,21.62,25.97,30.48,36.66,44.1,44970,54030,63390,76260,91730,,
99,U.S.,1,US,622000,Hospitals,"3-digit, ownership",5,49-9094,Locksmiths and Safe Repairers,detailed,240,0.7,,,0,1,33.48,69630,0.9,24.52,28.79,31.74,37.35,44.17,51000,59870,66030,77700,91880,,
99,U.S.,1,US,622000,Hospitals,"3-digit, ownership",5,49-9098,"Helpers--Installation, Maintenance, and Repair Workers",detailed,60,3.1,,,0,~,22.97,47780,1.4,17.04,20.25,22.37,28.22,29.52,35440,42110,46530,58700,61390,,
99,U.S.,1,US,622000,Hospitals,"3-digit, ownership",5,49-9099,"Installation, Maintenance, and Repair Workers, All Other",detailed,110,1.2,,,0,~,34.24,71210,0.3,23.48,26.01,29.04,37.99,52.58,48840,54100,60410,79020,109360,,
99,U.S.,1,US,622000,Hospitals,"3-digit, ownership",5,51-0000,Production Occupations,major,11600,0.6,,,0.21,16,29.14,60600,0.2,16.24,18.15,25.08,36.83,48.71,33780,37760,52160,76600,101320,,
99,U.S.,1,US,622000,Hospitals,"3-digit, ownership",5,51-1000,Supervisors of Production Workers,minor,440,3.2,,,0.01,2,37.93,78880,0.3,22.18,27.68,35.31,45.23,59.99,46140,57570,73430,94090,124780,,
99,U.S.,1,US,622000,Hospitals,"3-digit, ownership",5,51-1010,First-Line Supervisors of Production and Operating Workers,broad,440,3.2,,,0.01,2,37.93,78880,0.3,22.18,27.68,35.31,45.23,59.99,46140,57570,73430,94090,124780,,
99,U.S.,1,US,622000,Hospitals,"3-digit, ownership",5,51-1011,First-Line Supervisors of Production and Operating Workers,detailed,440,3.2,,,0.01,2,37.93,78880,0.3,22.18,27.68,35.31,45.23,59.99,46140,57570,73430,94090,124780,,
99,U.S.,1,US,622000,Hospitals,"3-digit, ownership",5,51-3000,Food Processing Workers,minor,120,6.7,,,0,1,21.07,43820,0.5,16.36,18.65,20.52,23.35,27.41,34030,38780,42670,48560,57010,,
99,U.S.,1,US,622000,Hospitals,"3-digit, ownership",5,51-3010,Bakers,broad,120,6.7,,,0,1,21.07,43820,0.5,16.36,18.65,20.52,23.35,27.41,34030,38780,42670,48560,57010,,
99,U.S.,1,US,622000,Hospitals,"3-digit, ownership",5,51-3011,Bakers,detailed,120,6.7,,,0,1,21.07,43820,0.5,16.36,18.65,20.52,23.35,27.41,34030,38780,42670,48560,57010,,
99,U.S.,1,US,622000,Hospitals,"3-digit, ownership",5,51-5100,Printing Workers,minor,130,6,,,0,1,23.18,48220,0.8,17.83,20.91,22.71,25.15,28.74,37090,43500,47230,52310,59780,,
99,U.S.,1,US,622000,Hospitals,"3-digit, ownership",5,51-5110,Printing Workers,broad,130,6,,,0,1,23.18,48220,0.8,17.83,20.91,22.71,25.15,28.74,37090,43500,47230,52310,59780,,
99,U.S.,1,US,622000,Hospitals,"3-digit, ownership",5,51-5112,Printing Press Operators,detailed,100,7.8,,,0,1,23.89,49690,1.4,19.1,20.97,23.03,26.49,30.31,39730,43610,47910,55100,63030,,
99,U.S.,1,US,622000,Hospitals,"3-digit, ownership",5,51-5113,Print Binding and Finishing Workers,detailed,30,3.4,,,0,~,20.86,43400,1.6,17.82,17.83,21.59,22.72,22.73,37060,37090,44920,47250,47270,,
99,U.S.,1,US,622000,Hospitals,"3-digit, ownership",5,51-6000,"Textile, Apparel, and Furnishings Workers",minor,5270,1.3,,,0.1,11,18.88,39270,0.2,14.95,16.62,18.02,20.7,24.04,31100,34560,37480,43060,50000,,
99,U.S.,1,US,622000,Hospitals,"3-digit, ownership",5,51-6010,Laundry and Dry-Cleaning Workers,broad,5240,1.3,,,0.1,11,18.88,39260,0.2,14.95,16.62,18.02,20.7,24.02,31090,34560,37480,43060,49960,,
99,U.S.,1,US,622000,Hospitals,"3-digit, ownership",5,51-6011,Laundry and Dry-Cleaning Workers,detailed,5240,1.3,,,0.1,11,18.88,39260,0.2,14.95,16.62,18.02,20.7,24.02,31090,34560,37480,43060,49960,,
99,U.S.,1,US,622000,Hospitals,"3-digit, ownership",5,51-8000,Plant and System Operators,minor,4930,0.3,,,0.09,9,39.88,82950,0.1,28,31.4,37.21,46.68,57.98,58250,65310,77400,97090,120590,,
99,U.S.,1,US,622000,Hospitals,"3-digit, ownership",5,51-8010,"Power Plant Operators, Distributors, and Dispatchers",broad,350,1.3,,,0.01,1,33.03,68710,0.8,26.08,29.48,32.12,36.83,40.71,54250,61330,66800,76600,84690,,
99,U.S.,1,US,622000,Hospitals,"3-digit, ownership",5,51-8013,Power Plant Operators,detailed,350,1.3,,,0.01,1,33.03,68710,0.8,26.08,29.48,32.12,36.83,40.71,54250,61330,66800,76600,84690,,
99,U.S.,1,US,622000,Hospitals,"3-digit, ownership",5,51-8020,Stationary Engineers and Boiler Operators,broad,4480,0.3,,,0.08,8,40.46,84150,0.1,28.29,31.89,37.54,48.03,58.86,58850,66330,78080,99910,122430,,
99,U.S.,1,US,622000,Hospitals,"3-digit, ownership",5,51-8021,Stationary Engineers and Boiler Operators,detailed,4480,0.3,,,0.08,8,40.46,84150,0.1,28.29,31.89,37.54,48.03,58.86,58850,66330,78080,99910,122430,,
99,U.S.,1,US,622000,Hospitals,"3-digit, ownership",5,51-8090,Miscellaneous Plant and System Operators,broad,**,**,,,**,**,32.53,67670,0.1,25.63,28.42,31.79,35.91,38.28,53310,59110,66120,74700,79630,,
99,U.S.,1,US,622000,Hospitals,"3-digit, ownership",5,51-8099,"Plant and System Operators, All Other",detailed,**,**,,,**,**,32.53,67670,0.1,25.63,28.42,31.79,35.91,38.28,53310,59110,66120,74700,79630,,
99,U.S.,1,US,622000,Hospitals,"3-digit, ownership",5,51-9000,Other Production Occupations,minor,670,0.3,,,0.01,2,27.35,56900,0.7,18.56,21.03,25.85,31.17,39.17,38610,43750,53770,64840,81480,,
99,U.S.,1,US,622000,Hospitals,"3-digit, ownership",5,51-9060,"Inspectors, Testers, Sorters, Samplers, and Weighers",broad,120,0.9,,,0,~,27.55,57310,0.7,17.14,17.34,27.88,34.26,39.17,35660,36070,58000,71250,81480,,
99,U.S.,1,US,622000,Hospitals,"3-digit, ownership",5,51-9061,"Inspectors, Testers, Sorters, Samplers, and Weighers",detailed,120,0.9,,,0,~,27.55,57310,0.7,17.14,17.34,27.88,34.26,39.17,35660,36070,58000,71250,81480,,
99,U.S.,1,US,622000,Hospitals,"3-digit, ownership",5,51-9080,Dental and Ophthalmic Laboratory Technicians and Medical Appliance Technicians,broad,430,0.7,,,0.01,2,27.44,57070,0.8,19.17,21.4,25.25,31.1,39.49,39870,44520,52510,64680,82140,,
99,U.S.,1,US,622000,Hospitals,"3-digit, ownership",5,51-9082,Medical Appliance Technicians,detailed,400,0.5,,,0.01,2,27.2,56580,0.7,19.28,21.4,25.11,30.58,39.49,40090,44520,52220,63600,82140,,
99,U.S.,1,US,622000,Hospitals,"3-digit, ownership",5,51-9120,Painting Workers,broad,40,1.9,,,0,~,30.4,63230,0.2,24.99,28.02,29.37,31.06,40.77,51980,58290,61090,64590,84800,,
99,U.S.,1,US,622000,Hospitals,"3-digit, ownership",5,51-9190,Miscellaneous Production Workers,broad,40,6.9,,,0,~,27.79,57810,0.5,17.78,18.83,28.84,34.12,39.91,36990,39160,59990,70970,83010,,
99,U.S.,1,US,622000,Hospitals,"3-digit, ownership",5,53-0000,Transportation and Material Moving Occupations,major,27790,0.1,,,0.51,25,21.69,45120,0.2,16.19,17.88,19.71,23.5,29.61,33660,37190,41010,48880,61580,,
99,U.S.,1,US,622000,Hospitals,"3-digit, ownership",5,53-1000,Supervisors of Transportation and Material Moving Workers,minor,1650,1.8,,,0.03,6,32.55,67690,0.2,22.74,25.96,31.24,37.01,44.65,47300,53990,64980,76980,92870,,
99,U.S.,1,US,622000,Hospitals,"3-digit, ownership",5,53-1040,First-Line Supervisors of Transportation and Material Moving Workers,broad,1650,1.8,,,0.03,6,32.55,67690,0.2,22.74,25.96,31.24,37.01,44.65,47300,53990,64980,76980,92870,,
99,U.S.,1,US,622000,Hospitals,"3-digit, ownership",5,53-1047,"First-Line Supervisors of Transportation and Material Moving Workers, Except Aircraft Cargo Handling Supervisors",detailed,1650,1.8,,,0.03,6,32.55,67690,0.2,22.74,25.96,31.24,37.01,44.65,47300,53990,64980,76980,92870,,
99,U.S.,1,US,622000,Hospitals,"3-digit, ownership",5,53-2000,Air Transportation Workers,minor,130,9.3,,,0,~,*,122280,1.5,*,*,*,*,*,99670,110890,121350,128410,133190,TRUE,
99,U.S.,1,US,622000,Hospitals,"3-digit, ownership",5,53-2010,Aircraft Pilots and Flight Engineers,broad,130,9.3,,,0,~,*,122280,1.5,*,*,*,*,*,99670,110890,121350,128410,133190,TRUE,
99,U.S.,1,US,622000,Hospitals,"3-digit, ownership",5,53-2012,Commercial Pilots,detailed,130,9.3,,,0,~,*,122280,1.5,*,*,*,*,*,99670,110890,121350,128410,133190,TRUE,
99,U.S.,1,US,622000,Hospitals,"3-digit, ownership",5,53-3000,Motor Vehicle Operators,minor,5600,0.6,,,0.1,12,19.66,40900,0.2,14.69,16.85,18.64,21.87,25.59,30550,35050,38770,45500,53240,,
99,U.S.,1,US,622000,Hospitals,"3-digit, ownership",5,53-3010,"Ambulance Drivers and Attendants, Except Emergency Medical Technicians",broad,940,0.9,,,0.02,2,19.49,40530,0.4,14.12,16.69,18.36,21.3,27.92,29360,34710,38180,44310,58070,,
99,U.S.,1,US,622000,Hospitals,"3-digit, ownership",5,53-3011,"Ambulance Drivers and Attendants, Except Emergency Medical Technicians",detailed,940,0.9,,,0.02,2,19.49,40530,0.4,14.12,16.69,18.36,21.3,27.92,29360,34710,38180,44310,58070,,
99,U.S.,1,US,622000,Hospitals,"3-digit, ownership",5,53-3030,Driver/Sales Workers and Truck Drivers,broad,1130,0.8,,,0.02,3,21.47,44660,0.2,15.96,17.5,21.51,24.8,28.02,33200,36400,44740,51580,58280,,
99,U.S.,1,US,622000,Hospitals,"3-digit, ownership",5,53-3032,Heavy and Tractor-Trailer Truck Drivers,detailed,230,2.1,,,0,1,22.06,45880,0.9,16.75,18.18,21.58,24.8,27.89,34830,37810,44890,51580,58020,,
99,U.S.,1,US,622000,Hospitals,"3-digit, ownership",5,53-3033,Light Truck Drivers,detailed,890,0.6,,,0.02,2,21.34,44390,0.3,15.66,17.48,20.95,24.8,28.22,32560,36360,43580,51590,58700,,
99,U.S.,1,US,622000,Hospitals,"3-digit, ownership",5,53-3050,Passenger Vehicle Drivers,broad,3490,0.5,,,0.06,9,19.1,39720,0.2,14.65,16.6,18.43,20.91,24.07,30480,34540,38330,43480,50060,,
99,U.S.,1,US,622000,Hospitals,"3-digit, ownership",5,53-3052,"Bus Drivers, Transit and Intercity",detailed,40,8.4,,,0,~,15.82,32910,0.3,13.61,14.12,14.12,18.11,18.71,28320,29370,29370,37660,38910,,
99,U.S.,1,US,622000,Hospitals,"3-digit, ownership",5,53-3053,Shuttle Drivers and Chauffeurs,detailed,3450,0.6,,,0.06,9,19.14,39810,0.2,14.76,16.64,18.43,20.94,24.1,30700,34610,38340,43540,50130,,
99,U.S.,1,US,622000,Hospitals,"3-digit, ownership",5,53-3090,Miscellaneous Motor Vehicle Operators,broad,50,3.6,,,0,~,21.75,45240,0.8,17.64,18.56,19.82,25.18,26.92,36680,38600,41220,52360,55990,,
99,U.S.,1,US,622000,Hospitals,"3-digit, ownership",5,53-3099,"Motor Vehicle Operators, All Other",detailed,50,3.6,,,0,~,21.75,45240,0.8,17.64,18.56,19.82,25.18,26.92,36680,38600,41220,52360,55990,,
99,U.S.,1,US,622000,Hospitals,"3-digit, ownership",5,53-6000,Other Transportation Workers,minor,1670,1.2,,,0.03,2,18.21,37880,0.4,15.02,16.34,17.92,19.36,22.34,31240,33980,37270,40260,46460,,
99,U.S.,1,US,622000,Hospitals,"3-digit, ownership",5,53-6020,Parking Attendants,broad,1560,1.4,,,0.03,2,18.12,37700,0.4,14.88,16.54,18.02,19.21,21.87,30950,34400,37490,39960,45490,,
99,U.S.,1,US,622000,Hospitals,"3-digit, ownership",5,53-6021,Parking Attendants,detailed,1560,1.4,,,0.03,2,18.12,37700,0.4,14.88,16.54,18.02,19.21,21.87,30950,34400,37490,39960,45490,,
99,U.S.,1,US,622000,Hospitals,"3-digit, ownership",5,53-6090,Miscellaneous Transportation Workers,broad,120,1.5,,,0,~,19.39,40340,0.7,15.96,16.13,16.13,22.62,28.7,33200,33560,33560,47050,59690,,
99,U.S.,1,US,622000,Hospitals,"3-digit, ownership",5,53-6099,"Transportation Workers, All Other",detailed,120,1.5,,,0,~,19.39,40340,0.7,15.96,16.13,16.13,22.62,28.7,33200,33560,33560,47050,59690,,
99,U.S.,1,US,622000,Hospitals,"3-digit, ownership",5,53-7000,Material Moving Workers,minor,18740,0,,,0.35,18,21.39,44490,0.2,16.81,18.22,19.92,23.29,28.57,34960,37900,41440,48450,59420,,
99,U.S.,1,US,622000,Hospitals,"3-digit, ownership",5,53-7050,Industrial Truck and Tractor Operators,broad,**,**,,,**,**,21.01,43710,0.4,19.71,19.87,21.13,22.09,22.09,40990,41330,43950,45950,45950,,
99,U.S.,1,US,622000,Hospitals,"3-digit, ownership",5,53-7051,Industrial Truck and Tractor Operators,detailed,**,**,,,**,**,21.01,43710,0.4,19.71,19.87,21.13,22.09,22.09,40990,41330,43950,45950,45950,,
99,U.S.,1,US,622000,Hospitals,"3-digit, ownership",5,53-7060,Laborers and Material Movers,broad,18330,0,,,0.34,18,21.46,44630,0.2,16.87,18.22,20.01,23.35,28.69,35090,37900,41610,48560,59670,,
99,U.S.,1,US,622000,Hospitals,"3-digit, ownership",5,53-7061,Cleaners of Vehicles and Equipment,detailed,**,**,,,**,**,17.28,35940,1.7,14.8,16.31,16.53,19.59,20.44,30790,33920,34380,40740,42510,,
99,U.S.,1,US,622000,Hospitals,"3-digit, ownership",5,53-7062,"Laborers and Freight, Stock, and Material Movers, Hand",detailed,4360,0.1,,,0.08,5,20.61,42860,0.2,16.43,17.97,19.34,22.62,25.76,34170,37380,40230,47040,53590,,
99,U.S.,1,US,622000,Hospitals,"3-digit, ownership",5,53-7065,Stockers and Order Fillers,detailed,13910,0,,,0.26,15,21.75,45230,0.2,17.01,18.31,20.28,23.52,29.35,35370,38080,42180,48920,61050,,
99,U.S.,1,US,622000,Hospitals,"3-digit, ownership",5,53-7080,Refuse and Recyclable Material Collectors,broad,**,**,,,**,**,17.1,35570,0.3,15.42,15.42,15.42,18.86,19.52,32070,32070,32070,39220,40600,,
99,U.S.,1,US,622000,Hospitals,"3-digit, ownership",5,53-7081,Refuse and Recyclable Material Collectors,detailed,**,**,,,**,**,17.1,35570,0.3,15.42,15.42,15.42,18.86,19.52,32070,32070,32070,39220,40600,,
99,U.S.,1,US,622000,Hospitals,"3-digit, ownership",5,53-7190,Miscellaneous Material Moving Workers,broad,200,0.9,,,0,~,18.76,39010,0.1,17.67,18.4,18.4,18.4,18.6,36760,38260,38260,38260,38680,,
99,U.S.,1,US,622000,Hospitals,"3-digit, ownership",5,53-7199,"Material Moving Workers, All Other",detailed,200,0.9,,,0,~,18.76,39010,0.1,17.67,18.4,18.4,18.4,18.6,36760,38260,38260,38260,38680,,
